price,accommodates,bedrooms,bathrooms,number_of_reviews,review_scores_rating,dist_km,room_type,distrito,superhost
83.0,4,2.0,1.0,188,4.61,1.54,Entire home/apt,LA SAIDIA,0
315.0,10,5.0,4.0,299,4.67,4.14,Entire home/apt,POBLATS MARITIMS,0
109.0,4,1.0,1.0,563,4.87,0.54,Entire home/apt,EXTRAMURS,1
119.0,5,2.0,2.0,185,4.84,1.17,Entire home/apt,CIUTAT VELLA,1
51.0,2,1.0,1.0,373,4.88,4.07,Private room,POBLATS MARITIMS,1
50.0,1,1.0,1.0,264,4.85,3.87,Private room,POBLATS MARITIMS,1
357.0,5,2.0,2.0,69,4.49,4.38,Entire home/apt,POBLATS MARITIMS,0
51.0,2,1.0,1.0,157,4.73,1.28,Private room,EL PLA DEL REAL,1
41.0,2,1.0,1.0,475,4.7,1.29,Private room,EL PLA DEL REAL,1
106.0,3,1.0,1.0,156,4.69,1.54,Entire home/apt,LA SAIDIA,0
80.0,3,1.0,1.0,206,4.81,0.9,Entire home/apt,EXTRAMURS,1
75.0,3,2.0,1.0,78,4.73,0.74,Entire home/apt,L'EIXAMPLE,1
292.0,5,2.0,2.0,45,4.41,4.38,Entire home/apt,POBLATS MARITIMS,0
95.0,4,2.0,2.0,676,4.85,1.03,Entire home/apt,CIUTAT VELLA,1
134.0,4,3.0,1.0,261,4.7,1.29,Entire home/apt,EXTRAMURS,0
59.0,2,1.0,1.0,26,4.73,2.19,Private room,QUATRE CARRERES,0
134.0,4,2.0,1.0,275,4.63,0.64,Entire home/apt,CIUTAT VELLA,1
51.0,1,1.0,1.0,378,4.84,0.44,Private room,CIUTAT VELLA,1
55.0,2,1.0,1.0,19,4.79,0.44,Private room,CIUTAT VELLA,1
106.0,4,1.0,1.0,279,4.64,0.33,Entire home/apt,CIUTAT VELLA,0
94.0,3,1.0,1.0,93,4.56,3.23,Entire home/apt,BENICALAP,0
34.0,1,1.0,1.0,53,4.83,2.77,Private room,ALGIROS,0
152.0,5,2.0,1.0,40,4.83,2.2,Entire home/apt,CAMINS AL GRAU,0
142.0,4,1.0,1.0,247,4.95,3.31,Entire home/apt,CAMPANAR,1
35.0,1,1.0,1.0,420,4.76,1.23,Private room,EL PLA DEL REAL,1
69.0,3,1.0,1.0,141,4.76,0.63,Entire home/apt,CIUTAT VELLA,0
171.0,2,1.0,1.0,49,4.85,2.88,Entire home/apt,CAMINS AL GRAU,0
38.0,1,1.0,1.5,198,4.92,1.78,Private room,LA SAIDIA,1
70.0,3,1.0,1.0,474,4.64,0.61,Entire home/apt,CIUTAT VELLA,0
81.0,3,1.0,1.0,455,4.89,2.82,Entire home/apt,CAMPANAR,1
172.0,4,0.0,1.0,257,4.88,0.98,Entire home/apt,CIUTAT VELLA,1
143.0,3,1.0,1.0,78,4.9,1.05,Entire home/apt,L'EIXAMPLE,1
159.0,4,2.0,2.0,39,4.95,1.94,Entire home/apt,CAMINS AL GRAU,1
41.0,2,1.0,1.0,420,4.48,2.02,Private room,QUATRE CARRERES,0
139.0,2,1.0,1.0,925,4.89,0.51,Entire home/apt,CIUTAT VELLA,1
49.0,2,1.0,1.0,68,4.48,1.88,Entire home/apt,LA SAIDIA,0
253.0,7,4.0,2.0,81,4.79,1.96,Entire home/apt,EL PLA DEL REAL,0
122.0,5,3.0,1.5,30,4.57,1.09,Entire home/apt,L'EIXAMPLE,0
58.0,2,1.0,1.0,334,4.45,1.01,Entire home/apt,EXTRAMURS,0
90.0,4,2.0,1.0,161,4.59,0.63,Entire home/apt,CIUTAT VELLA,1
134.0,4,1.0,1.0,163,4.92,0.5,Entire home/apt,CIUTAT VELLA,1
100.0,2,1.0,1.0,364,4.93,0.45,Entire home/apt,CIUTAT VELLA,1
82.0,4,0.0,1.0,445,4.76,0.95,Entire home/apt,CIUTAT VELLA,0
100.0,2,1.0,1.0,354,4.92,0.44,Entire home/apt,CIUTAT VELLA,1
110.0,4,1.0,1.0,107,4.72,0.29,Entire home/apt,CIUTAT VELLA,0
48.0,2,1.0,1.5,82,4.37,0.41,Entire home/apt,CIUTAT VELLA,0
50.0,2,2.0,1.0,130,4.85,1.46,Entire home/apt,JESUS,1
250.0,4,2.0,2.0,243,4.69,20.45,Entire home/apt,POBLATS DEL SUD,0
183.0,4,2.0,1.0,369,4.63,0.1,Entire home/apt,CIUTAT VELLA,1
76.0,3,1.0,1.0,432,4.9,0.24,Entire home/apt,CIUTAT VELLA,1
98.0,2,1.0,0.5,47,4.26,0.13,Entire home/apt,CIUTAT VELLA,0
131.0,6,3.0,2.0,13,4.92,12.64,Entire home/apt,POBLATS DEL SUD,0
101.0,2,1.0,1.0,304,4.93,0.89,Entire home/apt,CIUTAT VELLA,1
84.0,4,3.0,1.5,336,4.64,4.28,Entire home/apt,POBLATS MARITIMS,0
99.0,3,1.0,1.0,50,4.6,0.43,Entire home/apt,CIUTAT VELLA,1
99.0,4,1.0,1.5,866,4.79,0.61,Entire home/apt,EXTRAMURS,1
86.0,2,1.0,1.0,176,4.59,0.57,Entire home/apt,EXTRAMURS,1
223.0,8,3.0,2.0,370,4.65,0.38,Entire home/apt,CIUTAT VELLA,1
131.0,3,2.0,1.0,481,4.79,0.43,Entire home/apt,CIUTAT VELLA,1
94.0,2,1.0,1.0,302,4.82,0.76,Entire home/apt,EXTRAMURS,1
104.0,4,1.0,1.0,134,4.63,0.54,Entire home/apt,CIUTAT VELLA,0
71.0,4,3.0,1.0,152,4.39,1.09,Entire home/apt,L'EIXAMPLE,0
135.0,6,3.0,2.0,249,4.92,3.27,Entire home/apt,CAMPANAR,1
48.0,2,1.0,1.5,265,4.66,1.0,Private room,L'EIXAMPLE,0
117.0,4,2.0,2.0,213,4.49,2.39,Entire home/apt,LA SAIDIA,1
118.0,4,2.0,1.0,185,4.83,0.75,Entire home/apt,L'EIXAMPLE,1
190.0,4,2.0,2.0,65,4.52,0.46,Entire home/apt,EXTRAMURS,0
105.0,5,2.0,1.0,435,4.8,1.18,Entire home/apt,CIUTAT VELLA,0
64.0,3,1.0,1.0,197,4.62,0.94,Entire home/apt,L'EIXAMPLE,0
99.0,4,2.0,1.0,359,4.68,1.15,Entire home/apt,CIUTAT VELLA,0
53.0,1,1.0,1.0,33,4.66,0.94,Private room,CIUTAT VELLA,0
120.0,4,2.0,1.0,14,5.0,0.8,Entire home/apt,CIUTAT VELLA,1
124.0,4,2.0,2.0,243,4.76,1.08,Entire home/apt,L'EIXAMPLE,0
100.0,4,2.0,1.0,66,4.63,1.6,Entire home/apt,JESUS,1
99.0,4,2.0,2.0,324,4.78,4.47,Entire home/apt,POBLATS MARITIMS,0
141.0,4,1.0,1.0,227,4.94,1.09,Entire home/apt,CIUTAT VELLA,1
129.0,7,3.0,2.0,182,4.42,0.45,Entire home/apt,EXTRAMURS,0
113.0,4,1.0,1.0,119,4.42,3.84,Entire home/apt,POBLATS MARITIMS,0
129.0,2,0.0,1.0,26,4.73,3.81,Entire home/apt,POBLATS MARITIMS,0
106.0,3,1.0,1.0,175,4.6,3.88,Entire home/apt,POBLATS MARITIMS,0
128.0,5,3.0,1.5,57,4.6,1.18,Entire home/apt,L'EIXAMPLE,0
147.0,3,1.0,1.0,313,4.35,1.02,Entire home/apt,L'EIXAMPLE,0
278.0,7,3.0,2.0,304,4.89,4.22,Entire home/apt,POBLATS MARITIMS,1
185.0,6,3.0,2.0,80,4.85,2.69,Entire home/apt,CAMINS AL GRAU,1
98.0,2,0.0,1.0,60,4.15,1.08,Entire home/apt,L'EIXAMPLE,0
58.0,1,1.0,3.0,89,4.91,4.49,Private room,POBLATS MARITIMS,1
119.0,2,1.0,1.0,270,4.8,0.79,Entire home/apt,CIUTAT VELLA,0
183.0,6,3.0,2.0,181,4.62,3.39,Entire home/apt,CAMINS AL GRAU,1
149.0,5,3.0,2.0,739,4.64,1.0,Entire home/apt,CIUTAT VELLA,0
97.0,4,1.0,1.0,565,4.79,0.65,Entire home/apt,EXTRAMURS,1
36.0,2,1.0,1.0,117,4.61,0.94,Private room,L'EIXAMPLE,1
44.0,2,1.0,1.0,59,4.8,2.47,Private room,L'OLIVERETA,0
125.0,4,2.0,2.0,296,4.74,0.98,Entire home/apt,L'EIXAMPLE,0
56.0,2,1.0,2.0,47,4.77,1.09,Private room,EXTRAMURS,1
40.0,2,1.0,1.0,149,4.51,0.91,Private room,L'EIXAMPLE,1
107.0,3,2.0,1.0,254,4.67,0.72,Entire home/apt,CIUTAT VELLA,0
130.0,4,2.0,2.0,120,4.93,5.75,Entire home/apt,POBLATS DE L'OEST,1
31.0,2,1.0,1.0,317,4.84,3.97,Private room,POBLATS MARITIMS,1
145.0,2,1.0,1.0,39,4.69,0.44,Entire home/apt,EXTRAMURS,0
128.0,4,2.0,2.0,153,4.74,4.56,Entire home/apt,POBLATS MARITIMS,1
113.0,4,2.0,1.0,99,4.57,1.82,Entire home/apt,LA SAIDIA,0
70.0,4,1.0,0.0,22,4.32,1.0,Entire home/apt,L'EIXAMPLE,0
106.0,3,0.0,1.0,215,4.8,1.03,Entire home/apt,CIUTAT VELLA,1
141.0,3,1.0,1.0,309,4.58,1.03,Entire home/apt,EXTRAMURS,0
81.0,6,4.0,2.0,64,4.53,13.61,Entire home/apt,POBLATS DEL SUD,0
140.0,2,1.0,1.0,428,4.91,0.53,Entire home/apt,CIUTAT VELLA,1
110.0,4,2.0,1.0,78,4.72,1.07,Entire home/apt,EXTRAMURS,0
87.0,4,2.0,1.0,167,4.89,0.69,Entire home/apt,CIUTAT VELLA,1
192.0,6,4.0,2.0,181,4.72,2.37,Entire home/apt,ALGIROS,1
183.0,2,1.0,1.0,14,4.07,10.18,Entire home/apt,POBLATS DEL SUD,0
208.0,6,2.0,1.0,76,4.87,0.95,Entire home/apt,CIUTAT VELLA,1
89.0,4,1.0,1.0,205,4.6,1.25,Entire home/apt,EXTRAMURS,0
136.0,6,2.0,2.0,33,4.67,2.96,Entire home/apt,CAMINS AL GRAU,1
100.0,4,2.0,2.0,30,4.6,1.65,Entire home/apt,L'OLIVERETA,1
46.0,2,1.0,1.0,139,4.63,1.02,Private room,L'EIXAMPLE,0
98.0,3,0.0,1.0,418,4.52,1.06,Entire home/apt,CIUTAT VELLA,0
100.0,4,2.0,2.0,4,4.25,3.83,Entire home/apt,POBLATS MARITIMS,0
95.0,4,2.0,2.0,106,4.68,4.48,Entire home/apt,POBLATS MARITIMS,0
110.0,3,1.0,1.0,73,4.93,0.37,Entire home/apt,CIUTAT VELLA,1
105.0,2,1.0,1.0,21,4.9,4.4,Entire home/apt,POBLATS MARITIMS,0
101.0,4,1.0,1.0,414,4.91,0.42,Entire home/apt,EXTRAMURS,1
152.0,6,3.0,1.0,236,4.59,0.96,Entire home/apt,EXTRAMURS,1
99.0,6,3.0,1.5,16,4.75,2.26,Entire home/apt,QUATRE CARRERES,0
117.0,2,1.0,1.0,496,4.82,0.46,Entire home/apt,CIUTAT VELLA,1
135.0,2,1.0,1.0,187,4.9,0.78,Entire home/apt,L'EIXAMPLE,1
161.0,5,3.0,1.0,87,4.63,4.16,Entire home/apt,POBLATS MARITIMS,0
49.0,1,1.0,1.0,124,4.81,0.56,Private room,CIUTAT VELLA,1
85.0,3,1.0,1.0,341,4.79,2.8,Entire home/apt,CAMINS AL GRAU,0
64.0,4,3.0,1.0,205,4.55,4.31,Entire home/apt,POBLATS MARITIMS,1
30.0,2,1.0,1.0,8,4.75,1.99,Private room,EL PLA DEL REAL,0
31.0,2,1.0,1.0,4,4.25,1.94,Private room,EL PLA DEL REAL,0
70.0,2,1.0,1.0,205,4.82,3.21,Entire home/apt,ALGIROS,1
57.0,3,1.0,1.0,300,4.61,2.97,Entire home/apt,CAMINS AL GRAU,0
95.0,6,2.0,1.0,253,4.82,1.02,Entire home/apt,CIUTAT VELLA,1
90.0,4,2.0,1.0,293,4.73,1.39,Entire home/apt,EXTRAMURS,1
30.0,2,1.0,1.0,40,4.75,4.17,Private room,POBLATS MARITIMS,0
85.0,4,2.0,1.0,293,4.74,0.93,Entire home/apt,L'EIXAMPLE,1
187.0,8,4.0,2.0,74,4.89,13.5,Entire home/apt,POBLATS DEL SUD,1
136.0,5,2.0,1.0,734,4.84,0.44,Entire home/apt,CIUTAT VELLA,0
116.0,3,1.0,1.0,290,4.71,0.57,Entire home/apt,CIUTAT VELLA,0
122.0,4,2.0,1.0,452,4.9,2.13,Entire home/apt,QUATRE CARRERES,1
131.0,6,3.0,2.0,183,4.7,1.66,Entire home/apt,QUATRE CARRERES,0
32.0,2,1.0,1.0,165,4.65,1.27,Private room,L'EIXAMPLE,1
173.0,4,3.0,2.0,206,4.87,1.02,Entire home/apt,EXTRAMURS,1
149.0,4,2.0,1.0,231,4.61,0.79,Entire home/apt,L'EIXAMPLE,1
100.0,2,1.0,1.0,96,4.82,0.28,Entire home/apt,CIUTAT VELLA,1
67.0,4,2.0,1.0,25,4.88,0.81,Entire home/apt,L'EIXAMPLE,1
139.0,4,2.0,1.5,640,4.87,0.36,Entire home/apt,CIUTAT VELLA,1
39.0,3,1.0,1.0,99,4.56,1.58,Private room,EL PLA DEL REAL,0
113.0,2,1.0,1.0,295,4.82,3.86,Entire home/apt,POBLATS MARITIMS,1
99.0,2,1.0,1.0,162,4.98,3.96,Entire home/apt,POBLATS MARITIMS,0
82.0,4,1.0,1.0,170,4.48,0.75,Entire home/apt,CIUTAT VELLA,0
280.0,4,3.0,1.0,152,4.64,2.56,Entire home/apt,ALGIROS,1
65.0,2,1.0,1.0,659,4.89,0.3,Entire home/apt,CIUTAT VELLA,1
113.0,4,3.0,1.0,20,4.5,1.28,Entire home/apt,L'EIXAMPLE,1
100.0,2,1.0,1.0,354,4.94,0.44,Entire home/apt,CIUTAT VELLA,1
200.0,5,3.0,1.0,198,4.93,1.19,Entire home/apt,L'EIXAMPLE,0
108.0,3,1.0,1.0,28,4.64,2.93,Entire home/apt,RASCANYA,0
385.0,5,2.0,2.0,262,4.99,0.4,Entire home/apt,CIUTAT VELLA,1
130.0,6,2.0,1.0,48,4.79,0.47,Entire home/apt,CIUTAT VELLA,0
136.0,4,1.0,1.0,222,4.84,4.23,Entire home/apt,POBLATS MARITIMS,0
154.0,4,1.0,1.0,369,4.92,0.28,Entire home/apt,CIUTAT VELLA,1
106.0,3,1.0,1.0,436,4.57,1.21,Entire home/apt,CIUTAT VELLA,0
73.0,4,3.0,1.0,22,4.36,1.84,Entire home/apt,LA SAIDIA,0
197.0,4,2.0,2.0,59,4.86,13.2,Entire home/apt,POBLATS DEL SUD,0
56.0,2,0.0,1.0,228,4.76,1.21,Entire home/apt,L'EIXAMPLE,0
135.0,4,2.0,1.0,219,4.67,4.05,Entire home/apt,POBLATS MARITIMS,0
146.0,4,2.0,1.0,256,4.69,4.04,Entire home/apt,POBLATS MARITIMS,0
135.0,4,2.0,1.0,206,4.8,0.47,Entire home/apt,CIUTAT VELLA,1
80.0,5,3.0,1.0,50,4.46,1.06,Entire home/apt,EXTRAMURS,0
132.0,4,2.0,1.0,369,4.92,1.12,Entire home/apt,L'EIXAMPLE,1
143.0,4,1.0,1.0,408,4.89,0.13,Entire home/apt,CIUTAT VELLA,1
90.0,7,4.0,2.0,144,4.47,2.51,Entire home/apt,QUATRE CARRERES,0
38.0,1,1.0,1.5,83,4.88,1.99,Private room,BENIMACLET,1
81.0,2,1.0,1.0,124,4.77,0.88,Entire home/apt,CIUTAT VELLA,0
87.0,4,2.0,2.0,67,4.84,1.92,Entire home/apt,CAMINS AL GRAU,0
88.0,2,1.0,1.0,26,4.65,1.92,Entire home/apt,CAMINS AL GRAU,0
137.0,6,3.0,2.0,47,4.72,1.92,Entire home/apt,CAMINS AL GRAU,0
137.0,6,3.0,2.0,22,4.14,1.92,Entire home/apt,CAMINS AL GRAU,0
137.0,6,3.0,2.0,49,4.55,1.92,Entire home/apt,CAMINS AL GRAU,0
100.0,6,3.0,2.0,93,4.42,1.47,Entire home/apt,EL PLA DEL REAL,0
100.0,6,3.0,2.0,51,4.2,1.47,Entire home/apt,EL PLA DEL REAL,0
100.0,6,3.0,2.0,27,4.3,1.48,Entire home/apt,EL PLA DEL REAL,0
100.0,6,3.0,2.0,31,4.16,1.48,Entire home/apt,EL PLA DEL REAL,0
159.0,5,3.0,2.0,189,4.65,2.27,Entire home/apt,QUATRE CARRERES,0
148.0,3,1.0,1.0,332,4.69,0.54,Entire home/apt,CIUTAT VELLA,0
112.0,2,1.0,1.0,73,4.82,0.85,Entire home/apt,L'EIXAMPLE,1
138.0,2,1.0,1.5,203,4.87,1.06,Entire home/apt,L'EIXAMPLE,1
98.0,3,0.0,1.0,429,4.5,1.11,Entire home/apt,CIUTAT VELLA,0
92.0,4,1.0,1.0,141,4.84,1.48,Entire home/apt,EL PLA DEL REAL,1
89.0,4,1.0,1.0,71,4.82,3.81,Entire home/apt,POBLATS MARITIMS,1
60.0,1,1.0,1.0,368,4.92,0.72,Private room,CIUTAT VELLA,1
141.0,4,2.0,2.0,76,4.84,4.54,Entire home/apt,POBLATS MARITIMS,1
72.0,2,1.0,1.0,5,5.0,2.2,Private room,QUATRE CARRERES,0
45.0,1,1.0,1.0,174,4.94,1.09,Private room,L'EIXAMPLE,0
104.0,4,2.0,2.0,74,4.8,1.9,Entire home/apt,LA SAIDIA,0
103.0,4,3.0,1.5,58,4.76,13.95,Entire home/apt,POBLATS DEL SUD,0
108.0,4,2.0,1.0,272,4.51,1.73,Entire home/apt,QUATRE CARRERES,0
153.0,4,2.0,1.0,179,4.83,4.3,Entire home/apt,POBLATS MARITIMS,1
142.0,4,1.0,1.0,215,4.6,0.24,Entire home/apt,CIUTAT VELLA,0
114.0,5,2.0,1.0,93,4.58,2.75,Entire home/apt,CAMINS AL GRAU,0
88.0,4,2.0,1.0,12,4.25,1.91,Entire home/apt,LA SAIDIA,0
98.0,5,3.0,2.0,282,4.79,0.79,Entire home/apt,CIUTAT VELLA,0
100.0,4,2.0,1.5,478,4.53,1.01,Entire home/apt,L'EIXAMPLE,0
190.0,4,1.0,1.0,156,4.85,3.9,Entire home/apt,POBLATS MARITIMS,1
127.0,2,1.0,1.0,267,4.65,3.86,Entire home/apt,POBLATS MARITIMS,0
201.0,8,4.0,1.5,71,4.3,4.27,Entire home/apt,POBLATS MARITIMS,0
98.0,2,0.0,1.0,286,4.76,4.03,Entire home/apt,POBLATS MARITIMS,1
127.0,2,1.0,1.0,410,4.97,0.35,Entire home/apt,CIUTAT VELLA,1
100.0,4,2.0,1.0,530,4.89,3.92,Entire home/apt,POBLATS MARITIMS,0
150.0,4,2.0,2.0,103,4.74,2.71,Entire home/apt,CAMINS AL GRAU,1
132.0,2,1.0,1.0,435,4.75,4.66,Entire home/apt,POBLATS MARITIMS,1
35.0,3,1.0,2.0,142,4.87,1.94,Private room,L'OLIVERETA,1
85.0,2,0.0,1.5,377,4.8,0.32,Entire home/apt,EXTRAMURS,1
133.0,4,1.0,1.0,192,4.65,3.98,Entire home/apt,POBLATS MARITIMS,0
63.0,2,1.0,1.0,2,5.0,0.54,Private room,L'EIXAMPLE,0
253.0,4,2.0,1.5,192,4.91,3.87,Entire home/apt,POBLATS MARITIMS,1
212.0,7,3.0,1.0,303,4.8,4.35,Entire home/apt,POBLATS MARITIMS,1
193.0,2,2.0,2.0,292,4.62,0.4,Entire home/apt,CIUTAT VELLA,0
120.0,4,2.0,2.0,129,4.89,1.06,Entire home/apt,CIUTAT VELLA,1
81.0,2,1.0,1.0,199,4.72,0.8,Entire home/apt,CIUTAT VELLA,1
144.0,4,2.0,2.0,137,4.93,1.59,Entire home/apt,LA SAIDIA,1
79.0,5,4.0,1.0,79,4.56,3.7,Entire home/apt,POBLATS MARITIMS,0
95.0,2,0.0,1.0,476,4.79,0.71,Entire home/apt,CIUTAT VELLA,1
131.0,4,2.0,1.0,184,4.88,0.93,Entire home/apt,EXTRAMURS,1
30.0,1,1.0,1.0,79,4.73,3.87,Private room,POBLATS MARITIMS,1
44.0,2,1.0,2.0,309,4.81,1.09,Private room,EXTRAMURS,1
108.0,6,3.0,2.0,100,4.86,1.51,Entire home/apt,QUATRE CARRERES,0
54.0,2,1.0,2.0,485,4.79,0.84,Private room,EXTRAMURS,1
166.0,5,3.0,1.0,47,4.38,4.14,Entire home/apt,POBLATS MARITIMS,0
251.0,6,3.0,2.0,175,4.6,1.07,Entire home/apt,CIUTAT VELLA,0
126.0,6,2.0,2.0,106,4.91,1.7,Entire home/apt,JESUS,1
79.0,4,2.0,1.0,91,4.42,20.7,Entire home/apt,POBLATS DEL SUD,0
80.0,12,3.0,2.0,2,5.0,4.88,Private room,POBLATS DEL SUD,0
100.0,6,2.0,1.0,296,4.47,0.4,Entire home/apt,CIUTAT VELLA,0
117.0,3,2.0,1.0,18,4.39,0.92,Entire home/apt,L'EIXAMPLE,0
159.0,4,2.0,1.0,602,4.93,1.21,Entire home/apt,EXTRAMURS,1
80.0,6,3.0,1.0,138,4.68,1.57,Entire home/apt,QUATRE CARRERES,1
59.0,2,1.0,1.5,258,4.79,0.17,Entire home/apt,CIUTAT VELLA,1
148.0,4,1.0,1.0,48,4.9,0.52,Entire home/apt,CIUTAT VELLA,1
87.0,4,3.0,1.0,100,4.72,1.75,Entire home/apt,EL PLA DEL REAL,1
128.0,5,2.0,1.0,12,4.75,3.43,Entire home/apt,CAMINS AL GRAU,0
107.0,4,2.0,1.0,75,4.36,3.99,Entire home/apt,POBLATS MARITIMS,0
99.0,5,3.0,1.5,82,4.93,0.65,Entire home/apt,CIUTAT VELLA,0
238.0,4,2.0,2.0,82,4.94,1.21,Entire home/apt,CIUTAT VELLA,1
101.0,4,2.0,1.0,507,4.85,1.64,Entire home/apt,LA SAIDIA,1
227.0,4,2.0,1.0,328,4.84,0.82,Entire home/apt,CIUTAT VELLA,1
108.0,4,1.0,1.0,334,4.79,0.26,Entire home/apt,CIUTAT VELLA,1
206.0,6,3.0,1.0,10,4.6,1.64,Entire home/apt,LA SAIDIA,0
252.0,6,2.0,1.0,178,4.3,0.87,Entire home/apt,L'EIXAMPLE,0
105.0,4,1.0,1.0,329,4.79,0.89,Entire home/apt,CIUTAT VELLA,0
88.0,3,2.0,1.0,1,5.0,1.05,Entire home/apt,EXTRAMURS,0
123.0,4,3.0,1.0,49,4.71,4.53,Entire home/apt,POBLATS MARITIMS,0
122.0,4,1.0,1.0,78,4.9,1.0,Entire home/apt,L'EIXAMPLE,1
115.0,4,1.0,1.0,276,4.76,0.95,Entire home/apt,CIUTAT VELLA,0
100.0,6,3.0,2.0,37,4.43,1.48,Entire home/apt,EL PLA DEL REAL,0
100.0,6,3.0,2.0,44,4.48,1.46,Entire home/apt,EL PLA DEL REAL,0
100.0,6,3.0,2.0,22,4.27,1.46,Entire home/apt,EL PLA DEL REAL,0
100.0,6,3.0,2.0,65,4.32,1.46,Entire home/apt,EL PLA DEL REAL,0
108.0,6,3.0,2.0,59,4.37,1.46,Entire home/apt,EL PLA DEL REAL,0
76.0,2,1.0,1.0,10,4.8,1.99,Entire home/apt,QUATRE CARRERES,0
76.0,2,0.0,1.0,33,4.12,1.01,Entire home/apt,CIUTAT VELLA,0
93.0,5,2.0,1.0,292,4.83,1.99,Entire home/apt,LA SAIDIA,1
122.0,5,3.0,1.0,45,4.51,3.57,Entire home/apt,POBLATS MARITIMS,1
133.0,5,3.0,2.0,78,4.73,13.34,Entire home/apt,POBLATS DEL SUD,1
280.0,8,4.0,2.5,329,4.89,1.41,Entire home/apt,EXTRAMURS,0
146.0,6,4.0,2.0,202,4.79,2.57,Entire home/apt,CAMINS AL GRAU,1
86.0,2,1.0,1.5,92,4.87,3.27,Entire home/apt,PATRAIX,1
104.0,2,1.0,2.0,366,4.92,0.51,Entire home/apt,CIUTAT VELLA,1
149.0,6,2.0,1.0,107,4.27,2.95,Entire home/apt,CAMINS AL GRAU,1
80.0,2,0.0,1.0,180,4.42,1.21,Entire home/apt,L'EIXAMPLE,0
215.0,4,2.0,1.0,356,4.8,0.81,Entire home/apt,L'EIXAMPLE,1
74.0,4,1.0,1.0,297,4.79,1.22,Entire home/apt,L'EIXAMPLE,0
77.0,3,1.0,1.5,609,4.66,1.01,Entire home/apt,EXTRAMURS,0
148.0,2,1.0,1.0,52,4.6,0.68,Private room,EXTRAMURS,1
141.0,6,3.0,2.0,325,4.89,4.21,Entire home/apt,POBLATS MARITIMS,1
153.0,7,4.0,1.0,10,4.1,2.55,Entire home/apt,CAMINS AL GRAU,0
95.0,1,1.0,1.0,84,4.83,0.68,Private room,EXTRAMURS,1
33.0,2,1.0,1.0,6,4.67,2.17,Private room,CAMINS AL GRAU,0
108.0,6,3.0,2.0,151,4.83,0.77,Entire home/apt,EXTRAMURS,1
73.0,4,2.0,1.5,290,4.54,0.6,Entire home/apt,CIUTAT VELLA,0
146.0,6,3.0,1.0,256,4.84,2.77,Entire home/apt,CAMINS AL GRAU,1
167.0,6,3.0,2.0,306,4.47,1.14,Entire home/apt,CIUTAT VELLA,0
85.0,3,3.0,1.0,30,4.63,4.11,Entire home/apt,POBLATS MARITIMS,1
119.0,4,3.0,1.0,81,4.9,2.4,Entire home/apt,CAMINS AL GRAU,1
132.0,4,2.0,2.0,100,4.66,2.47,Entire home/apt,CAMINS AL GRAU,1
198.0,6,2.0,2.0,379,4.78,0.78,Entire home/apt,CIUTAT VELLA,0
143.0,4,2.0,1.5,86,4.98,2.0,Entire home/apt,EL PLA DEL REAL,1
160.0,4,1.0,1.0,482,4.8,3.99,Entire home/apt,POBLATS MARITIMS,1
99.0,4,2.0,1.0,378,4.74,2.64,Entire home/apt,ALGIROS,0
72.0,4,3.0,1.0,134,4.57,1.52,Entire home/apt,QUATRE CARRERES,0
113.0,4,1.0,1.0,136,4.8,0.31,Entire home/apt,CIUTAT VELLA,1
129.0,3,1.0,1.0,113,4.73,0.91,Entire home/apt,CIUTAT VELLA,0
219.0,4,3.0,2.0,21,4.76,13.19,Entire home/apt,POBLATS DEL SUD,1
74.0,4,2.0,1.0,259,4.75,0.95,Entire home/apt,EXTRAMURS,0
137.0,5,2.0,2.0,44,4.48,1.68,Entire home/apt,LA SAIDIA,0
116.0,6,3.0,1.0,412,4.67,1.07,Entire home/apt,CIUTAT VELLA,0
99.0,4,1.0,1.0,369,4.87,0.87,Entire home/apt,CIUTAT VELLA,1
107.0,4,1.0,1.0,182,4.88,0.87,Entire home/apt,CIUTAT VELLA,1
104.0,2,1.0,1.0,226,4.9,2.08,Entire home/apt,QUATRE CARRERES,1
177.0,4,3.0,1.5,70,4.36,2.25,Entire home/apt,ALGIROS,0
41.0,2,1.0,1.0,195,4.88,0.7,Private room,CIUTAT VELLA,1
49.0,2,1.0,2.0,73,4.85,2.8,Private room,BENIMACLET,1
34.0,1,1.0,1.0,120,4.88,0.76,Private room,CIUTAT VELLA,1
115.0,6,3.0,1.0,201,4.72,3.66,Entire home/apt,POBLATS MARITIMS,1
90.0,4,2.0,1.5,56,4.48,0.92,Entire home/apt,CIUTAT VELLA,0
86.0,5,2.0,1.0,453,4.91,4.02,Entire home/apt,POBLATS MARITIMS,1
223.0,4,2.0,1.0,225,4.76,0.68,Entire home/apt,CIUTAT VELLA,1
104.0,4,2.0,1.0,317,4.78,1.66,Entire home/apt,QUATRE CARRERES,1
60.0,2,1.0,1.0,308,4.66,0.7,Private room,L'EIXAMPLE,1
40.0,2,1.0,0.0,48,4.71,1.66,Private room,LA SAIDIA,0
133.0,5,3.0,1.0,295,4.72,2.76,Entire home/apt,CAMINS AL GRAU,1
95.0,4,2.0,1.0,412,4.9,4.13,Entire home/apt,POBLATS MARITIMS,1
95.0,3,1.0,1.0,492,4.73,1.68,Entire home/apt,EL PLA DEL REAL,1
141.0,6,2.0,2.0,77,4.84,0.29,Entire home/apt,CIUTAT VELLA,1
160.0,2,1.0,1.0,230,4.97,0.7,Entire home/apt,CIUTAT VELLA,1
169.0,3,1.0,1.0,267,4.82,0.25,Entire home/apt,CIUTAT VELLA,0
49.0,2,1.0,1.0,61,4.9,3.04,Private room,BENIMACLET,1
108.0,4,2.0,1.0,136,4.58,1.71,Entire home/apt,PATRAIX,0
132.0,4,2.0,1.0,534,4.8,0.92,Entire home/apt,CIUTAT VELLA,0
241.0,7,4.0,1.0,178,4.67,4.46,Entire home/apt,POBLATS MARITIMS,0
93.0,2,1.0,1.5,199,4.69,1.19,Entire home/apt,L'EIXAMPLE,0
96.0,6,3.0,1.0,382,4.65,0.29,Entire home/apt,CIUTAT VELLA,0
156.0,4,2.0,1.0,199,4.86,1.08,Entire home/apt,L'EIXAMPLE,0
47.0,2,1.0,1.0,62,4.87,0.58,Private room,CIUTAT VELLA,1
92.0,6,3.0,2.0,242,4.75,1.57,Entire home/apt,QUATRE CARRERES,0
138.0,6,3.0,2.0,172,4.72,1.56,Entire home/apt,JESUS,1
109.0,2,1.0,1.0,310,4.85,0.92,Entire home/apt,EXTRAMURS,1
159.0,8,4.0,2.0,231,4.89,0.91,Entire home/apt,CIUTAT VELLA,1
100.0,4,2.0,1.0,217,4.51,1.28,Entire home/apt,L'EIXAMPLE,0
96.0,4,2.0,1.0,195,4.79,3.46,Entire home/apt,POBLATS MARITIMS,1
196.0,4,2.0,1.0,22,4.05,3.57,Entire home/apt,POBLATS MARITIMS,0
97.0,4,2.0,1.0,446,4.91,0.75,Entire home/apt,L'EIXAMPLE,1
114.0,3,1.0,1.0,110,4.73,3.29,Entire home/apt,CAMINS AL GRAU,0
39.0,2,1.0,2.0,94,4.54,1.79,Private room,QUATRE CARRERES,0
185.0,6,3.0,1.0,118,4.69,4.5,Entire home/apt,POBLATS MARITIMS,1
109.0,4,3.0,1.0,291,4.73,4.35,Entire home/apt,POBLATS MARITIMS,0
66.0,2,1.0,1.0,145,4.63,0.79,Entire home/apt,L'EIXAMPLE,1
115.0,4,2.0,2.0,316,4.95,2.39,Entire home/apt,CAMPANAR,0
180.0,4,2.0,1.0,413,4.84,0.51,Entire home/apt,EXTRAMURS,1
159.0,4,2.0,1.0,433,4.86,0.61,Entire home/apt,EXTRAMURS,1
133.0,2,1.0,1.0,349,4.96,0.35,Entire home/apt,CIUTAT VELLA,1
30.0,2,1.0,2.5,165,4.43,2.09,Private room,L'OLIVERETA,1
114.0,3,1.0,1.0,387,4.82,0.34,Entire home/apt,CIUTAT VELLA,1
97.0,2,1.0,1.0,354,4.84,0.48,Entire home/apt,EXTRAMURS,1
60.0,4,1.0,1.0,2,5.0,2.43,Private room,PATRAIX,0
49.0,3,1.0,1.0,98,4.99,9.04,Private room,POBLATS DEL NORD,1
102.0,4,2.0,1.0,107,4.73,1.08,Entire home/apt,CIUTAT VELLA,1
119.0,2,1.0,1.0,48,4.98,4.08,Entire home/apt,POBLATS MARITIMS,0
36.0,1,1.0,1.0,335,4.61,1.96,Private room,EL PLA DEL REAL,0
70.0,5,4.0,2.0,3,4.0,2.11,Entire home/apt,LA SAIDIA,0
101.0,4,2.0,2.0,249,4.78,0.69,Entire home/apt,CIUTAT VELLA,1
111.0,4,1.0,1.0,55,4.31,2.13,Entire home/apt,L'OLIVERETA,0
106.0,2,1.0,1.0,314,4.83,1.69,Entire home/apt,EL PLA DEL REAL,1
102.0,4,2.0,1.0,63,4.71,4.14,Entire home/apt,POBLATS MARITIMS,1
148.0,3,1.0,1.0,79,4.81,4.12,Entire home/apt,POBLATS MARITIMS,1
119.0,4,1.0,1.0,366,4.91,0.32,Entire home/apt,CIUTAT VELLA,1
99.0,6,3.0,2.0,67,4.9,1.94,Entire home/apt,LA SAIDIA,1
135.0,2,1.0,1.0,84,4.5,1.61,Private room,QUATRE CARRERES,0
133.0,4,1.0,1.0,113,4.57,0.15,Entire home/apt,CIUTAT VELLA,0
168.0,6,3.0,1.0,166,4.63,4.07,Entire home/apt,POBLATS MARITIMS,0
130.0,4,2.0,2.0,175,4.91,0.94,Entire home/apt,EXTRAMURS,1
94.0,4,2.0,1.0,117,4.61,0.95,Entire home/apt,L'EIXAMPLE,0
180.0,6,2.0,1.0,158,4.85,4.09,Entire home/apt,POBLATS MARITIMS,1
225.0,8,4.0,1.5,14,4.36,3.17,Entire home/apt,POBLATS MARITIMS,0
56.0,3,1.0,2.0,82,4.7,1.52,Private room,QUATRE CARRERES,0
108.0,4,1.0,1.0,210,4.79,4.19,Entire home/apt,POBLATS MARITIMS,0
169.0,5,2.0,1.0,270,4.73,0.67,Entire home/apt,EXTRAMURS,1
213.0,8,4.0,2.0,126,4.75,1.16,Entire home/apt,L'EIXAMPLE,1
109.0,5,2.0,1.0,116,4.72,1.64,Entire home/apt,LA SAIDIA,0
122.0,4,1.0,1.0,329,4.79,0.6,Entire home/apt,CIUTAT VELLA,1
135.0,5,3.0,1.0,138,4.63,3.65,Entire home/apt,POBLATS MARITIMS,0
99.0,6,4.0,1.5,183,4.23,1.0,Entire home/apt,EXTRAMURS,0
111.0,4,2.0,1.0,411,4.69,0.5,Entire home/apt,EXTRAMURS,0
115.0,2,1.0,1.0,314,4.96,0.45,Entire home/apt,CIUTAT VELLA,1
114.0,6,3.0,1.0,109,4.43,2.88,Entire home/apt,RASCANYA,1
92.0,4,2.0,1.0,411,4.94,0.97,Entire home/apt,EXTRAMURS,1
76.0,3,2.0,1.0,118,4.4,2.26,Entire home/apt,LA SAIDIA,0
130.0,4,0.0,1.0,227,4.81,4.06,Entire home/apt,POBLATS MARITIMS,1
120.0,4,2.0,1.5,122,4.74,2.11,Entire home/apt,CAMINS AL GRAU,1
83.0,4,2.0,1.0,336,4.9,1.95,Entire home/apt,L'OLIVERETA,1
107.0,4,2.0,1.0,110,4.91,2.22,Entire home/apt,ALGIROS,0
35.0,1,1.0,2.0,227,4.97,1.95,Private room,CAMPANAR,1
237.0,4,2.0,2.0,441,4.79,0.01,Entire home/apt,CIUTAT VELLA,0
190.0,4,2.0,1.5,257,4.68,0.7,Entire home/apt,CIUTAT VELLA,0
85.0,6,2.0,2.0,113,4.89,6.32,Entire home/apt,POBLATS DEL SUD,1
93.0,1,1.0,1.0,1,4.0,1.29,Private room,L'EIXAMPLE,0
195.0,5,3.0,2.0,55,4.82,2.52,Entire home/apt,QUATRE CARRERES,0
146.0,5,3.0,1.0,381,4.97,0.97,Entire home/apt,L'EIXAMPLE,1
64.0,2,1.0,1.5,361,4.85,2.67,Private room,CAMPANAR,1
40.0,2,1.0,1.0,79,4.97,2.72,Private room,CAMINS AL GRAU,0
64.0,2,1.0,1.5,426,4.87,2.72,Private room,CAMPANAR,1
65.0,3,2.0,1.0,49,4.78,1.19,Entire home/apt,EXTRAMURS,1
109.0,4,2.0,1.0,129,4.57,4.01,Entire home/apt,POBLATS MARITIMS,0
70.0,4,3.0,2.0,28,4.86,0.34,Entire home/apt,CIUTAT VELLA,0
97.0,4,3.0,1.0,72,4.63,1.5,Entire home/apt,LA SAIDIA,0
135.0,5,3.0,1.0,117,4.56,4.09,Entire home/apt,POBLATS MARITIMS,0
260.0,4,2.0,2.0,81,4.93,1.74,Entire home/apt,CAMINS AL GRAU,1
36.0,1,1.0,1.0,78,4.94,1.66,Private room,PATRAIX,0
143.0,5,2.0,1.0,46,4.76,0.94,Entire home/apt,CIUTAT VELLA,0
138.0,2,1.0,1.5,199,4.86,1.14,Entire home/apt,L'EIXAMPLE,1
183.0,8,3.0,2.0,143,4.71,3.26,Entire home/apt,CAMPANAR,1
95.0,4,1.0,1.0,86,4.92,0.46,Entire home/apt,CIUTAT VELLA,1
171.0,6,2.0,2.0,377,4.94,0.35,Entire home/apt,CIUTAT VELLA,1
91.0,2,1.0,1.0,403,4.74,0.75,Entire home/apt,L'EIXAMPLE,0
58.0,2,1.0,1.0,180,4.64,4.36,Private room,POBLATS MARITIMS,0
162.0,7,4.0,2.0,38,4.66,2.37,Entire home/apt,BENICALAP,0
214.0,8,4.0,1.0,357,4.82,1.7,Entire home/apt,QUATRE CARRERES,1
104.0,6,2.0,2.0,125,4.95,1.21,Entire home/apt,CIUTAT VELLA,1
105.0,4,2.0,1.5,98,4.45,3.81,Entire home/apt,POBLATS MARITIMS,0
190.0,4,2.0,2.0,158,4.84,1.29,Entire home/apt,JESUS,0
282.0,6,3.0,2.0,83,4.65,0.92,Entire home/apt,CIUTAT VELLA,0
120.0,2,1.0,1.0,406,4.93,0.23,Entire home/apt,CIUTAT VELLA,1
266.0,8,3.0,2.0,53,4.42,0.33,Entire home/apt,CIUTAT VELLA,0
136.0,2,1.0,1.0,5,4.6,0.47,Entire home/apt,CIUTAT VELLA,0
144.0,4,1.0,1.0,16,4.56,0.38,Entire home/apt,CIUTAT VELLA,0
144.0,4,0.0,1.0,14,4.57,0.38,Entire home/apt,CIUTAT VELLA,0
294.0,8,3.0,2.0,38,4.55,0.56,Entire home/apt,CIUTAT VELLA,0
167.0,6,2.0,1.0,41,4.27,0.32,Entire home/apt,EXTRAMURS,0
270.0,5,3.0,1.0,69,4.78,1.9,Entire home/apt,CAMINS AL GRAU,1
137.0,5,3.0,1.0,89,4.58,3.94,Entire home/apt,QUATRE CARRERES,1
43.0,2,1.0,1.0,133,4.71,1.45,Private room,EL PLA DEL REAL,0
104.0,3,1.0,1.0,307,4.35,1.03,Entire home/apt,CIUTAT VELLA,0
242.0,8,5.0,1.5,106,4.53,0.87,Entire home/apt,EXTRAMURS,0
38.0,3,1.0,1.0,64,4.63,1.63,Private room,EL PLA DEL REAL,0
89.0,3,0.0,1.0,395,4.67,0.5,Entire home/apt,CIUTAT VELLA,0
89.0,3,1.0,1.0,354,4.68,0.73,Entire home/apt,CIUTAT VELLA,0
89.0,3,0.0,1.0,374,4.57,0.72,Entire home/apt,CIUTAT VELLA,0
140.0,4,1.0,1.0,162,4.78,3.9,Entire home/apt,POBLATS MARITIMS,0
70.0,2,1.0,1.0,184,4.75,2.09,Entire home/apt,BENIMACLET,0
229.0,5,3.0,2.0,210,4.65,3.9,Entire home/apt,POBLATS MARITIMS,0
95.0,4,1.0,1.0,238,4.35,0.21,Entire home/apt,CIUTAT VELLA,0
45.0,2,1.0,1.0,405,4.54,4.51,Private room,POBLATS MARITIMS,0
250.0,4,1.0,1.0,76,4.59,0.7,Entire home/apt,CIUTAT VELLA,0
158.0,4,3.0,2.0,4,4.5,0.91,Entire home/apt,L'EIXAMPLE,0
250.0,6,2.0,2.0,381,4.96,0.53,Entire home/apt,CIUTAT VELLA,0
59.0,2,1.0,1.0,466,4.98,1.64,Entire home/apt,EL PLA DEL REAL,1
174.0,6,3.0,2.5,141,4.91,1.01,Entire home/apt,L'EIXAMPLE,1
139.0,3,1.0,1.0,235,4.86,0.58,Entire home/apt,CIUTAT VELLA,1
179.0,6,3.0,1.0,68,4.18,4.06,Entire home/apt,POBLATS MARITIMS,0
125.0,4,2.0,1.0,146,4.75,0.55,Entire home/apt,CIUTAT VELLA,0
110.0,4,2.0,1.0,292,4.83,2.64,Entire home/apt,CAMINS AL GRAU,1
95.0,5,2.0,1.0,110,4.79,4.56,Entire home/apt,POBLATS MARITIMS,1
189.0,4,2.0,2.0,148,4.93,0.85,Entire home/apt,CIUTAT VELLA,1
242.0,5,4.0,2.0,160,4.97,0.44,Entire home/apt,CIUTAT VELLA,1
150.0,4,1.0,1.0,188,4.95,0.63,Entire home/apt,CIUTAT VELLA,1
144.0,2,1.0,1.0,287,4.79,0.74,Entire home/apt,CIUTAT VELLA,1
222.0,4,2.0,2.5,98,4.98,1.07,Entire home/apt,CIUTAT VELLA,1
35.0,2,3.0,1.0,60,4.7,1.63,Private room,EL PLA DEL REAL,0
186.0,4,2.0,1.0,1,5.0,1.17,Entire home/apt,EL PLA DEL REAL,0
98.0,5,2.0,1.5,185,4.77,3.09,Entire home/apt,L'OLIVERETA,1
251.0,9,4.0,2.0,100,4.66,1.09,Entire home/apt,L'EIXAMPLE,1
51.0,1,1.0,1.0,59,4.81,0.98,Private room,EXTRAMURS,0
159.0,6,3.0,2.0,3,4.67,2.53,Entire home/apt,QUATRE CARRERES,0
192.0,4,2.0,0.0,7,4.57,0.51,Entire home/apt,L'EIXAMPLE,0
195.0,6,2.0,2.0,23,4.35,0.17,Entire home/apt,CIUTAT VELLA,0
200.0,6,2.0,2.0,14,4.07,0.17,Entire home/apt,CIUTAT VELLA,0
231.0,8,2.0,2.0,52,4.21,0.24,Entire home/apt,CIUTAT VELLA,0
165.0,4,2.0,1.0,3,4.33,0.88,Entire home/apt,CIUTAT VELLA,0
169.0,4,2.0,2.0,26,4.38,1.84,Entire home/apt,CAMINS AL GRAU,0
188.0,8,3.0,2.0,217,4.87,2.01,Entire home/apt,JESUS,0
185.0,4,2.0,2.0,112,4.94,1.63,Entire home/apt,QUATRE CARRERES,0
140.0,6,3.0,1.0,305,4.82,1.96,Entire home/apt,LA SAIDIA,0
295.0,8,4.0,2.0,370,4.84,0.16,Entire home/apt,CIUTAT VELLA,1
117.0,6,3.0,1.0,279,4.72,0.88,Entire home/apt,L'EIXAMPLE,1
86.0,4,2.0,1.0,170,4.79,3.04,Entire home/apt,ALGIROS,0
100.0,3,1.0,1.0,157,4.68,0.88,Entire home/apt,CIUTAT VELLA,0
122.0,2,1.0,1.5,250,4.84,1.13,Entire home/apt,L'EIXAMPLE,0
124.0,5,2.0,2.0,32,4.25,20.74,Entire home/apt,POBLATS DEL SUD,0
90.0,4,2.0,1.0,179,4.85,3.08,Entire home/apt,CAMINS AL GRAU,1
139.0,4,3.0,1.5,183,4.93,0.13,Entire home/apt,CIUTAT VELLA,0
30.0,1,1.0,2.0,200,4.92,1.84,Private room,PATRAIX,1
121.0,4,1.0,1.0,133,4.92,0.4,Entire home/apt,CIUTAT VELLA,1
105.0,4,1.0,1.0,376,4.87,0.69,Entire home/apt,EXTRAMURS,1
193.0,4,3.0,1.5,45,4.87,1.59,Entire home/apt,QUATRE CARRERES,0
144.0,3,2.0,1.0,3,4.67,2.27,Entire home/apt,BENIMACLET,0
199.0,4,2.0,1.0,1,4.0,2.31,Entire home/apt,LA SAIDIA,0
88.0,2,1.0,1.0,473,4.67,0.34,Entire home/apt,CIUTAT VELLA,0
79.0,4,2.0,1.0,224,4.85,2.75,Entire home/apt,CAMINS AL GRAU,1
161.0,4,2.0,1.0,27,4.63,0.9,Entire home/apt,CIUTAT VELLA,0
198.0,6,3.0,2.0,44,4.89,1.1,Entire home/apt,L'EIXAMPLE,1
111.0,4,1.0,1.0,347,4.92,0.87,Entire home/apt,CIUTAT VELLA,1
100.0,2,1.0,1.0,2,5.0,0.73,Private room,L'EIXAMPLE,0
125.0,8,3.0,1.5,64,4.3,0.17,Entire home/apt,CIUTAT VELLA,0
218.0,8,4.0,2.0,194,4.98,0.46,Entire home/apt,L'EIXAMPLE,1
261.0,5,2.0,2.0,168,4.7,0.94,Entire home/apt,CIUTAT VELLA,0
105.0,6,3.0,2.0,201,4.8,2.12,Entire home/apt,QUATRE CARRERES,1
153.0,4,2.0,2.0,180,4.89,0.15,Entire home/apt,CIUTAT VELLA,0
181.0,6,2.0,1.0,104,4.71,0.66,Entire home/apt,L'EIXAMPLE,0
80.0,4,2.0,1.0,144,4.91,0.81,Entire home/apt,L'EIXAMPLE,1
235.0,6,3.0,2.0,134,4.72,3.82,Entire home/apt,POBLATS MARITIMS,1
160.0,2,1.0,1.0,18,4.94,3.92,Entire home/apt,POBLATS MARITIMS,1
142.0,2,1.0,1.0,32,4.94,4.12,Entire home/apt,POBLATS MARITIMS,1
155.0,2,1.0,1.0,35,4.94,4.06,Entire home/apt,POBLATS MARITIMS,1
192.0,2,1.0,1.0,26,4.77,4.13,Entire home/apt,POBLATS MARITIMS,1
165.0,2,1.0,1.0,19,4.95,3.99,Entire home/apt,POBLATS MARITIMS,1
168.0,2,1.0,1.0,31,4.9,4.11,Entire home/apt,POBLATS MARITIMS,1
190.0,2,1.0,1.0,34,4.91,4.03,Entire home/apt,POBLATS MARITIMS,1
32.0,1,1.0,1.5,10,4.7,0.79,Private room,CIUTAT VELLA,0
103.0,2,1.0,1.0,326,4.77,1.09,Entire home/apt,CIUTAT VELLA,0
91.0,2,0.0,1.0,346,4.78,0.99,Entire home/apt,EXTRAMURS,1
174.0,6,3.0,1.5,130,4.82,1.85,Entire home/apt,EL PLA DEL REAL,1
144.0,4,3.0,1.0,137,4.81,3.89,Entire home/apt,POBLATS MARITIMS,0
147.0,4,2.0,1.0,100,4.69,4.37,Entire home/apt,POBLATS MARITIMS,0
137.0,6,2.0,1.0,493,4.83,0.36,Entire home/apt,CIUTAT VELLA,1
110.0,2,1.0,1.0,265,4.86,0.52,Entire home/apt,CIUTAT VELLA,1
150.0,5,3.0,2.0,200,4.92,1.95,Entire home/apt,CAMINS AL GRAU,1
87.0,4,1.0,1.0,315,4.9,3.98,Entire home/apt,POBLATS MARITIMS,1
86.0,5,3.0,2.0,47,4.45,4.3,Entire home/apt,POBLATS MARITIMS,1
132.0,10,5.0,3.0,47,4.74,19.15,Entire home/apt,POBLATS DEL SUD,0
103.0,3,2.0,1.0,33,4.12,3.99,Entire home/apt,POBLATS MARITIMS,0
283.0,8,4.0,2.5,146,4.9,4.41,Entire home/apt,POBLATS MARITIMS,1
93.0,5,3.0,1.0,97,4.64,3.76,Entire home/apt,POBLATS MARITIMS,0
117.0,2,1.0,1.0,47,4.74,0.51,Entire home/apt,CIUTAT VELLA,0
58.0,3,0.0,1.0,283,4.62,1.48,Entire home/apt,QUATRE CARRERES,0
64.0,4,0.0,1.0,364,4.75,1.48,Entire home/apt,QUATRE CARRERES,0
72.0,4,0.0,1.0,311,4.68,1.48,Entire home/apt,QUATRE CARRERES,0
72.0,4,0.0,1.0,299,4.67,1.48,Entire home/apt,QUATRE CARRERES,0
94.0,2,1.0,1.0,76,4.43,1.24,Entire home/apt,EXTRAMURS,0
229.0,6,2.0,2.5,51,4.73,0.47,Entire home/apt,CIUTAT VELLA,0
125.0,6,3.0,1.5,67,4.78,3.87,Entire home/apt,POBLATS MARITIMS,0
251.0,5,2.0,2.0,80,4.63,1.05,Entire home/apt,CIUTAT VELLA,0
175.0,2,1.0,1.0,7,4.86,0.53,Private room,EXTRAMURS,1
133.0,4,2.0,1.0,193,4.89,0.69,Entire home/apt,CIUTAT VELLA,1
140.0,4,3.0,2.0,63,4.75,12.58,Entire home/apt,POBLATS DEL SUD,1
42.0,5,2.0,1.0,118,4.62,3.98,Entire home/apt,POBLATS MARITIMS,0
156.0,5,3.0,2.0,156,4.78,1.0,Entire home/apt,EXTRAMURS,0
106.0,5,2.0,1.5,226,4.62,4.48,Entire home/apt,POBLATS MARITIMS,0
135.0,5,3.0,2.0,86,4.95,1.21,Entire home/apt,CIUTAT VELLA,1
48.0,2,1.0,1.0,278,4.84,0.82,Private room,L'EIXAMPLE,1
31.0,1,1.0,1.0,317,4.89,0.8,Private room,L'EIXAMPLE,1
120.0,4,2.0,1.0,121,4.64,0.36,Entire home/apt,CIUTAT VELLA,1
132.0,5,3.0,2.0,70,4.6,3.97,Entire home/apt,POBLATS MARITIMS,0
84.0,4,2.0,1.0,303,4.72,2.67,Entire home/apt,CAMINS AL GRAU,1
240.0,2,1.0,1.0,3,5.0,1.23,Private room,EXTRAMURS,0
112.0,4,2.0,1.0,62,4.6,4.38,Entire home/apt,POBLATS MARITIMS,0
52.0,3,2.0,1.0,316,4.91,1.1,Private room,EXTRAMURS,1
153.0,3,1.0,2.0,249,4.87,0.9,Entire home/apt,CIUTAT VELLA,0
125.0,4,2.0,2.0,122,4.51,3.33,Entire home/apt,CAMINS AL GRAU,0
45.0,4,4.0,2.0,164,4.93,1.36,Entire home/apt,L'EIXAMPLE,1
135.0,4,1.0,2.0,67,4.76,0.39,Entire home/apt,CIUTAT VELLA,1
105.0,4,2.0,2.0,588,4.87,0.44,Entire home/apt,EXTRAMURS,1
139.0,4,2.0,1.0,316,4.73,1.03,Entire home/apt,EXTRAMURS,1
132.0,4,1.0,1.0,17,5.0,3.92,Entire home/apt,POBLATS MARITIMS,0
145.0,5,2.0,1.0,244,4.77,2.78,Entire home/apt,CAMINS AL GRAU,0
30.0,1,1.0,1.0,303,4.88,0.85,Private room,L'EIXAMPLE,1
229.0,6,3.0,2.0,89,4.91,1.05,Entire home/apt,L'EIXAMPLE,1
88.0,6,3.0,1.0,203,4.87,3.81,Entire home/apt,POBLATS MARITIMS,1
313.0,7,3.0,2.0,105,4.87,0.4,Entire home/apt,CIUTAT VELLA,1
131.0,4,2.0,1.0,88,4.85,1.9,Entire home/apt,PATRAIX,1
78.0,4,2.0,2.0,82,4.73,1.04,Entire home/apt,CIUTAT VELLA,0
45.0,4,3.0,1.5,6,4.33,4.53,Entire home/apt,POBLATS MARITIMS,0
200.0,4,2.0,2.0,140,4.96,0.59,Entire home/apt,L'EIXAMPLE,1
48.0,4,3.0,1.0,196,4.95,1.3,Entire home/apt,PATRAIX,0
85.0,4,2.0,1.5,84,4.93,2.73,Entire home/apt,CAMINS AL GRAU,0
48.0,5,3.0,1.0,49,4.35,4.17,Entire home/apt,POBLATS MARITIMS,0
131.0,3,2.0,1.0,150,4.62,1.31,Entire home/apt,L'EIXAMPLE,0
120.0,4,3.0,1.0,103,4.32,3.57,Entire home/apt,BENICALAP,0
66.0,2,1.0,1.5,471,4.64,0.41,Private room,CIUTAT VELLA,0
108.0,2,1.0,1.0,330,4.92,1.1,Entire home/apt,EXTRAMURS,1
205.0,6,3.0,2.0,202,4.82,1.2,Entire home/apt,L'EIXAMPLE,0
127.0,4,1.0,1.0,194,4.82,1.4,Entire home/apt,JESUS,1
125.0,5,2.0,1.5,30,4.7,1.78,Entire home/apt,QUATRE CARRERES,0
180.0,4,2.0,2.0,174,4.82,0.9,Entire home/apt,L'EIXAMPLE,0
179.0,4,1.0,1.0,6,4.83,0.39,Entire home/apt,CIUTAT VELLA,0
78.0,4,2.0,1.0,227,4.37,2.45,Entire home/apt,L'OLIVERETA,0
116.0,7,2.0,1.0,120,4.48,2.89,Entire home/apt,RASCANYA,1
151.0,2,1.0,1.0,135,4.74,4.01,Entire home/apt,POBLATS MARITIMS,0
155.0,4,2.0,1.5,182,4.86,1.01,Entire home/apt,L'EIXAMPLE,1
75.0,2,1.0,1.5,457,4.64,0.65,Private room,CIUTAT VELLA,0
30.0,2,1.0,1.0,20,4.85,4.92,Private room,POBLATS DE L'OEST,0
72.0,4,2.0,1.0,369,4.77,2.93,Entire home/apt,CAMINS AL GRAU,0
125.0,5,3.0,2.0,5,4.0,1.68,Entire home/apt,QUATRE CARRERES,0
53.0,2,1.0,1.0,8,4.88,3.06,Private room,ALGIROS,1
110.0,4,1.0,1.0,218,4.89,0.97,Entire home/apt,CIUTAT VELLA,1
62.0,2,1.0,1.5,185,4.59,1.86,Entire home/apt,LA SAIDIA,0
142.0,6,4.0,2.0,23,4.35,2.36,Entire home/apt,CAMINS AL GRAU,0
126.0,6,4.0,2.0,32,4.25,2.52,Entire home/apt,ALGIROS,0
106.0,4,2.0,1.0,274,4.65,1.79,Entire home/apt,QUATRE CARRERES,0
90.0,4,1.0,1.0,346,4.77,1.06,Entire home/apt,CIUTAT VELLA,1
78.0,3,1.0,1.0,331,4.69,0.53,Entire home/apt,CIUTAT VELLA,0
114.0,2,1.0,1.0,180,4.47,1.1,Entire home/apt,CIUTAT VELLA,0
82.0,6,2.0,1.0,191,4.55,0.89,Entire home/apt,CIUTAT VELLA,0
123.0,4,1.0,1.0,1,3.0,0.49,Entire home/apt,CIUTAT VELLA,0
149.0,6,4.0,1.5,38,4.5,2.25,Entire home/apt,ALGIROS,0
130.0,4,2.0,2.0,473,4.73,0.59,Entire home/apt,CIUTAT VELLA,0
116.0,4,1.0,1.0,51,4.57,0.18,Entire home/apt,CIUTAT VELLA,0
115.0,2,1.0,1.0,301,4.88,0.88,Entire home/apt,CIUTAT VELLA,1
90.0,7,4.0,2.0,16,4.81,3.0,Entire home/apt,ALGIROS,0
190.0,4,2.0,1.5,407,4.92,4.0,Entire home/apt,POBLATS MARITIMS,0
124.0,2,1.0,1.0,208,4.78,0.94,Entire home/apt,CIUTAT VELLA,1
118.0,4,2.0,2.0,140,4.88,1.49,Entire home/apt,EL PLA DEL REAL,1
110.0,3,1.0,1.0,329,4.82,0.79,Entire home/apt,CIUTAT VELLA,1
31.0,2,1.0,2.0,35,4.37,4.11,Private room,POBLATS MARITIMS,0
102.0,6,3.0,1.0,291,4.69,2.67,Entire home/apt,CAMINS AL GRAU,1
114.0,6,3.0,1.0,39,4.26,3.43,Entire home/apt,POBLATS MARITIMS,0
95.0,2,1.0,1.0,142,4.84,4.03,Entire home/apt,POBLATS MARITIMS,1
306.0,8,3.0,1.0,3,4.33,3.92,Entire home/apt,POBLATS MARITIMS,0
90.0,4,1.0,1.0,311,4.61,4.16,Entire home/apt,POBLATS MARITIMS,0
102.0,2,2.0,1.0,166,4.78,0.75,Entire home/apt,EXTRAMURS,1
110.0,4,3.0,1.0,17,4.82,4.41,Entire home/apt,POBLATS MARITIMS,0
86.0,2,1.0,1.0,345,4.94,1.62,Entire home/apt,LA SAIDIA,1
360.0,4,2.0,0.5,24,4.63,1.8,Entire home/apt,QUATRE CARRERES,0
213.0,8,3.0,1.5,167,4.46,0.75,Entire home/apt,L'EIXAMPLE,0
219.0,8,3.0,2.0,68,4.37,1.09,Entire home/apt,EXTRAMURS,0
129.0,4,2.0,1.0,48,4.98,1.19,Entire home/apt,L'EIXAMPLE,1
110.0,4,2.0,2.0,113,4.54,3.84,Entire home/apt,POBLATS MARITIMS,0
95.0,2,0.0,1.0,340,4.79,1.19,Entire home/apt,L'EIXAMPLE,0
141.0,6,2.0,1.0,146,4.64,4.32,Entire home/apt,POBLATS MARITIMS,1
238.0,4,2.0,2.0,92,4.63,4.32,Entire home/apt,POBLATS MARITIMS,1
164.0,4,1.0,1.5,233,4.96,0.23,Entire home/apt,CIUTAT VELLA,0
111.0,7,2.0,1.0,469,4.89,0.76,Entire home/apt,CIUTAT VELLA,1
125.0,5,2.0,1.0,7,4.43,4.16,Entire home/apt,POBLATS MARITIMS,0
85.0,5,3.0,1.0,63,4.62,1.61,Entire home/apt,LA SAIDIA,0
133.0,5,2.0,2.0,141,4.94,4.11,Entire home/apt,POBLATS MARITIMS,1
123.0,5,2.0,1.5,277,4.91,4.05,Entire home/apt,POBLATS MARITIMS,0
33.0,1,1.0,1.0,139,4.94,2.88,Private room,CAMINS AL GRAU,1
42.0,1,1.0,1.0,158,4.86,2.85,Private room,CAMINS AL GRAU,1
119.0,4,1.0,1.0,323,4.97,0.15,Entire home/apt,CIUTAT VELLA,1
160.0,6,3.0,2.0,38,4.71,2.4,Entire home/apt,QUATRE CARRERES,0
162.0,5,3.0,1.0,129,4.35,3.55,Entire home/apt,POBLATS MARITIMS,0
89.0,4,1.0,1.0,113,4.83,3.42,Entire home/apt,POBLATS MARITIMS,1
92.0,2,0.0,1.0,383,4.81,1.39,Entire home/apt,QUATRE CARRERES,0
85.0,2,1.0,1.0,3,5.0,3.16,Entire home/apt,BENICALAP,0
96.0,2,1.0,1.5,68,4.93,1.0,Entire home/apt,L'EIXAMPLE,1
125.0,5,2.0,1.5,85,4.48,22.41,Entire home/apt,POBLATS DEL SUD,0
85.0,2,0.0,1.0,155,4.78,0.18,Entire home/apt,CIUTAT VELLA,1
86.0,4,0.0,1.0,178,4.93,22.65,Entire home/apt,POBLATS DEL SUD,1
72.0,4,1.0,1.0,171,4.71,0.89,Entire home/apt,CIUTAT VELLA,0
170.0,6,3.0,1.0,74,4.8,3.53,Entire home/apt,POBLATS MARITIMS,0
32.0,2,1.0,1.5,185,4.61,2.85,Private room,CAMINS AL GRAU,0
33.0,1,1.0,1.0,19,5.0,4.35,Private room,POBLATS MARITIMS,0
130.0,5,3.0,1.5,449,4.9,0.59,Entire home/apt,CIUTAT VELLA,1
132.0,4,1.0,1.0,136,4.89,1.71,Entire home/apt,CAMPANAR,1
155.0,5,3.0,1.0,135,4.85,4.32,Entire home/apt,POBLATS MARITIMS,1
200.0,6,3.0,2.0,317,4.96,1.53,Entire home/apt,QUATRE CARRERES,1
106.0,3,2.0,2.0,195,4.74,3.44,Entire home/apt,CAMINS AL GRAU,0
151.0,8,3.0,2.0,73,4.78,3.67,Entire home/apt,POBLATS MARITIMS,1
338.0,4,2.0,2.0,161,4.78,1.02,Entire home/apt,L'EIXAMPLE,1
270.0,4,2.0,1.0,9,4.67,3.79,Entire home/apt,POBLATS MARITIMS,0
212.0,4,1.0,1.0,96,4.73,1.16,Entire home/apt,EXTRAMURS,0
158.0,4,3.0,0.5,132,4.88,1.77,Entire home/apt,LA SAIDIA,0
135.0,3,2.0,1.0,267,4.76,1.62,Entire home/apt,LA SAIDIA,1
183.0,4,2.0,2.0,94,4.93,2.53,Entire home/apt,QUATRE CARRERES,0
71.0,4,1.0,1.0,363,4.66,2.49,Entire home/apt,ALGIROS,1
300.0,8,4.0,2.0,135,4.9,0.58,Entire home/apt,CIUTAT VELLA,1
249.0,4,1.0,0.0,21,4.67,1.05,Entire home/apt,CIUTAT VELLA,0
335.0,6,2.0,1.0,13,4.62,0.89,Entire home/apt,CIUTAT VELLA,0
239.0,4,1.0,1.0,16,4.69,1.11,Entire home/apt,CIUTAT VELLA,0
116.0,2,1.0,1.0,11,4.45,3.64,Entire home/apt,POBLATS MARITIMS,0
99.0,3,2.0,1.0,42,4.48,3.42,Entire home/apt,POBLATS MARITIMS,0
77.0,4,2.0,1.0,1,5.0,3.61,Entire home/apt,POBLATS MARITIMS,0
90.0,4,2.0,1.0,31,4.29,22.64,Entire home/apt,POBLATS DEL SUD,0
120.0,3,0.0,1.0,78,4.56,3.3,Entire home/apt,CAMINS AL GRAU,0
162.0,4,2.0,2.0,228,4.81,0.49,Entire home/apt,CIUTAT VELLA,0
218.0,6,3.0,1.5,84,4.82,0.77,Entire home/apt,EXTRAMURS,0
86.0,4,2.0,1.0,55,4.75,3.25,Entire home/apt,CAMINS AL GRAU,0
242.0,7,3.0,2.0,42,4.81,4.34,Entire home/apt,POBLATS MARITIMS,0
170.0,4,1.0,1.0,12,4.83,2.89,Entire home/apt,CAMPANAR,0
115.0,6,2.0,1.0,101,4.61,0.27,Entire home/apt,CIUTAT VELLA,0
322.0,12,5.0,3.0,494,4.85,0.54,Entire home/apt,L'EIXAMPLE,1
167.0,4,1.0,1.0,90,4.44,0.93,Entire home/apt,CIUTAT VELLA,0
118.0,2,1.0,1.0,39,4.38,1.04,Entire home/apt,CIUTAT VELLA,0
153.0,4,1.0,1.0,41,4.49,3.61,Entire home/apt,POBLATS MARITIMS,0
163.0,4,0.0,1.0,68,4.69,0.45,Entire home/apt,CIUTAT VELLA,0
169.0,4,0.0,1.0,33,4.48,0.47,Entire home/apt,CIUTAT VELLA,0
163.0,4,0.0,1.0,33,4.39,0.35,Entire home/apt,CIUTAT VELLA,0
150.0,4,0.0,1.0,78,4.5,0.33,Entire home/apt,CIUTAT VELLA,0
131.0,4,2.0,1.0,67,4.93,0.7,Entire home/apt,CIUTAT VELLA,1
180.0,2,0.0,1.0,46,4.72,4.01,Entire home/apt,POBLATS MARITIMS,0
150.0,6,3.0,3.0,27,4.85,8.86,Entire home/apt,POBLATS DEL NORD,0
125.0,4,2.0,1.5,225,4.89,0.74,Entire home/apt,CIUTAT VELLA,1
61.0,2,1.0,1.0,7,4.43,2.35,Private room,BENIMACLET,0
135.0,4,2.0,2.0,217,4.88,0.61,Entire home/apt,CIUTAT VELLA,1
99.0,4,3.0,1.0,130,4.62,1.6,Entire home/apt,LA SAIDIA,0
117.0,5,3.0,1.0,6,4.67,3.68,Entire home/apt,POBLATS MARITIMS,0
94.0,7,3.0,1.5,121,4.58,1.51,Entire home/apt,QUATRE CARRERES,0
108.0,2,1.0,1.0,304,4.93,3.87,Entire home/apt,POBLATS MARITIMS,1
114.0,2,1.0,1.0,102,4.6,1.03,Entire home/apt,EXTRAMURS,0
108.0,2,1.0,1.0,47,4.81,1.01,Entire home/apt,EXTRAMURS,1
110.0,2,1.0,1.0,40,4.73,1.03,Entire home/apt,EXTRAMURS,0
91.0,2,1.0,1.0,116,4.62,0.62,Entire home/apt,CIUTAT VELLA,0
46.0,2,1.0,1.0,222,4.75,2.54,Private room,CAMINS AL GRAU,1
158.0,6,3.0,3.0,171,4.91,3.04,Entire home/apt,CAMINS AL GRAU,1
125.0,4,2.0,1.0,440,4.93,2.72,Entire home/apt,CAMINS AL GRAU,1
104.0,4,2.0,2.0,113,4.89,1.65,Entire home/apt,EL PLA DEL REAL,1
98.0,2,1.0,1.0,159,4.82,1.05,Entire home/apt,CIUTAT VELLA,1
125.0,4,2.0,1.0,14,4.86,1.16,Entire home/apt,L'EIXAMPLE,0
110.0,4,1.0,1.0,123,4.87,0.4,Entire home/apt,CIUTAT VELLA,0
81.0,4,3.0,1.5,266,4.93,2.09,Entire home/apt,QUATRE CARRERES,1
90.0,6,2.0,2.0,65,4.86,1.62,Entire home/apt,PATRAIX,0
259.0,6,1.0,1.0,87,4.59,3.3,Entire home/apt,PATRAIX,0
126.0,4,1.0,1.0,49,4.24,0.55,Entire home/apt,CIUTAT VELLA,0
81.0,2,1.0,1.0,220,4.86,3.33,Entire home/apt,CAMINS AL GRAU,1
116.0,2,1.0,1.0,239,4.93,0.72,Entire home/apt,CIUTAT VELLA,1
165.0,6,2.0,1.0,319,4.94,4.08,Entire home/apt,POBLATS MARITIMS,1
177.0,2,1.0,1.0,137,4.75,0.69,Entire home/apt,L'EIXAMPLE,0
203.0,8,4.0,2.0,47,4.81,2.32,Entire home/apt,ALGIROS,0
126.0,7,5.0,5.0,11,4.73,3.14,Entire home/apt,POBLATS MARITIMS,0
199.0,6,2.0,2.0,14,4.93,1.91,Entire home/apt,CAMINS AL GRAU,0
358.0,12,6.0,7.0,11,4.73,2.89,Entire home/apt,ALGIROS,0
125.0,2,1.0,1.0,368,4.89,0.81,Entire home/apt,L'EIXAMPLE,1
148.0,4,3.0,1.0,116,4.84,0.46,Entire home/apt,CIUTAT VELLA,1
155.0,6,4.0,2.0,99,4.52,0.97,Entire home/apt,L'EIXAMPLE,0
129.0,2,1.0,1.0,143,4.64,1.0,Entire home/apt,CIUTAT VELLA,0
114.0,5,3.0,1.0,28,4.39,2.09,Entire home/apt,BENIMACLET,0
130.0,3,1.0,1.0,221,4.8,4.11,Entire home/apt,POBLATS MARITIMS,1
40.0,2,1.0,1.0,311,4.92,4.15,Private room,POBLATS MARITIMS,1
129.0,4,2.0,2.0,125,4.83,1.62,Entire home/apt,EL PLA DEL REAL,1
108.0,4,1.0,1.0,372,4.9,1.6,Entire home/apt,QUATRE CARRERES,1
151.0,5,3.0,2.0,155,4.74,0.64,Entire home/apt,CIUTAT VELLA,0
122.0,8,3.0,2.0,149,4.78,0.96,Entire home/apt,EXTRAMURS,0
110.0,5,2.0,1.0,18,4.67,0.46,Entire home/apt,EXTRAMURS,0
86.0,6,2.0,1.0,205,4.47,1.14,Entire home/apt,EXTRAMURS,0
101.0,2,1.0,1.0,202,4.58,0.27,Entire home/apt,CIUTAT VELLA,0
129.0,4,2.0,1.0,115,4.73,0.36,Entire home/apt,CIUTAT VELLA,0
83.0,3,1.0,1.0,357,4.59,0.37,Entire home/apt,CIUTAT VELLA,0
98.0,2,1.0,0.5,86,4.9,3.11,Entire home/apt,CAMINS AL GRAU,0
130.0,6,2.0,2.0,250,4.8,1.82,Entire home/apt,QUATRE CARRERES,1
118.0,4,2.0,1.5,148,4.54,3.89,Entire home/apt,POBLATS MARITIMS,0
72.0,2,0.0,1.0,446,4.66,1.32,Entire home/apt,L'EIXAMPLE,0
136.0,4,2.0,1.0,226,4.58,0.58,Entire home/apt,EXTRAMURS,1
155.0,6,3.0,1.5,605,4.98,1.94,Entire home/apt,QUATRE CARRERES,1
101.0,4,2.0,1.0,266,4.91,4.26,Entire home/apt,POBLATS MARITIMS,1
129.0,5,3.0,2.0,296,4.6,0.48,Entire home/apt,CIUTAT VELLA,0
98.0,3,1.0,1.0,485,4.87,0.73,Entire home/apt,L'EIXAMPLE,1
104.0,2,1.0,1.5,141,4.66,3.88,Entire home/apt,POBLATS MARITIMS,1
89.0,2,1.0,1.0,65,4.78,0.28,Entire home/apt,CIUTAT VELLA,1
110.0,4,1.0,1.0,329,4.8,0.73,Entire home/apt,CIUTAT VELLA,1
80.0,3,1.0,1.0,4,3.0,1.41,Private room,QUATRE CARRERES,0
92.0,2,1.0,1.0,572,4.9,3.05,Entire home/apt,RASCANYA,0
120.0,3,2.0,1.0,41,4.85,3.85,Entire home/apt,POBLATS MARITIMS,0
130.0,4,2.0,1.0,180,4.79,1.15,Entire home/apt,CIUTAT VELLA,0
33.0,2,1.0,1.0,190,4.56,1.46,Private room,PATRAIX,0
110.0,5,3.0,2.0,156,4.73,1.42,Entire home/apt,CAMPANAR,0
68.0,3,1.0,1.5,274,4.74,1.16,Entire home/apt,CIUTAT VELLA,0
153.0,4,3.0,1.0,95,4.73,2.99,Entire home/apt,CAMINS AL GRAU,0
165.0,5,4.0,1.0,56,4.71,1.35,Entire home/apt,L'EIXAMPLE,0
68.0,2,1.0,1.0,380,4.66,1.1,Entire home/apt,CIUTAT VELLA,0
120.0,4,1.0,1.0,3,5.0,0.89,Entire home/apt,L'EIXAMPLE,0
30.0,1,1.0,1.0,7,4.29,1.8,Private room,PATRAIX,0
180.0,4,2.0,1.0,395,4.87,0.72,Entire home/apt,EXTRAMURS,1
78.0,3,1.0,1.0,357,4.79,0.89,Entire home/apt,CIUTAT VELLA,0
69.0,2,1.0,1.0,333,4.72,1.12,Entire home/apt,CIUTAT VELLA,0
145.0,8,2.0,2.0,173,4.65,1.06,Entire home/apt,EXTRAMURS,0
32.0,1,1.0,1.0,80,4.79,1.7,Private room,EL PLA DEL REAL,0
113.0,3,1.0,1.0,413,4.99,0.27,Entire home/apt,CIUTAT VELLA,0
40.0,1,2.0,1.0,217,4.94,1.61,Private room,JESUS,1
112.0,4,1.0,1.0,251,4.93,1.02,Entire home/apt,EXTRAMURS,1
142.0,4,2.0,1.0,89,4.64,4.38,Entire home/apt,POBLATS MARITIMS,0
133.0,5,2.0,1.0,190,4.81,0.83,Entire home/apt,L'EIXAMPLE,1
158.0,4,1.0,1.0,22,4.55,2.83,Entire home/apt,CAMINS AL GRAU,0
88.0,4,1.0,1.0,274,4.91,2.52,Entire home/apt,RASCANYA,1
134.0,4,2.0,2.0,116,4.62,1.46,Entire home/apt,LA SAIDIA,0
95.0,4,3.0,1.0,79,4.57,0.84,Entire home/apt,EXTRAMURS,0
100.0,2,1.0,1.5,189,4.82,0.27,Entire home/apt,CIUTAT VELLA,0
180.0,4,1.0,2.0,64,4.83,0.86,Entire home/apt,CIUTAT VELLA,0
93.0,4,1.0,1.0,259,4.73,0.3,Entire home/apt,EXTRAMURS,0
96.0,2,0.0,0.0,231,4.46,0.82,Entire home/apt,L'EIXAMPLE,0
100.0,3,0.0,0.0,262,4.48,0.83,Entire home/apt,L'EIXAMPLE,0
104.0,3,1.0,1.0,243,4.44,0.82,Entire home/apt,L'EIXAMPLE,0
179.0,6,2.0,1.0,31,4.48,1.63,Entire home/apt,QUATRE CARRERES,0
216.0,6,3.0,2.0,159,4.69,2.19,Entire home/apt,QUATRE CARRERES,0
103.0,3,1.0,1.0,311,4.4,0.83,Entire home/apt,L'EIXAMPLE,0
80.0,4,3.0,1.0,14,4.71,2.82,Entire home/apt,L'OLIVERETA,0
93.0,5,2.0,1.5,222,4.86,0.46,Entire home/apt,CIUTAT VELLA,1
148.0,4,3.0,2.0,45,4.8,1.57,Entire home/apt,QUATRE CARRERES,0
102.0,4,2.0,1.0,305,4.81,0.49,Entire home/apt,EXTRAMURS,1
87.0,2,1.0,1.0,345,4.59,4.16,Entire home/apt,POBLATS MARITIMS,0
54.0,5,3.0,1.0,86,4.31,1.91,Entire home/apt,L'OLIVERETA,0
37.0,2,1.0,1.5,100,4.75,1.69,Private room,EL PLA DEL REAL,0
45.0,2,1.0,1.0,121,4.62,0.71,Entire home/apt,CIUTAT VELLA,1
321.0,12,6.0,3.5,194,4.54,4.28,Entire home/apt,POBLATS MARITIMS,0
81.0,3,1.0,1.0,313,4.83,1.7,Entire home/apt,QUATRE CARRERES,1
56.0,3,1.0,1.0,366,4.79,1.7,Entire home/apt,QUATRE CARRERES,1
71.0,3,1.0,1.0,308,4.79,1.7,Entire home/apt,QUATRE CARRERES,1
60.0,3,1.0,1.0,278,4.86,1.7,Entire home/apt,QUATRE CARRERES,1
142.0,4,2.0,2.0,130,4.87,0.91,Entire home/apt,L'EIXAMPLE,0
211.0,4,2.0,1.0,344,4.97,0.91,Entire home/apt,CIUTAT VELLA,0
119.0,4,1.0,1.0,91,4.45,3.17,Entire home/apt,QUATRE CARRERES,0
135.0,3,1.0,1.0,37,4.81,1.26,Entire home/apt,EXTRAMURS,0
32.0,2,1.0,2.0,10,4.9,2.32,Private room,BENIMACLET,1
77.0,4,1.0,1.0,45,4.76,3.14,Entire home/apt,CAMINS AL GRAU,0
285.0,4,1.0,1.0,5,4.8,1.72,Entire home/apt,CAMINS AL GRAU,0
127.0,5,3.0,2.0,56,4.77,3.91,Entire home/apt,POBLATS MARITIMS,0
131.0,2,1.0,1.0,97,4.96,0.94,Entire home/apt,L'EIXAMPLE,0
229.0,6,3.0,2.0,255,4.91,0.51,Entire home/apt,CIUTAT VELLA,0
131.0,5,3.0,1.5,88,4.8,2.66,Entire home/apt,ALGIROS,1
65.0,2,1.0,1.0,328,4.88,0.88,Entire home/apt,CIUTAT VELLA,1
80.0,4,2.0,1.5,78,4.88,1.3,Entire home/apt,QUATRE CARRERES,1
179.0,4,2.0,1.0,67,4.96,0.55,Entire home/apt,CIUTAT VELLA,1
103.0,5,3.0,1.0,46,4.78,4.08,Entire home/apt,POBLATS MARITIMS,0
244.0,5,2.0,1.0,118,4.77,0.81,Entire home/apt,CIUTAT VELLA,0
150.0,6,3.0,1.0,207,4.8,2.4,Entire home/apt,CAMINS AL GRAU,0
83.0,4,1.0,1.0,43,4.44,3.99,Entire home/apt,POBLATS MARITIMS,0
92.0,4,3.0,2.0,81,4.88,2.25,Entire home/apt,CAMPANAR,1
118.0,5,3.0,1.0,168,4.39,2.28,Entire home/apt,L'OLIVERETA,0
146.0,2,1.0,1.5,131,4.79,0.84,Entire home/apt,L'EIXAMPLE,1
46.0,4,2.0,2.0,170,4.65,4.31,Entire home/apt,POBLATS MARITIMS,0
145.0,4,2.0,1.0,115,4.87,1.11,Entire home/apt,L'EIXAMPLE,1
127.0,4,2.0,1.0,149,4.8,2.19,Entire home/apt,CAMINS AL GRAU,1
131.0,3,1.0,1.0,324,4.83,1.05,Entire home/apt,CIUTAT VELLA,1
91.0,4,2.0,1.0,52,4.69,3.96,Entire home/apt,POBLATS MARITIMS,0
360.0,9,3.0,2.0,23,4.74,5.1,Entire home/apt,POBLATS DEL NORD,0
119.0,4,1.0,1.0,362,4.85,0.72,Entire home/apt,CIUTAT VELLA,1
185.0,6,2.0,2.0,388,4.89,0.85,Entire home/apt,L'EIXAMPLE,1
50.0,2,0.0,1.0,119,4.62,0.83,Entire home/apt,CIUTAT VELLA,1
162.0,4,2.0,2.0,69,4.83,1.03,Entire home/apt,LA SAIDIA,0
345.0,8,3.0,3.0,291,4.93,3.89,Entire home/apt,POBLATS MARITIMS,0
140.0,4,2.0,1.5,231,4.69,0.6,Entire home/apt,CIUTAT VELLA,1
85.0,4,2.0,1.0,192,4.76,0.48,Entire home/apt,CIUTAT VELLA,0
174.0,6,3.0,2.0,18,4.61,0.55,Entire home/apt,L'EIXAMPLE,0
130.0,4,1.0,1.0,96,4.78,0.96,Entire home/apt,CIUTAT VELLA,0
206.0,8,4.0,3.5,166,4.67,3.85,Entire home/apt,POBLATS MARITIMS,0
152.0,6,3.0,1.5,179,4.88,1.36,Entire home/apt,L'EIXAMPLE,1
342.0,7,3.0,2.0,313,4.88,3.96,Entire home/apt,POBLATS MARITIMS,0
150.0,5,2.0,2.0,173,4.61,3.94,Entire home/apt,POBLATS MARITIMS,0
164.0,4,2.0,2.0,366,4.89,0.75,Entire home/apt,EXTRAMURS,1
80.0,3,1.0,1.0,130,4.68,0.61,Entire home/apt,CIUTAT VELLA,1
172.0,7,3.0,2.0,447,4.89,0.89,Entire home/apt,L'EIXAMPLE,1
322.0,4,2.0,2.0,194,4.82,0.9,Entire home/apt,CIUTAT VELLA,1
88.0,4,2.0,1.0,334,4.98,2.72,Entire home/apt,CAMINS AL GRAU,1
173.0,6,3.0,1.0,187,4.78,1.96,Entire home/apt,QUATRE CARRERES,0
98.0,3,1.0,1.0,337,4.82,2.32,Entire home/apt,ALGIROS,1
101.0,4,1.0,1.0,350,4.88,0.39,Entire home/apt,CIUTAT VELLA,1
148.0,5,3.0,2.0,53,4.79,4.29,Entire home/apt,POBLATS MARITIMS,0
384.0,10,6.0,2.0,121,4.5,0.36,Entire home/apt,CIUTAT VELLA,0
229.0,2,1.0,1.0,164,4.88,0.3,Entire home/apt,CIUTAT VELLA,0
102.0,4,2.0,1.0,304,4.86,1.59,Entire home/apt,EL PLA DEL REAL,1
38.0,2,1.0,2.0,100,4.96,2.37,Private room,PATRAIX,0
115.0,4,1.0,1.0,19,4.84,0.93,Entire home/apt,CIUTAT VELLA,0
202.0,3,1.0,1.0,2,4.0,1.17,Entire home/apt,CIUTAT VELLA,0
183.0,3,1.0,1.0,3,3.67,1.17,Entire home/apt,CIUTAT VELLA,0
202.0,3,1.0,1.0,5,5.0,1.0,Entire home/apt,CIUTAT VELLA,0
183.0,3,1.0,1.0,8,4.38,0.97,Entire home/apt,CIUTAT VELLA,0
202.0,3,1.0,1.0,4,4.0,1.2,Entire home/apt,CIUTAT VELLA,0
183.0,3,1.0,1.0,4,4.0,0.97,Entire home/apt,CIUTAT VELLA,0
122.0,5,2.0,1.0,198,4.58,1.83,Entire home/apt,QUATRE CARRERES,0
86.0,5,2.0,2.0,26,4.88,1.23,Entire home/apt,EXTRAMURS,0
53.0,2,1.0,1.0,215,4.81,2.07,Entire home/apt,JESUS,1
67.0,2,1.0,1.0,157,4.87,0.85,Private room,L'EIXAMPLE,1
162.0,4,2.0,1.0,158,4.83,3.83,Entire home/apt,POBLATS MARITIMS,1
172.0,5,3.0,1.5,134,4.74,0.61,Entire home/apt,L'EIXAMPLE,0
156.0,6,3.0,2.0,242,4.73,0.7,Entire home/apt,CIUTAT VELLA,0
75.0,2,1.0,1.5,403,4.74,0.46,Private room,CIUTAT VELLA,0
111.0,5,3.0,1.5,13,5.0,1.24,Entire home/apt,L'EIXAMPLE,0
107.0,3,1.0,1.0,166,4.61,0.65,Entire home/apt,EXTRAMURS,0
379.0,8,3.0,2.0,19,4.32,0.97,Entire home/apt,L'EIXAMPLE,0
358.0,8,3.0,2.0,28,4.61,0.97,Entire home/apt,L'EIXAMPLE,0
110.0,5,3.0,1.5,61,4.79,1.31,Entire home/apt,L'EIXAMPLE,1
156.0,6,3.0,1.0,106,4.72,2.97,Entire home/apt,ALGIROS,0
122.0,3,2.0,1.0,66,4.85,0.91,Entire home/apt,L'EIXAMPLE,0
113.0,5,3.0,1.0,225,4.49,0.8,Entire home/apt,EXTRAMURS,0
86.0,5,4.0,4.0,10,4.4,3.06,Entire home/apt,ALGIROS,0
79.0,2,1.0,1.0,234,4.58,0.51,Entire home/apt,CIUTAT VELLA,0
30.0,2,0.0,1.0,102,4.39,1.36,Private room,QUATRE CARRERES,0
132.0,4,2.0,1.0,139,4.81,1.79,Entire home/apt,CAMPANAR,1
91.0,4,1.0,1.0,112,4.7,0.93,Entire home/apt,EXTRAMURS,0
112.0,2,1.0,2.0,187,4.86,2.31,Entire home/apt,QUATRE CARRERES,1
33.0,2,1.0,2.0,2,5.0,2.45,Private room,BENIMACLET,1
118.0,5,2.0,2.0,102,4.89,0.99,Entire home/apt,CIUTAT VELLA,1
92.0,4,2.0,1.0,453,4.85,1.4,Entire home/apt,CAMPANAR,1
343.0,5,3.0,2.0,70,4.91,0.09,Entire home/apt,CIUTAT VELLA,1
100.0,6,3.0,1.0,41,4.76,1.87,Entire home/apt,CAMPANAR,0
143.0,3,2.0,1.0,82,4.96,1.84,Entire home/apt,CAMINS AL GRAU,1
31.0,1,1.0,1.0,87,4.69,1.82,Private room,EL PLA DEL REAL,1
152.0,6,2.0,1.0,6,4.67,1.2,Entire home/apt,LA SAIDIA,0
282.0,6,2.0,2.0,26,5.0,3.75,Entire home/apt,POBLATS MARITIMS,0
308.0,4,3.0,1.0,35,4.54,3.84,Entire home/apt,POBLATS MARITIMS,0
45.0,2,0.0,1.0,115,4.43,0.34,Entire home/apt,CIUTAT VELLA,1
50.0,2,1.0,1.0,159,4.96,1.74,Private room,PATRAIX,1
96.0,3,2.0,1.0,72,4.94,3.09,Entire home/apt,CAMINS AL GRAU,1
148.0,4,2.0,1.0,145,4.79,0.96,Entire home/apt,L'EIXAMPLE,1
125.0,2,1.0,1.0,155,4.55,0.46,Entire home/apt,CIUTAT VELLA,1
87.0,4,3.0,1.0,115,4.78,1.28,Entire home/apt,EXTRAMURS,1
95.0,4,1.0,1.0,455,4.86,0.8,Entire home/apt,CIUTAT VELLA,1
50.0,2,1.0,1.0,1,1.0,3.66,Private room,POBLATS MARITIMS,0
33.0,2,1.0,3.0,21,4.71,0.44,Private room,CIUTAT VELLA,0
132.0,4,1.0,1.5,66,4.85,0.92,Entire home/apt,L'EIXAMPLE,0
150.0,4,2.0,1.5,72,4.54,1.59,Entire home/apt,EXTRAMURS,0
204.0,1,0.0,1.0,17,4.71,1.38,Private room,JESUS,0
145.0,2,1.0,1.0,171,4.98,0.92,Entire home/apt,L'EIXAMPLE,1
142.0,2,1.0,1.0,458,4.91,0.64,Entire home/apt,CIUTAT VELLA,1
75.0,6,3.0,1.0,15,4.33,3.02,Entire home/apt,ALGIROS,0
206.0,6,3.0,2.0,273,4.93,3.32,Entire home/apt,CAMINS AL GRAU,0
32.0,2,1.0,3.0,23,4.91,0.39,Private room,CIUTAT VELLA,0
152.0,5,3.0,1.0,153,4.62,1.11,Entire home/apt,L'EIXAMPLE,1
153.0,5,3.0,1.0,69,4.68,1.32,Entire home/apt,EXTRAMURS,0
36.0,2,1.0,1.5,80,4.68,2.97,Private room,ALGIROS,0
62.0,4,1.0,1.0,65,4.62,2.55,Entire home/apt,CAMPANAR,0
130.0,5,2.0,1.0,140,4.91,20.97,Entire home/apt,POBLATS DEL SUD,0
95.0,4,1.0,0.5,264,4.78,0.61,Entire home/apt,CIUTAT VELLA,1
36.0,1,1.0,1.5,52,4.69,0.24,Private room,CIUTAT VELLA,0
156.0,4,2.0,1.0,55,4.6,0.98,Entire home/apt,EXTRAMURS,0
126.0,6,2.0,1.0,46,4.48,0.9,Entire home/apt,EXTRAMURS,0
96.0,4,1.0,1.0,27,4.26,0.9,Entire home/apt,EXTRAMURS,0
93.0,2,0.0,1.0,205,4.77,0.52,Entire home/apt,CIUTAT VELLA,0
90.0,4,1.0,1.0,64,4.44,0.58,Entire home/apt,CIUTAT VELLA,0
162.0,8,3.0,2.0,53,4.62,0.48,Entire home/apt,CIUTAT VELLA,0
120.0,6,2.0,1.0,11,4.55,0.58,Entire home/apt,CIUTAT VELLA,0
150.0,7,3.0,2.0,344,4.53,0.58,Entire home/apt,CIUTAT VELLA,0
120.0,5,2.0,1.0,26,4.46,0.58,Entire home/apt,CIUTAT VELLA,0
78.0,2,0.0,1.0,82,4.39,0.5,Entire home/apt,CIUTAT VELLA,0
120.0,6,2.0,1.0,31,4.68,0.5,Entire home/apt,CIUTAT VELLA,0
102.0,4,1.0,1.0,16,4.63,0.5,Entire home/apt,CIUTAT VELLA,0
90.0,4,1.0,1.0,52,4.44,0.5,Entire home/apt,CIUTAT VELLA,0
84.0,4,1.0,1.0,27,4.33,0.9,Entire home/apt,EXTRAMURS,0
114.0,6,2.0,1.0,53,4.38,0.9,Entire home/apt,EXTRAMURS,0
99.0,2,1.0,1.0,229,4.9,0.11,Entire home/apt,CIUTAT VELLA,0
92.0,4,2.0,1.0,125,4.74,1.73,Entire home/apt,PATRAIX,1
118.0,7,3.0,1.0,287,4.94,1.6,Entire home/apt,CAMPANAR,1
145.0,6,2.0,2.0,129,4.57,0.88,Entire home/apt,L'EIXAMPLE,0
114.0,4,1.0,2.0,274,4.86,2.32,Entire home/apt,QUATRE CARRERES,1
98.0,3,1.0,1.0,199,4.94,0.93,Entire home/apt,CIUTAT VELLA,1
158.0,4,1.0,1.0,3,4.67,1.66,Entire home/apt,EL PLA DEL REAL,0
151.0,4,2.0,2.0,164,4.69,1.08,Entire home/apt,EXTRAMURS,0
33.0,2,1.0,3.0,7,4.29,0.31,Private room,CIUTAT VELLA,0
175.0,4,2.0,1.0,253,4.85,3.64,Entire home/apt,POBLATS MARITIMS,1
120.0,4,2.0,1.0,247,4.88,0.8,Entire home/apt,CIUTAT VELLA,0
88.0,4,1.0,1.0,240,4.84,3.82,Entire home/apt,POBLATS MARITIMS,1
90.0,4,1.0,1.0,242,4.76,3.58,Entire home/apt,POBLATS MARITIMS,1
62.0,6,3.0,1.5,236,4.52,1.68,Entire home/apt,PATRAIX,0
115.0,4,1.0,1.0,170,4.44,0.28,Entire home/apt,CIUTAT VELLA,0
86.0,4,1.0,1.0,24,4.58,3.9,Entire home/apt,POBLATS MARITIMS,0
180.0,3,1.0,1.0,185,4.78,0.77,Entire home/apt,CIUTAT VELLA,1
106.0,4,1.0,1.0,312,4.73,0.23,Entire home/apt,CIUTAT VELLA,0
135.0,4,2.0,1.5,97,4.78,0.9,Entire home/apt,L'EIXAMPLE,1
86.0,2,1.0,1.0,102,4.49,2.51,Entire home/apt,BENIMACLET,0
45.0,2,0.0,1.0,110,4.44,0.61,Entire home/apt,CIUTAT VELLA,1
114.0,2,1.0,1.0,459,4.95,1.07,Entire home/apt,EXTRAMURS,1
84.0,4,2.0,1.0,88,4.84,1.98,Entire home/apt,BENIMACLET,1
112.0,4,2.0,1.5,65,4.77,1.91,Entire home/apt,PATRAIX,1
33.0,2,1.0,3.0,20,4.9,0.28,Private room,CIUTAT VELLA,0
30.0,2,1.0,3.5,23,4.87,0.31,Private room,CIUTAT VELLA,0
200.0,6,3.0,1.0,54,4.96,0.46,Entire home/apt,CIUTAT VELLA,1
102.0,8,3.0,1.5,198,4.82,4.11,Entire home/apt,POBLATS MARITIMS,0
212.0,6,3.0,1.0,25,4.84,0.59,Entire home/apt,CIUTAT VELLA,1
160.0,4,2.0,1.0,65,4.62,1.95,Entire home/apt,LA SAIDIA,0
189.0,6,3.0,1.0,12,4.75,4.26,Entire home/apt,POBLATS MARITIMS,0
125.0,2,1.0,1.0,217,4.67,0.27,Entire home/apt,CIUTAT VELLA,0
276.0,4,2.0,1.5,296,4.98,0.55,Entire home/apt,CIUTAT VELLA,1
95.0,2,1.0,1.0,60,4.7,1.63,Entire home/apt,LA SAIDIA,0
175.0,6,3.0,1.0,222,4.91,4.44,Entire home/apt,POBLATS MARITIMS,1
40.0,2,1.0,1.0,328,4.8,0.77,Private room,L'EIXAMPLE,1
268.0,8,4.0,2.0,18,4.5,2.61,Entire home/apt,ALGIROS,0
147.0,4,2.0,1.0,149,4.79,0.64,Entire home/apt,CIUTAT VELLA,0
161.0,6,2.0,2.0,9,4.11,0.62,Entire home/apt,CIUTAT VELLA,0
121.0,4,2.0,1.0,287,4.81,1.12,Entire home/apt,L'EIXAMPLE,0
85.0,5,3.0,1.0,12,4.58,2.44,Entire home/apt,CAMINS AL GRAU,0
131.0,4,2.0,1.0,76,4.57,3.28,Entire home/apt,CAMINS AL GRAU,0
104.0,4,1.0,1.0,253,4.85,3.71,Entire home/apt,POBLATS MARITIMS,1
174.0,6,4.0,3.0,258,4.83,2.64,Entire home/apt,ALGIROS,1
180.0,4,3.0,2.0,50,4.8,1.82,Entire home/apt,EL PLA DEL REAL,0
102.0,4,1.0,1.0,225,4.84,3.71,Entire home/apt,POBLATS MARITIMS,1
108.0,2,1.0,1.0,159,4.91,1.95,Entire home/apt,CAMINS AL GRAU,1
46.0,2,1.0,1.0,373,4.83,0.95,Private room,L'EIXAMPLE,1
168.0,2,1.0,1.0,285,4.99,0.38,Entire home/apt,CIUTAT VELLA,1
65.0,5,3.0,1.0,200,4.55,2.34,Entire home/apt,ALGIROS,0
103.0,6,3.0,1.0,136,4.18,4.19,Entire home/apt,POBLATS MARITIMS,0
134.0,4,2.0,1.0,88,4.8,1.98,Entire home/apt,CAMPANAR,0
117.0,2,1.0,1.0,218,4.8,0.48,Entire home/apt,CIUTAT VELLA,1
194.0,2,1.0,1.0,69,4.58,0.94,Entire home/apt,CIUTAT VELLA,0
204.0,4,2.0,2.0,126,4.78,0.94,Entire home/apt,CIUTAT VELLA,0
144.0,6,3.0,2.0,175,4.8,0.6,Entire home/apt,CIUTAT VELLA,1
88.0,4,3.0,2.0,31,4.48,3.96,Entire home/apt,POBLATS MARITIMS,0
147.0,2,2.0,1.0,20,4.1,3.77,Private room,POBLATS MARITIMS,0
126.0,3,1.0,1.0,120,4.71,4.17,Entire home/apt,POBLATS MARITIMS,0
96.0,3,2.0,1.0,11,4.91,2.32,Entire home/apt,LA SAIDIA,0
105.0,3,2.0,1.0,98,4.51,3.3,Entire home/apt,CAMINS AL GRAU,0
216.0,6,3.0,2.0,59,4.25,0.17,Entire home/apt,CIUTAT VELLA,0
200.0,4,3.0,1.0,10,4.2,1.53,Entire home/apt,JESUS,0
140.0,5,3.0,1.5,106,4.67,0.87,Entire home/apt,L'EIXAMPLE,0
36.0,2,1.0,1.0,38,4.87,2.14,Private room,JESUS,1
70.0,4,3.0,1.0,352,4.53,2.06,Entire home/apt,CAMINS AL GRAU,0
114.0,3,2.0,1.0,93,4.95,0.91,Entire home/apt,CIUTAT VELLA,1
120.0,4,1.0,1.0,217,4.7,3.78,Entire home/apt,POBLATS MARITIMS,0
110.0,4,2.0,1.0,280,4.63,1.91,Entire home/apt,ALGIROS,1
81.0,4,1.0,1.0,320,4.94,0.5,Entire home/apt,CIUTAT VELLA,1
89.0,5,3.0,1.0,22,4.55,2.24,Entire home/apt,CAMPANAR,0
145.0,3,1.0,1.0,57,4.7,1.23,Entire home/apt,EXTRAMURS,0
226.0,6,4.0,1.5,61,4.82,2.36,Entire home/apt,BENIMACLET,0
201.0,6,3.0,2.0,199,4.88,0.95,Entire home/apt,L'EIXAMPLE,1
46.0,2,2.0,2.0,19,4.84,1.03,Entire home/apt,L'EIXAMPLE,0
35.0,2,1.0,1.0,1,5.0,2.36,Private room,CAMINS AL GRAU,0
42.0,1,1.0,1.0,1,5.0,2.26,Private room,CAMINS AL GRAU,0
71.0,3,1.0,1.0,131,4.24,0.69,Entire home/apt,CIUTAT VELLA,0
60.0,3,1.0,1.0,176,4.47,1.98,Private room,JESUS,0
82.0,4,2.0,1.0,119,4.6,0.77,Entire home/apt,L'EIXAMPLE,0
150.0,5,3.0,1.0,178,4.61,4.28,Entire home/apt,POBLATS MARITIMS,0
144.0,4,2.0,1.0,59,4.9,1.04,Entire home/apt,L'EIXAMPLE,1
158.0,6,2.0,1.0,5,4.0,2.25,Entire home/apt,QUATRE CARRERES,0
87.0,4,3.0,2.0,194,4.72,1.42,Entire home/apt,QUATRE CARRERES,0
65.0,5,3.0,1.0,90,4.41,2.43,Entire home/apt,ALGIROS,0
156.0,4,1.0,1.0,407,4.92,0.27,Entire home/apt,CIUTAT VELLA,1
264.0,7,4.0,2.0,200,4.78,4.06,Entire home/apt,POBLATS MARITIMS,1
128.0,6,3.0,3.0,181,4.61,1.53,Entire home/apt,QUATRE CARRERES,0
107.0,4,2.0,1.0,29,4.31,1.17,Entire home/apt,EXTRAMURS,0
253.0,8,4.0,2.0,184,4.65,4.32,Entire home/apt,POBLATS MARITIMS,0
88.0,4,2.0,1.0,329,4.88,0.44,Entire home/apt,CIUTAT VELLA,1
106.0,2,2.0,1.0,65,4.89,0.88,Entire home/apt,CIUTAT VELLA,0
190.0,2,1.0,1.0,219,5.0,0.84,Entire home/apt,CIUTAT VELLA,1
104.0,5,3.0,1.0,10,4.2,1.91,Entire home/apt,LA SAIDIA,0
130.0,6,2.0,1.0,5,4.6,1.38,Entire home/apt,EL PLA DEL REAL,0
65.0,2,1.0,1.5,11,3.55,4.39,Entire home/apt,POBLATS MARITIMS,1
270.0,6,3.0,2.5,69,4.88,0.19,Entire home/apt,CIUTAT VELLA,0
222.0,5,3.0,2.0,196,4.87,3.46,Entire home/apt,CAMINS AL GRAU,0
63.0,6,1.0,1.0,76,4.75,0.89,Entire home/apt,CIUTAT VELLA,1
93.0,4,2.0,1.0,193,4.81,2.03,Entire home/apt,ALGIROS,1
143.0,5,4.0,2.0,19,4.74,1.47,Entire home/apt,LA SAIDIA,0
96.0,5,3.0,1.0,234,4.68,2.28,Entire home/apt,L'OLIVERETA,0
108.0,4,2.0,1.0,272,4.83,0.51,Entire home/apt,EXTRAMURS,1
66.0,3,2.0,1.0,34,4.68,1.97,Entire home/apt,CAMPANAR,1
98.0,2,1.0,1.0,481,4.95,3.03,Entire home/apt,RASCANYA,1
194.0,5,2.0,1.0,115,4.49,0.73,Entire home/apt,L'EIXAMPLE,0
176.0,5,2.0,1.0,60,4.58,0.97,Entire home/apt,L'EIXAMPLE,0
70.0,2,1.0,1.0,53,4.49,0.64,Entire home/apt,EXTRAMURS,0
39.0,2,1.0,1.0,53,4.7,1.59,Private room,LA SAIDIA,0
142.0,6,3.0,1.0,277,4.87,0.75,Entire home/apt,CIUTAT VELLA,1
109.0,4,2.0,2.0,108,4.82,1.61,Entire home/apt,EL PLA DEL REAL,1
153.0,3,1.0,1.0,171,4.87,0.12,Entire home/apt,CIUTAT VELLA,1
146.0,4,2.0,1.5,27,4.67,0.4,Entire home/apt,CIUTAT VELLA,0
135.0,7,5.0,3.0,8,3.75,2.34,Entire home/apt,BENIMACLET,0
85.0,6,4.0,2.0,6,4.17,1.79,Entire home/apt,EL PLA DEL REAL,0
209.0,6,3.0,2.0,121,4.83,2.43,Entire home/apt,RASCANYA,1
157.0,5,2.0,1.0,29,4.62,1.78,Entire home/apt,CAMINS AL GRAU,0
119.0,4,3.0,1.0,40,4.55,4.08,Entire home/apt,POBLATS MARITIMS,0
113.0,4,2.0,1.0,140,4.6,4.17,Entire home/apt,POBLATS MARITIMS,0
110.0,5,3.0,1.0,38,4.68,1.96,Entire home/apt,ALGIROS,0
188.0,6,3.0,2.0,62,4.63,0.63,Entire home/apt,L'EIXAMPLE,0
135.0,3,2.0,1.0,13,4.54,4.15,Entire home/apt,POBLATS MARITIMS,0
200.0,5,3.0,1.0,42,4.71,4.29,Entire home/apt,POBLATS MARITIMS,0
83.0,4,2.0,2.0,13,4.92,0.93,Entire home/apt,L'EIXAMPLE,1
72.0,2,0.0,1.0,205,4.86,3.98,Entire home/apt,POBLATS MARITIMS,1
143.0,4,2.0,1.0,60,4.53,1.28,Entire home/apt,LA SAIDIA,1
210.0,2,1.0,1.0,81,4.51,3.76,Private room,POBLATS MARITIMS,0
191.0,10,5.0,2.0,28,4.39,3.98,Entire home/apt,POBLATS MARITIMS,0
89.0,4,2.0,1.0,117,4.52,0.8,Entire home/apt,EXTRAMURS,0
81.0,2,0.0,1.0,15,4.6,1.05,Entire home/apt,CIUTAT VELLA,1
150.0,5,3.0,2.0,54,4.57,0.44,Entire home/apt,L'EIXAMPLE,0
75.0,3,1.0,1.0,132,4.67,3.82,Entire home/apt,POBLATS MARITIMS,0
101.0,4,2.0,1.0,44,4.43,1.85,Entire home/apt,QUATRE CARRERES,0
329.0,4,2.0,2.0,106,4.86,0.83,Entire home/apt,L'EIXAMPLE,1
125.0,6,4.0,2.0,82,4.54,1.13,Entire home/apt,EXTRAMURS,0
130.0,4,3.0,2.0,65,4.72,1.65,Entire home/apt,JESUS,0
57.0,2,1.0,2.0,95,4.6,2.53,Private room,ALGIROS,0
127.0,4,2.0,2.0,170,4.82,1.22,Entire home/apt,L'EIXAMPLE,1
208.0,7,3.0,2.0,205,4.93,3.71,Entire home/apt,POBLATS MARITIMS,1
244.0,5,2.0,1.0,4,4.25,1.3,Entire home/apt,LA SAIDIA,0
244.0,5,2.0,1.0,2,3.5,1.34,Entire home/apt,LA SAIDIA,0
271.0,5,2.0,2.0,3,4.67,1.09,Entire home/apt,LA SAIDIA,0
271.0,5,2.0,2.0,4,4.75,1.09,Entire home/apt,LA SAIDIA,0
71.0,2,1.0,1.0,264,4.79,1.67,Entire home/apt,EL PLA DEL REAL,1
96.0,4,1.0,1.0,23,4.65,0.48,Entire home/apt,CIUTAT VELLA,0
96.0,4,1.0,1.0,12,4.08,0.48,Entire home/apt,CIUTAT VELLA,0
173.0,4,1.0,2.0,101,4.73,0.9,Entire home/apt,CIUTAT VELLA,0
107.0,4,1.0,1.0,141,4.29,3.97,Entire home/apt,POBLATS MARITIMS,0
210.0,8,4.0,1.5,230,4.46,0.2,Entire home/apt,CIUTAT VELLA,0
119.0,4,2.0,1.0,35,4.86,20.84,Entire home/apt,POBLATS DEL SUD,0
89.0,4,3.0,1.0,40,4.7,2.01,Entire home/apt,CAMPANAR,0
155.0,4,3.0,1.5,24,4.67,4.23,Entire home/apt,POBLATS MARITIMS,0
77.0,4,1.0,1.5,29,4.52,3.26,Entire home/apt,PATRAIX,0
40.0,1,1.0,1.5,20,4.55,2.21,Private room,BENIMACLET,0
113.0,4,2.0,1.0,53,4.89,19.53,Entire home/apt,POBLATS DEL SUD,1
120.0,5,3.0,1.0,73,4.81,0.98,Entire home/apt,L'EIXAMPLE,0
123.0,3,1.0,1.0,183,4.79,1.09,Entire home/apt,CIUTAT VELLA,0
192.0,6,2.0,1.0,153,4.79,4.39,Entire home/apt,POBLATS MARITIMS,0
200.0,5,3.0,1.5,59,4.8,4.41,Entire home/apt,POBLATS MARITIMS,0
81.0,3,1.0,1.0,2,4.5,2.95,Private room,RASCANYA,0
36.0,1,1.0,1.0,7,4.86,1.43,Private room,EL PLA DEL REAL,0
161.0,5,3.0,2.0,237,4.76,0.83,Entire home/apt,L'EIXAMPLE,0
50.0,1,1.0,1.0,227,4.89,1.54,Private room,LA SAIDIA,1
121.0,5,2.0,2.0,71,4.83,1.18,Entire home/apt,CIUTAT VELLA,1
143.0,6,3.0,2.0,329,4.76,3.87,Entire home/apt,POBLATS MARITIMS,0
108.0,6,2.0,1.0,226,4.68,3.43,Entire home/apt,CAMINS AL GRAU,0
135.0,4,2.0,1.0,26,4.85,2.94,Entire home/apt,CAMINS AL GRAU,1
159.0,2,1.0,1.0,223,4.97,4.04,Entire home/apt,POBLATS MARITIMS,1
125.0,5,3.0,1.0,47,4.62,1.91,Entire home/apt,EL PLA DEL REAL,1
160.0,4,2.0,1.0,299,4.75,0.42,Entire home/apt,CIUTAT VELLA,0
68.0,4,3.0,1.0,31,4.65,2.88,Entire home/apt,L'OLIVERETA,1
60.0,2,1.0,1.0,122,4.9,3.2,Private room,POBLATS MARITIMS,1
85.0,4,1.0,1.0,195,4.92,2.58,Entire home/apt,CAMINS AL GRAU,1
100.0,4,2.0,2.0,111,4.86,1.58,Entire home/apt,LA SAIDIA,1
129.0,4,3.0,2.0,81,4.77,2.0,Entire home/apt,BENIMACLET,0
34.0,3,1.0,2.0,63,4.87,2.26,Private room,LA SAIDIA,0
93.0,4,2.0,1.0,151,4.75,0.93,Entire home/apt,EXTRAMURS,0
122.0,4,2.0,1.0,28,4.11,0.61,Entire home/apt,L'EIXAMPLE,0
112.0,4,3.0,1.0,16,4.25,2.51,Entire home/apt,ALGIROS,1
152.0,4,1.0,1.0,330,4.96,3.81,Entire home/apt,POBLATS MARITIMS,1
153.0,5,3.0,1.5,69,4.81,2.43,Entire home/apt,CAMINS AL GRAU,1
97.0,4,2.0,1.0,182,4.74,0.89,Entire home/apt,L'EIXAMPLE,0
222.0,8,4.0,2.0,228,4.86,3.1,Entire home/apt,CAMINS AL GRAU,0
150.0,6,2.0,2.0,1,2.0,0.92,Entire home/apt,CIUTAT VELLA,0
128.0,6,2.0,2.0,12,4.33,0.96,Entire home/apt,CIUTAT VELLA,0
139.0,4,2.0,1.0,9,4.56,0.92,Entire home/apt,CIUTAT VELLA,0
138.0,5,2.0,1.0,24,4.79,0.92,Entire home/apt,CIUTAT VELLA,0
117.0,4,1.0,1.0,4,4.5,0.99,Entire home/apt,CIUTAT VELLA,0
140.0,5,2.0,1.0,11,4.36,0.86,Entire home/apt,CIUTAT VELLA,0
139.0,4,2.0,1.0,4,4.5,1.0,Entire home/apt,CIUTAT VELLA,0
127.0,4,1.0,1.0,4,4.5,0.75,Entire home/apt,CIUTAT VELLA,0
139.0,5,2.0,1.0,5,5.0,0.82,Entire home/apt,CIUTAT VELLA,0
139.0,4,2.0,1.0,21,4.33,0.97,Entire home/apt,CIUTAT VELLA,0
102.0,4,1.0,1.0,3,4.67,0.75,Entire home/apt,CIUTAT VELLA,0
133.0,4,2.0,1.0,30,4.67,0.79,Entire home/apt,CIUTAT VELLA,0
116.0,2,1.0,1.0,7,4.57,0.95,Entire home/apt,CIUTAT VELLA,0
119.0,2,1.0,1.0,6,4.67,0.96,Entire home/apt,CIUTAT VELLA,0
108.0,2,1.0,1.0,2,4.0,0.95,Entire home/apt,CIUTAT VELLA,0
114.0,2,1.0,1.0,12,4.67,0.75,Entire home/apt,CIUTAT VELLA,0
122.0,2,1.0,1.0,3,4.67,0.77,Entire home/apt,CIUTAT VELLA,0
108.0,2,1.0,1.0,3,4.33,0.78,Entire home/apt,CIUTAT VELLA,0
119.0,2,1.0,1.0,3,3.67,0.79,Entire home/apt,CIUTAT VELLA,0
39.0,2,1.0,2.0,485,4.76,0.65,Private room,CIUTAT VELLA,0
158.0,7,3.0,1.0,11,4.55,4.09,Entire home/apt,POBLATS MARITIMS,0
50.0,2,1.0,1.0,441,4.68,0.65,Private room,CIUTAT VELLA,0
54.0,2,1.0,1.0,487,4.57,0.65,Private room,CIUTAT VELLA,0
92.0,5,2.0,1.0,415,4.69,1.9,Entire home/apt,QUATRE CARRERES,0
54.0,2,1.0,1.0,446,4.65,0.65,Private room,CIUTAT VELLA,0
54.0,2,1.0,1.0,374,4.65,0.65,Private room,CIUTAT VELLA,0
54.0,2,1.0,1.0,392,4.59,0.65,Private room,CIUTAT VELLA,0
54.0,2,1.0,1.0,372,4.62,0.65,Private room,CIUTAT VELLA,0
50.0,2,1.0,1.0,527,4.59,0.65,Private room,CIUTAT VELLA,0
80.0,5,1.0,1.0,508,4.63,0.65,Private room,CIUTAT VELLA,0
54.0,2,1.0,1.0,584,4.62,0.65,Private room,CIUTAT VELLA,0
50.0,2,1.0,1.0,377,4.69,0.65,Private room,CIUTAT VELLA,0
39.0,2,1.0,2.0,499,4.72,0.65,Private room,CIUTAT VELLA,0
69.0,3,0.0,1.0,363,4.66,1.98,Entire home/apt,QUATRE CARRERES,0
71.0,4,1.0,1.0,238,4.61,0.57,Entire home/apt,CIUTAT VELLA,0
34.0,3,2.0,2.0,97,4.68,13.51,Private room,POBLATS DEL SUD,1
118.0,4,2.0,1.0,324,4.94,1.05,Entire home/apt,CIUTAT VELLA,1
310.0,5,3.0,2.0,16,4.5,0.31,Entire home/apt,CIUTAT VELLA,0
134.0,6,2.0,1.0,182,4.82,1.54,Entire home/apt,L'OLIVERETA,1
86.0,2,1.0,1.0,90,4.73,3.9,Entire home/apt,POBLATS MARITIMS,1
129.0,4,2.0,2.0,298,4.8,0.41,Entire home/apt,EXTRAMURS,1
168.0,2,2.0,1.0,291,4.93,0.54,Entire home/apt,L'EIXAMPLE,1
140.0,2,2.0,1.0,347,4.95,0.31,Entire home/apt,CIUTAT VELLA,1
155.0,6,3.0,2.0,127,4.37,0.74,Entire home/apt,L'EIXAMPLE,0
153.0,4,1.0,1.0,429,4.91,3.95,Entire home/apt,POBLATS MARITIMS,1
46.0,2,1.0,1.0,288,4.8,1.01,Private room,L'EIXAMPLE,1
137.0,4,2.0,1.0,25,4.12,3.92,Entire home/apt,POBLATS MARITIMS,0
75.0,4,3.0,1.0,19,4.47,1.79,Entire home/apt,LA SAIDIA,0
113.0,6,2.0,2.0,249,4.78,1.92,Entire home/apt,QUATRE CARRERES,1
149.0,4,2.0,1.0,136,4.73,0.91,Entire home/apt,L'EIXAMPLE,0
159.0,5,3.0,1.0,115,4.84,0.77,Entire home/apt,CIUTAT VELLA,1
163.0,5,2.0,1.0,23,4.3,3.75,Entire home/apt,POBLATS MARITIMS,0
164.0,4,1.0,1.0,23,4.3,0.76,Entire home/apt,L'EIXAMPLE,0
185.0,5,2.0,1.0,17,4.35,0.73,Entire home/apt,L'EIXAMPLE,0
101.0,2,1.0,1.0,21,4.86,4.09,Entire home/apt,POBLATS MARITIMS,0
108.0,7,2.0,1.0,164,4.27,0.22,Entire home/apt,CIUTAT VELLA,0
109.0,3,1.0,1.5,68,4.66,2.49,Entire home/apt,RASCANYA,1
107.0,5,3.0,1.0,116,4.65,0.47,Entire home/apt,EXTRAMURS,0
119.0,4,2.0,2.0,415,4.7,0.52,Entire home/apt,EXTRAMURS,0
85.0,3,1.0,1.0,41,4.88,0.6,Entire home/apt,CIUTAT VELLA,1
98.0,5,3.0,1.0,139,4.56,1.92,Entire home/apt,QUATRE CARRERES,0
37.0,1,1.0,1.5,13,4.85,3.08,Private room,ALGIROS,1
206.0,4,2.0,1.0,202,4.74,0.87,Entire home/apt,CIUTAT VELLA,0
108.0,4,2.0,2.0,421,4.93,2.83,Entire home/apt,CAMINS AL GRAU,1
150.0,4,2.0,1.0,79,4.89,0.92,Entire home/apt,EXTRAMURS,0
159.0,6,3.0,1.5,127,4.77,4.44,Entire home/apt,POBLATS MARITIMS,1
199.0,6,3.0,2.5,164,4.79,0.95,Entire home/apt,L'EIXAMPLE,1
107.0,6,2.0,1.0,194,4.76,0.52,Entire home/apt,CIUTAT VELLA,0
165.0,6,3.0,2.0,4,5.0,19.81,Entire home/apt,POBLATS DEL SUD,0
175.0,6,4.0,1.0,60,4.8,3.99,Entire home/apt,POBLATS MARITIMS,0
114.0,5,3.0,1.0,139,4.29,4.28,Entire home/apt,POBLATS MARITIMS,0
40.0,2,1.0,1.0,16,4.56,2.12,Private room,BENIMACLET,1
139.0,4,2.0,1.0,2,5.0,0.51,Entire home/apt,CIUTAT VELLA,1
169.0,5,3.0,3.0,27,4.93,12.57,Entire home/apt,POBLATS DEL SUD,1
123.0,4,1.0,1.5,323,4.78,0.28,Entire home/apt,CIUTAT VELLA,0
69.0,4,1.0,1.0,171,4.39,1.03,Entire home/apt,EXTRAMURS,0
84.0,3,1.0,1.0,216,4.73,0.92,Entire home/apt,L'EIXAMPLE,1
336.0,7,3.0,2.0,63,4.92,0.98,Entire home/apt,L'EIXAMPLE,1
40.0,3,1.0,1.0,10,5.0,2.03,Private room,BENIMACLET,1
181.0,6,2.0,2.0,6,3.83,0.62,Entire home/apt,EXTRAMURS,0
151.0,4,2.0,1.5,252,4.85,0.58,Entire home/apt,EXTRAMURS,1
60.0,3,1.0,1.0,21,5.0,1.6,Private room,QUATRE CARRERES,0
60.0,2,1.0,1.0,24,5.0,1.69,Private room,QUATRE CARRERES,0
30.0,2,1.0,2.0,23,4.87,1.14,Private room,EXTRAMURS,0
110.0,5,2.0,1.0,23,4.61,0.99,Entire home/apt,EXTRAMURS,0
39.0,2,1.0,1.0,55,4.6,0.86,Private room,L'EIXAMPLE,0
141.0,6,3.0,1.0,122,4.73,3.05,Entire home/apt,ALGIROS,0
99.0,2,2.0,1.0,91,4.8,1.19,Entire home/apt,L'EIXAMPLE,0
108.0,2,1.0,1.0,1,5.0,0.95,Entire home/apt,CIUTAT VELLA,0
100.0,2,1.0,1.0,1,5.0,0.89,Entire home/apt,CIUTAT VELLA,0
50.0,3,0.0,1.0,70,4.69,0.94,Entire home/apt,CIUTAT VELLA,1
34.0,2,2.0,2.0,37,4.92,3.44,Private room,POBLATS MARITIMS,0
38.0,2,1.0,1.5,137,4.82,2.93,Private room,ALGIROS,1
131.0,3,2.0,1.0,51,4.73,1.29,Entire home/apt,L'EIXAMPLE,0
72.0,2,1.0,1.0,35,4.69,1.99,Private room,LA SAIDIA,0
98.0,2,0.0,1.0,58,4.41,0.99,Entire home/apt,L'EIXAMPLE,0
80.0,2,0.0,1.0,24,4.54,0.96,Entire home/apt,L'EIXAMPLE,0
80.0,2,0.0,1.0,37,4.46,1.04,Entire home/apt,L'EIXAMPLE,0
37.0,2,1.0,1.5,117,4.88,2.95,Private room,ALGIROS,1
50.0,2,1.0,1.0,165,4.91,1.31,Private room,L'EIXAMPLE,1
100.0,4,2.0,2.0,224,4.7,0.87,Entire home/apt,L'EIXAMPLE,1
103.0,4,2.0,2.0,209,4.6,0.87,Entire home/apt,L'EIXAMPLE,1
104.0,4,2.0,1.0,228,4.71,1.0,Entire home/apt,L'EIXAMPLE,1
100.0,2,1.0,1.0,236,4.78,1.0,Entire home/apt,L'EIXAMPLE,1
128.0,6,2.0,1.0,279,4.78,1.58,Entire home/apt,QUATRE CARRERES,1
111.0,4,2.0,0.0,45,4.91,3.91,Entire home/apt,POBLATS MARITIMS,1
128.0,3,1.0,1.0,166,4.8,1.32,Entire home/apt,LA SAIDIA,1
76.0,4,2.0,1.0,247,4.6,3.73,Entire home/apt,POBLATS MARITIMS,0
270.0,11,4.0,2.0,141,4.39,0.11,Entire home/apt,CIUTAT VELLA,0
99.0,2,1.0,1.0,209,4.79,0.26,Entire home/apt,CIUTAT VELLA,1
92.0,2,1.0,1.0,225,4.8,0.87,Entire home/apt,L'EIXAMPLE,1
79.0,3,2.0,1.0,41,4.63,2.24,Entire home/apt,LA SAIDIA,0
190.0,3,2.0,1.0,163,4.79,4.48,Entire home/apt,POBLATS MARITIMS,0
52.0,2,1.0,1.0,125,4.98,2.12,Private room,JESUS,1
60.0,3,2.0,2.5,192,4.84,0.85,Entire home/apt,CIUTAT VELLA,0
98.0,4,1.0,1.0,78,4.87,0.93,Entire home/apt,EXTRAMURS,1
132.0,4,2.0,1.5,122,4.59,3.88,Entire home/apt,POBLATS MARITIMS,0
125.0,2,1.0,1.0,186,4.77,3.85,Entire home/apt,POBLATS MARITIMS,1
53.0,2,1.0,1.0,66,4.94,2.17,Private room,JESUS,1
50.0,1,1.0,1.0,20,5.0,1.17,Private room,EXTRAMURS,0
200.0,4,2.0,1.0,32,4.53,0.4,Entire home/apt,CIUTAT VELLA,1
36.0,1,1.0,1.0,2,3.5,2.17,Private room,BENIMACLET,0
35.0,1,1.0,1.0,217,4.89,1.57,Private room,PATRAIX,1
213.0,8,4.0,2.0,137,4.52,3.7,Entire home/apt,POBLATS MARITIMS,0
38.0,2,1.0,1.0,39,4.87,3.04,Private room,JESUS,0
102.0,4,1.0,1.0,77,4.69,1.3,Entire home/apt,CIUTAT VELLA,0
153.0,4,2.0,1.0,253,4.79,1.1,Entire home/apt,EXTRAMURS,1
124.0,4,1.0,1.0,19,4.53,2.03,Entire home/apt,QUATRE CARRERES,0
182.0,6,2.0,1.0,25,4.6,2.06,Entire home/apt,QUATRE CARRERES,0
137.0,3,1.0,1.0,29,4.97,0.93,Entire home/apt,L'EIXAMPLE,1
180.0,6,2.0,1.0,30,4.37,1.9,Entire home/apt,QUATRE CARRERES,0
190.0,3,0.0,1.0,22,4.64,1.9,Entire home/apt,QUATRE CARRERES,0
160.0,5,3.0,1.5,15,4.73,1.05,Entire home/apt,L'EIXAMPLE,0
79.0,3,1.0,1.0,85,4.62,3.94,Entire home/apt,POBLATS MARITIMS,0
54.0,2,1.0,1.0,342,4.8,1.47,Private room,EXTRAMURS,0
83.0,4,2.0,1.0,197,4.94,1.99,Entire home/apt,L'OLIVERETA,1
43.0,1,1.0,1.5,33,4.73,4.44,Private room,POBLATS MARITIMS,0
173.0,4,2.0,2.0,1,5.0,0.94,Entire home/apt,EXTRAMURS,0
191.0,6,3.0,2.0,36,4.67,1.64,Entire home/apt,L'OLIVERETA,0
99.0,6,2.0,2.0,131,4.89,0.59,Entire home/apt,EXTRAMURS,1
115.0,3,2.0,1.0,130,4.6,0.75,Entire home/apt,CIUTAT VELLA,0
128.0,4,3.0,2.0,210,4.87,2.06,Entire home/apt,BENIMACLET,1
102.0,8,3.0,2.0,227,4.44,1.61,Entire home/apt,LA SAIDIA,0
32.0,2,1.0,1.0,69,4.58,1.61,Private room,LA SAIDIA,0
164.0,4,2.0,2.0,46,4.85,1.46,Entire home/apt,PATRAIX,0
100.0,2,1.0,1.0,119,4.49,0.94,Entire home/apt,EXTRAMURS,0
84.0,2,0.0,1.0,105,4.3,0.97,Entire home/apt,EXTRAMURS,0
89.0,2,0.0,1.0,164,4.34,0.83,Entire home/apt,CIUTAT VELLA,0
81.0,2,0.0,1.0,104,4.22,0.85,Entire home/apt,CIUTAT VELLA,0
87.0,2,0.0,1.0,146,4.34,0.94,Entire home/apt,EXTRAMURS,0
86.0,2,0.0,1.0,140,4.31,0.83,Entire home/apt,CIUTAT VELLA,0
138.0,4,3.0,1.5,30,4.53,2.21,Entire home/apt,QUATRE CARRERES,0
125.0,6,3.0,2.0,121,4.57,2.76,Entire home/apt,CAMINS AL GRAU,1
104.0,5,3.0,1.0,238,4.77,1.36,Entire home/apt,EXTRAMURS,0
140.0,4,3.0,1.0,282,4.92,3.84,Entire home/apt,POBLATS MARITIMS,1
119.0,3,2.0,1.0,17,4.24,0.92,Entire home/apt,EXTRAMURS,0
99.0,4,1.0,1.0,237,4.67,0.86,Entire home/apt,CIUTAT VELLA,0
385.0,8,3.0,2.0,60,4.87,0.97,Entire home/apt,L'EIXAMPLE,1
114.0,7,3.0,2.0,256,4.85,2.04,Entire home/apt,LA SAIDIA,1
112.0,3,2.0,1.0,149,4.82,0.8,Entire home/apt,L'EIXAMPLE,1
186.0,8,1.0,2.0,11,4.64,1.37,Entire home/apt,LA SAIDIA,0
110.0,4,2.0,2.0,137,4.39,0.64,Entire home/apt,CIUTAT VELLA,0
106.0,2,2.0,2.0,133,4.95,0.48,Entire home/apt,EXTRAMURS,1
78.0,2,1.0,1.0,94,4.86,1.64,Private room,QUATRE CARRERES,0
119.0,4,1.0,1.0,224,4.67,3.73,Entire home/apt,POBLATS MARITIMS,0
81.0,2,1.0,1.0,259,4.98,1.16,Entire home/apt,EXTRAMURS,1
122.0,2,1.0,1.0,241,4.92,0.67,Entire home/apt,EXTRAMURS,1
149.0,4,2.0,1.0,89,4.88,0.69,Entire home/apt,EXTRAMURS,1
150.0,4,3.0,1.0,26,4.73,2.01,Entire home/apt,LA SAIDIA,0
225.0,4,2.0,2.0,39,4.97,0.89,Entire home/apt,L'EIXAMPLE,1
65.0,4,1.0,1.0,125,4.54,3.99,Entire home/apt,POBLATS MARITIMS,0
148.0,6,3.0,2.0,20,4.35,21.39,Entire home/apt,POBLATS DEL SUD,0
36.0,2,1.0,1.0,85,4.72,4.0,Private room,POBLATS MARITIMS,1
58.0,1,1.0,2.0,1,5.0,0.45,Private room,L'EIXAMPLE,0
84.0,4,1.0,1.0,226,4.93,1.68,Entire home/apt,LA SAIDIA,1
80.0,4,3.0,1.0,6,4.83,4.82,Entire home/apt,POBLATS DE L'OEST,0
67.0,2,1.0,1.0,194,4.86,0.77,Private room,L'EIXAMPLE,1
42.0,2,1.0,1.0,50,4.94,1.68,Private room,CAMPANAR,0
123.0,2,1.0,1.0,36,4.39,1.07,Entire home/apt,LA SAIDIA,0
215.0,5,2.0,1.0,55,4.55,0.88,Entire home/apt,EXTRAMURS,0
108.0,2,1.0,1.0,24,4.54,0.87,Private room,CIUTAT VELLA,0
184.0,6,3.0,2.0,158,4.65,1.59,Entire home/apt,QUATRE CARRERES,0
208.0,6,4.0,2.0,104,4.64,0.6,Entire home/apt,L'EIXAMPLE,0
87.0,5,2.0,1.0,163,4.47,0.64,Entire home/apt,CIUTAT VELLA,0
60.0,2,1.0,1.5,53,4.92,4.3,Private room,POBLATS MARITIMS,1
122.0,4,1.0,1.0,252,4.85,0.82,Entire home/apt,EXTRAMURS,0
151.0,6,3.0,2.0,198,4.8,0.79,Entire home/apt,L'EIXAMPLE,0
109.0,4,2.0,1.0,59,4.39,0.85,Entire home/apt,CIUTAT VELLA,0
118.0,4,2.0,1.0,101,4.81,3.35,Entire home/apt,CAMINS AL GRAU,1
131.0,3,1.0,1.0,231,4.92,0.45,Entire home/apt,CIUTAT VELLA,1
194.0,6,2.0,2.0,121,4.99,0.99,Entire home/apt,L'EIXAMPLE,1
186.0,6,3.0,2.0,149,4.67,1.33,Entire home/apt,QUATRE CARRERES,0
50.0,2,0.0,1.0,49,4.65,0.67,Entire home/apt,CIUTAT VELLA,1
83.0,3,1.0,1.0,176,4.65,1.24,Entire home/apt,L'EIXAMPLE,1
131.0,2,1.0,2.0,250,4.92,0.78,Entire home/apt,L'EIXAMPLE,1
135.0,3,1.0,1.0,18,4.89,1.08,Entire home/apt,EXTRAMURS,0
301.0,6,3.0,2.0,164,4.67,1.01,Entire home/apt,L'EIXAMPLE,1
104.0,3,1.0,1.0,52,4.62,1.2,Entire home/apt,CIUTAT VELLA,0
65.0,2,1.0,1.0,105,4.88,3.99,Entire home/apt,POBLATS MARITIMS,1
118.0,4,1.0,1.0,126,4.95,4.03,Entire home/apt,POBLATS MARITIMS,1
264.0,6,3.0,2.0,69,4.75,0.32,Entire home/apt,CIUTAT VELLA,0
177.0,6,3.0,1.0,133,4.76,1.94,Entire home/apt,LA SAIDIA,0
98.0,4,0.0,1.0,80,4.76,0.98,Entire home/apt,EXTRAMURS,0
259.0,10,5.0,3.0,87,4.98,19.47,Entire home/apt,POBLATS DEL SUD,1
106.0,4,1.0,1.0,277,4.79,0.6,Entire home/apt,CIUTAT VELLA,1
123.0,4,2.0,1.0,210,4.9,4.02,Entire home/apt,POBLATS MARITIMS,1
105.0,7,4.0,2.0,14,4.43,2.67,Entire home/apt,BENIMACLET,0
89.0,3,0.0,1.0,171,4.77,0.49,Entire home/apt,CIUTAT VELLA,0
101.0,4,2.0,1.5,69,4.54,1.09,Entire home/apt,L'EIXAMPLE,0
122.0,6,2.0,2.0,111,4.43,3.99,Entire home/apt,POBLATS MARITIMS,0
161.0,2,1.0,2.0,154,4.9,0.53,Entire home/apt,L'EIXAMPLE,1
225.0,4,2.0,2.5,81,4.83,1.51,Entire home/apt,QUATRE CARRERES,0
74.0,3,1.0,1.0,142,4.78,1.51,Entire home/apt,QUATRE CARRERES,0
83.0,3,1.0,1.0,149,4.71,1.51,Entire home/apt,QUATRE CARRERES,0
113.0,3,1.0,1.0,63,4.14,1.42,Entire home/apt,LA SAIDIA,0
110.0,6,3.0,1.0,11,4.27,2.61,Entire home/apt,CAMINS AL GRAU,0
100.0,4,3.0,1.0,5,4.4,2.57,Entire home/apt,CAMINS AL GRAU,0
52.0,2,0.0,1.0,58,4.78,0.66,Entire home/apt,CIUTAT VELLA,1
104.0,4,1.0,1.0,133,4.77,4.04,Entire home/apt,POBLATS MARITIMS,1
151.0,4,1.0,1.0,31,4.71,0.76,Entire home/apt,EXTRAMURS,0
91.0,2,1.0,1.0,145,4.72,3.59,Entire home/apt,POBLATS MARITIMS,1
200.0,5,4.0,2.0,158,4.49,0.41,Entire home/apt,EXTRAMURS,0
38.0,1,1.0,1.0,42,4.57,1.97,Private room,EL PLA DEL REAL,0
72.0,2,1.0,1.0,25,5.0,0.95,Private room,CIUTAT VELLA,1
110.0,4,2.0,2.0,98,4.86,0.85,Entire home/apt,L'EIXAMPLE,1
212.0,5,3.0,1.0,77,4.29,0.21,Entire home/apt,CIUTAT VELLA,0
111.0,6,2.0,1.0,126,4.52,3.26,Entire home/apt,CAMINS AL GRAU,0
80.0,2,0.0,1.0,54,4.59,0.87,Entire home/apt,L'EIXAMPLE,0
264.0,2,1.0,1.0,29,4.69,2.38,Private room,ALGIROS,0
111.0,6,3.0,1.0,113,4.87,3.19,Entire home/apt,CAMINS AL GRAU,0
140.0,4,2.0,2.0,214,4.83,0.78,Entire home/apt,CIUTAT VELLA,0
139.0,2,1.0,1.0,131,4.89,0.22,Entire home/apt,CIUTAT VELLA,1
135.0,4,2.0,2.5,94,4.49,4.25,Entire home/apt,POBLATS MARITIMS,0
132.0,4,0.0,1.0,117,4.74,4.01,Entire home/apt,POBLATS MARITIMS,0
91.0,4,1.0,1.0,71,4.62,3.22,Entire home/apt,CAMINS AL GRAU,0
105.0,2,1.0,1.5,134,4.77,4.02,Entire home/apt,POBLATS MARITIMS,1
281.0,16,1.0,3.0,53,4.49,3.61,Entire home/apt,POBLATS MARITIMS,0
195.0,6,2.0,1.0,126,4.81,4.35,Entire home/apt,POBLATS MARITIMS,0
68.0,6,3.0,1.0,1,5.0,2.37,Entire home/apt,BENIMACLET,0
55.0,2,1.0,2.0,10,5.0,2.11,Private room,ALGIROS,1
99.0,2,1.0,1.0,139,4.84,1.25,Entire home/apt,L'EIXAMPLE,0
149.0,5,2.0,1.5,146,4.64,1.31,Entire home/apt,EL PLA DEL REAL,0
116.0,3,1.0,2.0,144,4.92,1.27,Entire home/apt,CIUTAT VELLA,0
145.0,4,2.0,2.0,175,4.87,1.1,Entire home/apt,CIUTAT VELLA,0
175.0,4,2.0,2.0,121,4.88,1.23,Entire home/apt,CIUTAT VELLA,0
65.0,5,5.0,2.0,1,5.0,2.72,Entire home/apt,BENIMACLET,0
90.0,4,3.0,2.0,20,4.25,3.56,Entire home/apt,POBLATS MARITIMS,0
35.0,2,1.0,1.0,132,4.87,3.66,Private room,POBLATS MARITIMS,1
124.0,4,1.0,1.0,117,4.93,3.93,Entire home/apt,POBLATS MARITIMS,1
81.0,4,1.0,1.0,333,4.92,0.43,Entire home/apt,EXTRAMURS,1
98.0,6,3.0,1.0,218,4.87,1.87,Entire home/apt,CAMINS AL GRAU,1
67.0,5,3.0,3.0,13,4.54,2.39,Entire home/apt,ALGIROS,0
199.0,8,3.0,2.0,65,4.86,0.41,Entire home/apt,CIUTAT VELLA,1
68.0,2,1.0,1.0,115,4.86,1.42,Private room,EXTRAMURS,1
42.0,2,1.0,1.0,154,4.94,2.34,Private room,BENIMACLET,1
34.0,1,2.0,1.0,45,4.67,1.0,Private room,CIUTAT VELLA,0
53.0,2,1.0,1.0,182,4.69,0.25,Private room,CIUTAT VELLA,0
54.0,2,0.0,1.0,44,4.86,0.82,Entire home/apt,CIUTAT VELLA,1
66.0,3,1.0,1.5,127,4.74,3.16,Entire home/apt,CAMINS AL GRAU,0
300.0,2,1.0,1.0,5,4.6,4.51,Private room,POBLATS MARITIMS,0
113.0,3,1.0,1.0,52,4.25,3.85,Entire home/apt,POBLATS MARITIMS,0
118.0,4,2.0,1.5,185,4.67,2.63,Entire home/apt,CAMINS AL GRAU,0
65.0,2,1.0,1.0,16,4.88,2.05,Private room,ALGIROS,0
200.0,6,2.0,2.0,32,4.69,0.17,Entire home/apt,CIUTAT VELLA,0
200.0,6,2.0,2.0,16,4.44,0.17,Entire home/apt,CIUTAT VELLA,0
37.0,1,1.0,2.0,133,4.65,2.53,Private room,ALGIROS,0
43.0,1,1.0,1.0,46,4.7,4.44,Private room,POBLATS MARITIMS,0
111.0,4,1.0,1.0,143,4.86,1.58,Entire home/apt,L'OLIVERETA,1
75.0,2,1.0,1.0,45,4.84,3.95,Private room,POBLATS MARITIMS,0
75.0,1,1.0,1.0,10,4.7,2.2,Private room,LA SAIDIA,0
115.0,3,2.0,1.0,206,4.75,0.82,Entire home/apt,CIUTAT VELLA,1
206.0,5,3.0,2.0,92,4.96,1.69,Entire home/apt,JESUS,1
113.0,4,2.0,2.0,77,4.35,3.96,Entire home/apt,POBLATS MARITIMS,0
167.0,6,3.0,2.0,12,4.92,2.31,Entire home/apt,CAMINS AL GRAU,1
52.0,2,1.0,1.0,42,4.6,0.63,Entire home/apt,CIUTAT VELLA,1
136.0,4,2.0,1.0,54,4.7,4.04,Entire home/apt,POBLATS MARITIMS,0
60.0,6,3.0,2.0,34,4.74,4.35,Entire home/apt,POBLATS MARITIMS,1
148.0,5,3.0,2.0,150,4.95,0.88,Entire home/apt,CIUTAT VELLA,1
89.0,3,2.0,1.0,109,4.5,0.86,Entire home/apt,CIUTAT VELLA,0
71.0,4,3.0,1.0,32,4.69,1.8,Entire home/apt,CAMPANAR,0
37.0,1,1.0,2.0,128,4.61,2.52,Private room,ALGIROS,0
126.0,4,2.0,1.0,40,4.8,1.23,Entire home/apt,PATRAIX,0
35.0,1,1.0,1.0,103,4.83,4.12,Private room,POBLATS MARITIMS,1
150.0,4,2.0,1.5,44,4.59,4.1,Entire home/apt,POBLATS MARITIMS,0
143.0,2,1.0,1.0,2,4.5,0.93,Entire home/apt,L'EIXAMPLE,0
152.0,3,1.0,1.0,10,4.8,0.96,Entire home/apt,L'EIXAMPLE,0
72.0,4,1.0,1.0,81,4.47,3.76,Entire home/apt,POBLATS MARITIMS,0
44.0,2,1.0,1.0,93,4.82,0.93,Private room,EXTRAMURS,1
90.0,4,2.0,1.0,12,4.75,14.23,Entire home/apt,POBLATS DEL SUD,0
77.0,2,1.0,1.0,179,4.49,4.1,Private room,POBLATS MARITIMS,0
82.0,2,1.0,1.0,230,4.32,4.01,Private room,POBLATS MARITIMS,0
206.0,5,3.0,2.0,68,4.82,1.73,Entire home/apt,PATRAIX,1
190.0,4,2.0,1.0,252,4.94,1.05,Entire home/apt,L'EIXAMPLE,1
100.0,2,1.0,1.0,34,4.65,1.0,Entire home/apt,EXTRAMURS,1
93.0,2,1.0,1.0,166,4.73,1.0,Entire home/apt,L'EIXAMPLE,1
114.0,2,1.0,3.0,99,4.92,0.94,Private room,EXTRAMURS,1
121.0,4,2.0,1.0,32,4.91,3.5,Entire home/apt,POBLATS MARITIMS,0
67.0,5,3.0,1.5,2,3.0,2.36,Private room,CAMPANAR,0
187.0,6,2.0,1.5,50,4.7,3.89,Entire home/apt,POBLATS MARITIMS,0
90.0,2,1.0,1.0,7,4.29,2.64,Private room,BENICALAP,0
137.0,5,3.0,2.0,42,4.95,13.82,Entire home/apt,POBLATS DEL SUD,0
81.0,2,1.0,1.0,9,4.44,2.49,Private room,BENICALAP,0
90.0,2,1.0,1.5,4,5.0,2.41,Private room,BENICALAP,0
37.0,1,1.0,1.0,5,4.8,3.53,Private room,CAMPANAR,0
162.0,6,3.0,1.0,106,4.45,4.22,Entire home/apt,POBLATS MARITIMS,0
245.0,6,3.0,2.0,96,4.91,0.49,Entire home/apt,CIUTAT VELLA,1
70.0,5,4.0,4.0,7,4.43,2.82,Entire home/apt,ALGIROS,0
194.0,2,1.0,1.0,4,4.75,0.15,Private room,CIUTAT VELLA,0
205.0,2,1.0,1.0,4,3.75,0.17,Private room,CIUTAT VELLA,0
215.0,2,1.0,1.0,24,4.75,0.09,Private room,CIUTAT VELLA,0
289.0,2,1.0,1.0,4,5.0,0.05,Private room,CIUTAT VELLA,0
103.0,4,2.0,1.0,102,4.77,2.52,Entire home/apt,RASCANYA,1
169.0,6,3.0,3.0,201,4.73,0.65,Entire home/apt,CIUTAT VELLA,0
129.0,5,3.0,1.0,121,4.69,3.1,Entire home/apt,ALGIROS,0
300.0,1,1.0,1.0,9,4.78,2.36,Private room,CAMINS AL GRAU,0
40.0,2,1.0,1.0,32,4.44,1.06,Entire home/apt,CIUTAT VELLA,0
30.0,2,1.0,1.0,35,4.4,1.26,Entire home/apt,CIUTAT VELLA,0
336.0,6,3.0,2.0,39,4.97,0.91,Entire home/apt,L'EIXAMPLE,1
56.0,2,2.0,1.0,38,4.79,1.19,Entire home/apt,EXTRAMURS,0
336.0,7,3.0,2.0,15,4.73,0.89,Entire home/apt,L'EIXAMPLE,1
95.0,3,2.0,2.0,45,4.71,0.75,Entire home/apt,CIUTAT VELLA,0
89.0,2,0.0,1.0,161,4.38,0.68,Entire home/apt,CIUTAT VELLA,0
160.0,4,2.0,2.0,27,4.41,0.34,Entire home/apt,CIUTAT VELLA,0
180.0,6,4.0,1.0,80,4.8,0.83,Entire home/apt,L'EIXAMPLE,0
158.0,4,3.0,2.0,36,4.89,1.55,Entire home/apt,QUATRE CARRERES,0
103.0,2,1.0,1.0,5,5.0,4.36,Private room,POBLATS MARITIMS,0
43.0,1,1.0,1.5,5,5.0,1.65,Private room,QUATRE CARRERES,1
220.0,6,2.0,2.0,42,4.9,2.6,Entire home/apt,ALGIROS,0
46.0,1,1.0,1.5,36,4.92,1.48,Private room,QUATRE CARRERES,1
90.0,4,1.0,1.5,37,4.65,1.62,Entire home/apt,QUATRE CARRERES,1
225.0,6,3.0,1.0,40,4.85,0.89,Entire home/apt,L'EIXAMPLE,1
73.0,2,1.0,1.0,99,4.3,0.68,Entire home/apt,CIUTAT VELLA,0
114.0,3,2.0,1.0,85,4.93,0.85,Entire home/apt,CIUTAT VELLA,1
48.0,2,1.0,1.0,8,4.88,4.29,Entire home/apt,POBLATS MARITIMS,1
127.0,2,1.0,1.0,1,5.0,3.8,Private room,POBLATS MARITIMS,0
105.0,2,1.0,1.0,637,4.91,3.09,Entire home/apt,RASCANYA,1
70.0,2,1.0,1.0,39,4.79,1.41,Entire home/apt,QUATRE CARRERES,1
75.0,6,3.0,2.0,35,4.66,1.52,Entire home/apt,QUATRE CARRERES,0
58.0,3,1.0,1.5,254,4.96,1.21,Private room,PATRAIX,1
44.0,2,1.0,1.0,59,4.83,1.22,Private room,LA SAIDIA,1
214.0,3,2.0,2.0,136,4.92,1.08,Entire home/apt,L'EIXAMPLE,0
117.0,3,2.0,1.0,17,4.71,1.97,Entire home/apt,CAMINS AL GRAU,0
177.0,3,2.0,1.0,35,4.91,1.0,Entire home/apt,L'EIXAMPLE,1
35.0,1,1.0,1.0,2,4.0,1.32,Private room,LA SAIDIA,0
102.0,4,1.0,1.0,27,4.59,0.45,Entire home/apt,EXTRAMURS,0
30.0,2,1.0,1.0,58,4.71,2.17,Private room,LA SAIDIA,1
41.0,2,1.0,1.0,5,5.0,0.92,Private room,L'EIXAMPLE,0
71.0,2,0.0,1.0,155,4.83,2.03,Entire home/apt,CAMPANAR,0
62.0,2,1.0,1.0,1,5.0,0.55,Private room,EXTRAMURS,0
172.0,8,3.0,2.0,68,4.84,1.82,Entire home/apt,JESUS,1
163.0,8,3.0,2.0,65,4.92,1.76,Entire home/apt,JESUS,1
163.0,8,3.0,2.0,50,4.82,1.67,Entire home/apt,PATRAIX,1
163.0,8,3.0,2.0,35,4.69,1.69,Entire home/apt,JESUS,1
190.0,7,4.0,2.0,24,4.83,3.78,Entire home/apt,POBLATS MARITIMS,0
114.0,4,2.0,1.5,167,4.66,0.56,Entire home/apt,CIUTAT VELLA,0
90.0,5,0.0,1.0,16,5.0,1.19,Entire home/apt,CIUTAT VELLA,1
134.0,4,2.0,1.0,108,4.73,1.44,Entire home/apt,QUATRE CARRERES,0
66.0,2,1.0,1.0,58,4.41,1.41,Private room,QUATRE CARRERES,0
171.0,7,3.0,2.0,139,4.7,3.78,Entire home/apt,POBLATS MARITIMS,1
165.0,5,3.0,2.0,22,5.0,3.08,Entire home/apt,ALGIROS,1
116.0,2,1.0,1.0,52,4.81,0.33,Entire home/apt,CIUTAT VELLA,0
150.0,5,3.0,1.0,23,4.87,3.01,Entire home/apt,CAMINS AL GRAU,1
120.0,2,1.0,1.5,123,4.93,1.0,Entire home/apt,EXTRAMURS,0
105.0,5,3.0,1.0,39,4.87,1.63,Entire home/apt,CAMPANAR,1
54.0,4,2.0,1.0,37,4.35,1.4,Entire home/apt,QUATRE CARRERES,0
99.0,2,1.0,1.0,109,4.53,1.24,Private room,L'EIXAMPLE,0
110.0,4,1.0,1.0,28,3.93,1.16,Entire home/apt,EXTRAMURS,0
151.0,5,2.0,1.0,19,4.37,0.43,Entire home/apt,CIUTAT VELLA,0
163.0,6,3.0,2.0,35,4.4,0.59,Entire home/apt,CIUTAT VELLA,0
93.0,4,2.0,1.0,103,4.67,1.64,Entire home/apt,QUATRE CARRERES,0
160.0,4,2.0,1.5,124,4.54,0.97,Entire home/apt,CIUTAT VELLA,1
43.0,1,1.0,1.0,47,4.83,3.53,Private room,ALGIROS,1
188.0,4,3.0,2.0,151,4.93,0.29,Entire home/apt,CIUTAT VELLA,1
101.0,4,2.0,1.0,88,4.41,1.03,Entire home/apt,L'EIXAMPLE,0
108.0,2,1.0,1.0,12,4.5,3.81,Entire home/apt,POBLATS MARITIMS,0
98.0,2,1.0,1.0,12,4.5,3.93,Entire home/apt,POBLATS MARITIMS,0
107.0,2,1.0,1.0,28,4.43,3.84,Entire home/apt,POBLATS MARITIMS,0
148.0,2,1.0,1.0,230,4.84,0.37,Entire home/apt,EXTRAMURS,1
39.0,1,1.0,1.5,56,4.84,1.23,Private room,LA SAIDIA,1
180.0,4,2.0,1.0,43,4.91,0.47,Entire home/apt,EXTRAMURS,1
208.0,4,2.0,1.0,174,4.84,0.85,Entire home/apt,CIUTAT VELLA,1
100.0,4,1.0,1.0,86,4.52,0.69,Entire home/apt,CIUTAT VELLA,0
106.0,4,1.0,1.0,56,4.55,0.59,Entire home/apt,CIUTAT VELLA,0
106.0,4,1.0,1.0,81,4.63,0.76,Entire home/apt,CIUTAT VELLA,0
97.0,3,1.0,1.0,20,3.9,0.54,Entire home/apt,CIUTAT VELLA,0
174.0,4,1.0,1.0,148,4.84,0.81,Entire home/apt,CIUTAT VELLA,1
199.0,4,2.0,1.0,176,4.72,0.65,Entire home/apt,CIUTAT VELLA,1
33.0,1,1.0,1.0,2,5.0,1.82,Private room,CAMINS AL GRAU,0
161.0,6,2.0,1.0,68,4.88,10.19,Entire home/apt,POBLATS DEL SUD,0
95.0,2,1.0,1.0,102,4.88,4.49,Entire home/apt,POBLATS MARITIMS,1
60.0,4,1.0,1.0,178,4.85,4.4,Private room,POBLATS MARITIMS,1
62.0,2,1.0,1.0,126,4.8,3.82,Private room,POBLATS MARITIMS,1
173.0,6,3.0,2.0,136,4.54,0.54,Entire home/apt,EXTRAMURS,0
162.0,4,2.0,1.0,21,4.43,0.54,Entire home/apt,EXTRAMURS,0
130.0,2,1.0,1.0,110,4.82,0.72,Entire home/apt,CIUTAT VELLA,0
30.0,2,1.0,1.5,6,4.67,3.05,Private room,CAMINS AL GRAU,0
59.0,2,1.0,1.0,13,4.85,0.86,Entire home/apt,CIUTAT VELLA,1
54.0,4,1.0,1.0,22,4.86,0.82,Entire home/apt,CIUTAT VELLA,1
38.0,1,1.0,1.0,1,5.0,1.97,Private room,LA SAIDIA,0
202.0,4,2.0,2.5,67,4.87,1.98,Entire home/apt,CAMINS AL GRAU,1
48.0,1,1.0,2.0,27,4.78,0.36,Private room,CIUTAT VELLA,0
110.0,8,3.0,2.0,191,4.91,4.31,Entire home/apt,POBLATS MARITIMS,1
183.0,6,2.0,2.0,27,4.56,3.82,Entire home/apt,POBLATS MARITIMS,0
158.0,4,1.0,1.0,15,4.6,3.84,Entire home/apt,POBLATS MARITIMS,0
129.0,3,1.0,1.0,150,4.87,1.28,Entire home/apt,L'EIXAMPLE,1
110.0,4,2.0,1.0,182,4.96,4.09,Entire home/apt,POBLATS MARITIMS,1
82.0,4,2.0,1.0,21,4.71,2.66,Entire home/apt,RASCANYA,1
133.0,4,2.0,1.5,56,4.86,1.87,Entire home/apt,LA SAIDIA,1
162.0,4,1.0,1.0,30,4.43,0.74,Entire home/apt,L'EIXAMPLE,0
138.0,4,2.0,2.0,74,4.95,1.33,Entire home/apt,CIUTAT VELLA,1
206.0,6,3.0,2.0,114,4.8,3.97,Entire home/apt,POBLATS MARITIMS,0
75.0,4,1.0,1.0,209,4.44,0.35,Entire home/apt,CIUTAT VELLA,0
54.0,2,1.0,1.0,110,4.64,3.85,Private room,POBLATS MARITIMS,1
100.0,4,2.0,1.0,31,4.81,1.11,Entire home/apt,L'EIXAMPLE,0
51.0,2,1.0,1.0,27,4.81,4.65,Private room,POBLATS MARITIMS,1
133.0,6,2.0,1.0,107,4.84,1.99,Entire home/apt,L'OLIVERETA,1
72.0,2,1.0,1.0,82,4.39,1.97,Entire home/apt,EL PLA DEL REAL,0
112.0,4,2.0,1.0,49,4.57,1.0,Entire home/apt,EXTRAMURS,0
147.0,4,1.0,1.0,166,4.73,0.6,Entire home/apt,EXTRAMURS,0
99.0,4,1.0,1.5,134,4.9,0.8,Entire home/apt,EXTRAMURS,0
72.0,2,1.0,1.0,7,5.0,0.66,Entire home/apt,L'EIXAMPLE,1
132.0,6,2.0,1.0,139,4.77,0.59,Entire home/apt,EXTRAMURS,0
179.0,6,3.0,1.0,93,4.68,1.93,Entire home/apt,LA SAIDIA,0
343.0,5,0.0,2.0,2,4.0,0.48,Entire home/apt,L'EIXAMPLE,0
108.0,4,2.0,1.0,129,4.64,3.27,Entire home/apt,CAMINS AL GRAU,0
67.0,2,1.0,1.0,24,4.04,5.43,Private room,POBLATS DE L'OEST,0
92.0,2,1.0,1.0,11,4.0,5.44,Private room,POBLATS DE L'OEST,0
104.0,2,1.0,1.0,2,5.0,5.53,Private room,POBLATS DE L'OEST,0
85.0,2,1.0,1.0,272,4.92,4.0,Entire home/apt,POBLATS MARITIMS,1
105.0,2,1.0,1.0,374,4.95,3.09,Entire home/apt,RASCANYA,1
336.0,6,3.0,2.0,47,4.98,0.75,Entire home/apt,L'EIXAMPLE,1
84.0,4,3.0,1.0,47,4.81,19.49,Entire home/apt,POBLATS DEL SUD,1
278.0,9,3.0,2.0,59,4.76,0.53,Entire home/apt,EXTRAMURS,0
69.0,4,2.0,1.0,32,4.22,13.42,Entire home/apt,POBLATS DEL SUD,0
187.0,6,4.0,2.0,137,4.47,0.69,Entire home/apt,L'EIXAMPLE,0
49.0,2,1.0,1.0,64,4.86,1.71,Private room,EL PLA DEL REAL,1
90.0,4,1.0,1.0,57,4.49,19.02,Entire home/apt,POBLATS DEL SUD,0
267.0,8,3.0,2.0,47,4.66,0.82,Entire home/apt,EXTRAMURS,0
256.0,6,2.0,2.0,20,4.6,0.81,Entire home/apt,EXTRAMURS,0
275.0,6,3.0,2.0,4,5.0,0.88,Entire home/apt,EXTRAMURS,0
30.0,1,1.0,1.0,87,4.83,3.67,Private room,POBLATS MARITIMS,1
172.0,6,3.0,2.0,48,4.65,1.74,Entire home/apt,JESUS,1
132.0,2,2.0,2.0,9,4.67,0.67,Entire home/apt,CIUTAT VELLA,1
152.0,3,1.0,1.0,112,4.79,3.99,Entire home/apt,POBLATS MARITIMS,1
223.0,4,2.0,2.0,97,4.96,3.61,Entire home/apt,POBLATS MARITIMS,1
90.0,3,1.0,1.0,13,4.85,1.38,Entire home/apt,L'OLIVERETA,0
160.0,4,2.0,2.0,58,4.5,0.54,Entire home/apt,CIUTAT VELLA,0
76.0,2,1.0,1.0,2,5.0,2.25,Private room,ALGIROS,0
98.0,2,1.0,1.0,88,4.44,1.09,Entire home/apt,CIUTAT VELLA,0
98.0,4,2.0,1.0,159,4.67,1.07,Entire home/apt,CIUTAT VELLA,0
96.0,3,2.0,1.0,167,4.81,0.92,Entire home/apt,L'EIXAMPLE,1
77.0,4,0.0,1.0,140,4.61,0.65,Entire home/apt,EXTRAMURS,0
198.0,6,3.0,1.5,6,4.67,0.64,Entire home/apt,CIUTAT VELLA,0
44.0,1,1.0,1.0,36,4.86,1.16,Private room,L'EIXAMPLE,1
62.0,2,0.0,1.0,19,3.37,0.52,Entire home/apt,CIUTAT VELLA,0
107.0,3,2.0,1.0,30,4.5,3.43,Entire home/apt,POBLATS MARITIMS,1
87.0,2,0.0,1.0,208,4.63,0.47,Entire home/apt,CIUTAT VELLA,0
51.0,2,1.0,1.0,96,4.63,3.96,Private room,POBLATS MARITIMS,1
120.0,4,2.0,1.0,24,4.54,1.14,Entire home/apt,EXTRAMURS,0
109.0,2,1.0,1.0,90,4.86,4.16,Entire home/apt,POBLATS MARITIMS,1
151.0,6,2.0,1.0,8,4.25,0.87,Entire home/apt,CIUTAT VELLA,0
171.0,4,2.0,2.0,82,4.61,4.32,Entire home/apt,POBLATS MARITIMS,0
61.0,2,1.0,1.0,34,4.68,1.55,Entire home/apt,LA SAIDIA,0
98.0,4,3.0,3.0,149,4.68,1.91,Entire home/apt,QUATRE CARRERES,0
177.0,6,3.0,2.0,149,4.85,4.24,Entire home/apt,POBLATS MARITIMS,0
40.0,1,2.0,2.0,2,5.0,0.69,Private room,EXTRAMURS,0
125.0,6,3.0,1.0,61,4.54,4.16,Entire home/apt,POBLATS MARITIMS,0
58.0,2,1.0,1.5,45,4.91,1.0,Private room,L'EIXAMPLE,1
50.0,1,1.0,1.0,67,4.99,3.38,Private room,CAMINS AL GRAU,1
200.0,5,2.0,1.0,53,4.53,0.21,Entire home/apt,CIUTAT VELLA,0
187.0,5,2.0,1.0,107,4.5,0.14,Entire home/apt,CIUTAT VELLA,0
167.0,4,1.0,1.0,202,4.63,0.25,Entire home/apt,CIUTAT VELLA,0
163.0,4,1.0,1.0,128,4.57,0.12,Entire home/apt,CIUTAT VELLA,0
312.0,10,3.0,2.0,20,4.5,1.72,Entire home/apt,QUATRE CARRERES,0
86.0,6,2.0,1.0,27,4.63,1.6,Entire home/apt,QUATRE CARRERES,0
140.0,4,2.0,1.0,151,4.92,0.9,Entire home/apt,L'EIXAMPLE,1
112.0,4,1.0,1.0,172,4.8,1.08,Entire home/apt,EXTRAMURS,0
130.0,4,2.0,2.0,206,4.93,0.74,Entire home/apt,L'EIXAMPLE,0
85.0,4,2.0,1.0,38,4.74,2.3,Entire home/apt,RASCANYA,1
95.0,4,2.0,1.0,172,4.62,0.55,Entire home/apt,CIUTAT VELLA,0
230.0,6,3.0,1.0,15,4.47,2.06,Entire home/apt,BENIMACLET,0
318.0,4,2.0,1.0,98,4.67,0.35,Entire home/apt,CIUTAT VELLA,0
78.0,4,1.0,1.0,403,4.77,0.7,Entire home/apt,CIUTAT VELLA,1
128.0,4,2.0,1.0,19,4.68,0.52,Entire home/apt,CIUTAT VELLA,0
91.0,6,2.0,2.0,370,4.76,0.52,Entire home/apt,CIUTAT VELLA,1
50.0,2,1.0,2.0,149,4.95,1.68,Private room,QUATRE CARRERES,1
260.0,6,3.0,2.5,52,4.79,3.0,Entire home/apt,L'OLIVERETA,0
150.0,4,1.0,1.0,134,4.82,4.18,Entire home/apt,POBLATS MARITIMS,0
340.0,8,3.0,2.0,1,4.0,4.18,Entire home/apt,POBLATS MARITIMS,0
50.0,2,1.0,1.0,33,4.97,0.7,Private room,CIUTAT VELLA,1
88.0,2,1.0,1.0,123,4.94,1.95,Private room,QUATRE CARRERES,0
175.0,6,3.0,1.0,30,4.53,2.7,Entire home/apt,CAMINS AL GRAU,0
32.0,2,1.0,2.0,137,4.69,1.19,Private room,EXTRAMURS,1
47.0,1,1.0,1.0,272,4.98,3.28,Private room,CAMINS AL GRAU,1
54.0,1,1.0,1.0,259,4.96,3.23,Private room,CAMINS AL GRAU,1
128.0,4,2.0,1.0,60,4.43,0.94,Entire home/apt,L'EIXAMPLE,0
111.0,4,2.0,2.0,46,4.78,3.8,Entire home/apt,POBLATS DE L'OEST,1
150.0,4,0.0,1.5,16,4.75,0.91,Entire home/apt,CIUTAT VELLA,1
161.0,2,1.0,1.0,15,5.0,4.15,Entire home/apt,POBLATS MARITIMS,0
109.0,4,2.0,2.0,65,4.68,3.8,Entire home/apt,POBLATS DE L'OEST,1
146.0,4,3.0,1.5,14,5.0,13.26,Entire home/apt,POBLATS DEL SUD,0
143.0,5,1.0,1.0,75,4.88,3.93,Entire home/apt,POBLATS MARITIMS,1
92.0,6,3.0,2.0,23,4.74,6.49,Entire home/apt,POBLATS DEL SUD,0
120.0,3,2.0,1.0,29,4.93,1.19,Entire home/apt,L'EIXAMPLE,0
32.0,2,1.0,1.5,41,4.61,3.1,Private room,ALGIROS,0
152.0,5,3.0,1.0,39,4.82,3.85,Entire home/apt,POBLATS MARITIMS,1
136.0,3,2.0,1.0,183,4.83,4.0,Entire home/apt,POBLATS MARITIMS,1
92.0,2,1.0,1.5,10,4.7,1.58,Private room,LA SAIDIA,0
136.0,4,2.0,2.0,116,4.94,0.95,Entire home/apt,EXTRAMURS,1
162.0,4,2.0,1.0,93,4.12,0.6,Entire home/apt,CIUTAT VELLA,0
52.0,2,1.0,2.0,105,4.79,0.19,Private room,CIUTAT VELLA,0
132.0,5,2.0,2.0,137,4.55,0.22,Entire home/apt,CIUTAT VELLA,0
36.0,2,1.0,1.0,53,4.96,1.44,Private room,L'OLIVERETA,1
108.0,5,1.0,1.0,147,4.86,1.22,Entire home/apt,PATRAIX,0
140.0,4,2.0,1.5,253,4.81,0.71,Entire home/apt,CIUTAT VELLA,1
119.0,8,5.0,2.5,4,4.25,2.3,Entire home/apt,CAMINS AL GRAU,0
42.0,2,1.0,2.0,99,4.71,0.19,Private room,CIUTAT VELLA,0
47.0,2,1.0,1.0,72,4.74,0.25,Private room,CIUTAT VELLA,0
130.0,6,3.0,1.0,4,4.5,2.96,Entire home/apt,ALGIROS,0
270.0,6,4.0,1.5,60,4.57,3.72,Entire home/apt,POBLATS MARITIMS,0
43.0,2,1.0,1.0,49,4.65,1.45,Private room,EL PLA DEL REAL,0
40.0,2,1.0,1.0,92,4.79,2.11,Private room,ALGIROS,0
206.0,8,4.0,2.5,37,4.41,13.85,Entire home/apt,POBLATS DEL SUD,0
114.0,6,4.0,1.0,30,4.87,2.22,Entire home/apt,JESUS,0
189.0,5,2.0,2.0,55,4.51,0.43,Entire home/apt,CIUTAT VELLA,0
190.0,6,2.0,2.0,31,4.55,3.69,Entire home/apt,POBLATS MARITIMS,0
143.0,4,2.0,1.0,13,4.77,3.1,Entire home/apt,CAMINS AL GRAU,1
65.0,6,4.0,4.0,19,4.42,3.1,Entire home/apt,ALGIROS,0
336.0,6,3.0,2.0,14,4.93,0.88,Entire home/apt,L'EIXAMPLE,1
126.0,4,1.0,1.0,144,4.78,2.57,Entire home/apt,CAMINS AL GRAU,0
114.0,4,1.0,1.0,184,4.74,2.74,Entire home/apt,ALGIROS,0
126.0,4,1.0,1.0,191,4.74,2.57,Entire home/apt,ALGIROS,0
67.0,2,1.0,1.5,112,4.83,0.92,Private room,L'EIXAMPLE,1
170.0,4,2.0,2.5,55,4.44,1.59,Entire home/apt,QUATRE CARRERES,0
97.0,2,1.0,1.0,38,4.53,3.1,Entire home/apt,JESUS,1
59.0,5,1.0,1.5,79,4.29,3.96,Entire home/apt,POBLATS MARITIMS,0
105.0,2,1.0,1.0,248,4.91,3.09,Entire home/apt,RASCANYA,1
78.0,2,1.0,1.0,155,4.83,0.67,Private room,CIUTAT VELLA,1
350.0,2,2.0,1.0,9,5.0,4.26,Entire home/apt,POBLATS MARITIMS,0
182.0,8,3.0,2.0,22,4.86,1.75,Entire home/apt,JESUS,1
53.0,2,1.0,1.0,17,4.88,4.25,Entire home/apt,POBLATS MARITIMS,1
95.0,2,1.0,1.0,31,4.94,13.92,Entire home/apt,POBLATS DEL SUD,1
133.0,4,3.0,1.5,13,4.69,1.38,Entire home/apt,JESUS,0
167.0,4,1.0,1.0,195,4.9,3.96,Entire home/apt,POBLATS MARITIMS,1
163.0,4,2.0,1.0,95,4.86,3.97,Entire home/apt,POBLATS MARITIMS,1
191.0,6,3.0,1.0,132,4.82,2.67,Entire home/apt,ALGIROS,0
227.0,6,2.0,1.0,8,4.0,0.59,Entire home/apt,EXTRAMURS,0
39.0,2,1.0,1.0,15,4.53,1.95,Private room,LA SAIDIA,0
137.0,4,2.0,2.0,30,4.3,0.63,Entire home/apt,L'EIXAMPLE,0
90.0,2,1.0,1.0,51,4.69,3.77,Entire home/apt,POBLATS MARITIMS,1
168.0,6,3.0,2.0,64,4.98,2.29,Entire home/apt,QUATRE CARRERES,0
119.0,5,2.0,1.0,74,4.38,0.74,Entire home/apt,L'EIXAMPLE,0
84.0,3,0.0,4.0,33,4.0,1.79,Private room,CAMINS AL GRAU,0
84.0,3,0.0,4.0,5,4.4,1.95,Private room,CAMINS AL GRAU,0
79.0,3,0.0,4.0,65,4.26,1.78,Private room,CAMINS AL GRAU,0
79.0,3,0.0,4.0,4,4.25,1.89,Private room,CAMINS AL GRAU,0
84.0,2,0.0,4.0,6,3.67,1.94,Private room,CAMINS AL GRAU,0
77.0,2,0.0,1.0,15,4.2,1.91,Private room,CAMINS AL GRAU,0
69.0,2,0.0,4.0,8,4.13,1.76,Private room,CAMINS AL GRAU,0
69.0,2,0.0,4.0,36,4.11,1.82,Private room,CAMINS AL GRAU,0
82.0,2,0.0,1.0,15,4.27,1.78,Private room,CAMINS AL GRAU,0
82.0,2,0.0,1.0,8,4.63,1.77,Private room,CAMINS AL GRAU,0
140.0,4,3.0,1.0,32,5.0,1.64,Entire home/apt,QUATRE CARRERES,1
81.0,3,0.0,1.0,265,4.74,2.02,Entire home/apt,QUATRE CARRERES,0
57.0,1,1.0,1.0,102,4.81,0.99,Private room,L'EIXAMPLE,1
34.0,2,1.0,2.0,20,4.95,0.35,Private room,CIUTAT VELLA,0
87.0,2,1.0,1.0,26,4.92,2.64,Private room,RASCANYA,0
37.0,2,1.0,2.0,18,4.67,4.09,Private room,POBLATS MARITIMS,0
37.0,2,1.0,2.0,18,4.33,4.05,Private room,POBLATS MARITIMS,0
65.0,2,1.0,1.0,175,4.78,0.75,Entire home/apt,CIUTAT VELLA,0
41.0,2,1.0,2.0,4,4.5,4.11,Private room,POBLATS MARITIMS,0
137.0,2,1.0,1.0,3,4.0,0.58,Private room,CIUTAT VELLA,0
157.0,2,1.0,1.0,64,4.5,0.58,Private room,CIUTAT VELLA,0
174.0,2,1.0,1.0,35,4.69,0.58,Private room,CIUTAT VELLA,0
70.0,1,1.0,1.0,32,4.44,0.85,Private room,L'EIXAMPLE,0
89.0,2,1.0,1.0,14,4.43,0.85,Private room,L'EIXAMPLE,0
99.0,2,1.0,1.0,19,4.26,0.85,Private room,L'EIXAMPLE,0
126.0,2,1.0,1.0,2,5.0,0.85,Private room,L'EIXAMPLE,0
165.0,3,1.0,1.0,12,4.42,0.85,Private room,L'EIXAMPLE,0
214.0,4,1.0,1.0,1,5.0,0.8,Private room,L'EIXAMPLE,0
300.0,2,1.0,1.5,6,4.5,4.65,Private room,POBLATS MARITIMS,0
150.0,6,3.0,1.0,18,4.28,2.88,Entire home/apt,CAMINS AL GRAU,0
65.0,2,0.0,4.0,19,4.37,1.91,Private room,CAMINS AL GRAU,0
171.0,5,2.0,2.0,140,4.39,0.56,Entire home/apt,CIUTAT VELLA,0
72.0,1,1.0,1.0,47,4.87,0.84,Private room,CIUTAT VELLA,1
135.0,6,2.0,1.0,148,4.72,0.22,Entire home/apt,CIUTAT VELLA,1
197.0,8,2.0,2.0,150,4.61,0.77,Entire home/apt,CIUTAT VELLA,0
84.0,2,0.0,1.0,154,4.8,1.8,Entire home/apt,CAMPANAR,1
60.0,2,0.0,1.0,25,4.96,2.01,Entire home/apt,CAMPANAR,1
84.0,2,0.0,1.0,318,4.82,1.78,Entire home/apt,CAMPANAR,1
123.0,4,1.0,1.0,86,4.49,4.08,Entire home/apt,POBLATS MARITIMS,0
143.0,4,1.0,1.0,244,4.42,0.54,Entire home/apt,CIUTAT VELLA,0
150.0,4,1.0,1.0,118,4.41,0.72,Entire home/apt,CIUTAT VELLA,0
115.0,5,3.0,1.0,70,4.26,4.11,Entire home/apt,POBLATS MARITIMS,0
33.0,2,1.0,4.5,19,4.58,0.27,Private room,CIUTAT VELLA,0
172.0,4,1.0,1.0,4,3.75,0.88,Entire home/apt,L'EIXAMPLE,0
89.0,5,2.0,1.0,185,4.52,0.54,Entire home/apt,CIUTAT VELLA,0
71.0,3,1.0,1.0,188,4.44,0.55,Entire home/apt,CIUTAT VELLA,0
193.0,4,2.0,2.0,41,4.59,0.92,Entire home/apt,EXTRAMURS,0
156.0,3,1.0,1.0,1,5.0,0.79,Entire home/apt,L'EIXAMPLE,0
35.0,2,1.0,2.0,104,4.62,3.86,Private room,POBLATS MARITIMS,0
200.0,6,3.0,1.5,34,4.97,0.4,Entire home/apt,EXTRAMURS,1
93.0,4,1.0,1.0,59,4.68,3.72,Entire home/apt,POBLATS MARITIMS,1
38.0,2,1.0,2.0,84,4.51,3.91,Private room,POBLATS MARITIMS,0
39.0,2,1.0,1.5,120,4.4,0.38,Private room,CIUTAT VELLA,0
86.0,4,1.0,1.0,153,4.74,0.29,Entire home/apt,CIUTAT VELLA,0
79.0,3,1.0,1.0,94,4.37,3.93,Entire home/apt,POBLATS MARITIMS,0
153.0,4,2.0,1.0,224,4.85,1.63,Entire home/apt,QUATRE CARRERES,1
135.0,2,1.0,1.0,10,4.6,0.41,Private room,CIUTAT VELLA,1
92.0,4,1.0,1.0,25,3.76,1.04,Entire home/apt,CIUTAT VELLA,0
138.0,4,2.0,3.0,105,4.99,4.07,Entire home/apt,POBLATS MARITIMS,1
141.0,4,2.0,2.0,28,3.93,3.45,Entire home/apt,POBLATS MARITIMS,0
83.0,4,1.0,1.5,321,4.81,0.75,Entire home/apt,EXTRAMURS,1
114.0,2,0.0,1.0,114,4.71,1.29,Entire home/apt,L'EIXAMPLE,0
92.0,4,1.0,1.0,100,4.05,0.25,Entire home/apt,CIUTAT VELLA,0
56.0,5,3.0,1.0,28,4.5,1.8,Entire home/apt,QUATRE CARRERES,0
60.0,4,1.0,1.0,105,4.21,0.84,Entire home/apt,CIUTAT VELLA,0
117.0,4,3.0,1.0,14,4.71,1.92,Entire home/apt,LA SAIDIA,0
118.0,2,1.0,1.0,169,4.69,1.11,Entire home/apt,CIUTAT VELLA,0
138.0,2,1.0,1.0,247,4.96,1.21,Entire home/apt,EXTRAMURS,1
102.0,2,0.0,1.0,57,4.81,3.84,Entire home/apt,POBLATS MARITIMS,0
114.0,2,0.0,1.0,46,4.76,3.69,Entire home/apt,POBLATS MARITIMS,0
40.0,3,1.0,2.0,14,4.5,1.44,Private room,EL PLA DEL REAL,0
77.0,4,0.0,1.0,328,4.79,1.58,Entire home/apt,L'OLIVERETA,1
204.0,4,2.0,0.0,22,4.86,2.25,Entire home/apt,QUATRE CARRERES,0
185.0,2,1.0,0.0,29,4.66,2.35,Entire home/apt,QUATRE CARRERES,0
82.0,2,1.0,1.0,86,4.57,3.93,Entire home/apt,POBLATS MARITIMS,0
39.0,2,1.0,2.0,52,4.6,1.59,Private room,EL PLA DEL REAL,0
88.0,2,1.0,1.0,24,4.33,1.66,Entire home/apt,EXTRAMURS,0
144.0,4,2.0,1.5,39,4.85,3.61,Entire home/apt,POBLATS MARITIMS,0
77.0,4,2.0,1.0,145,4.72,2.26,Entire home/apt,CAMINS AL GRAU,0
362.0,11,5.0,2.0,149,4.72,2.38,Entire home/apt,CAMINS AL GRAU,0
131.0,2,1.0,1.0,177,4.91,1.21,Entire home/apt,EXTRAMURS,1
115.0,4,2.0,1.0,99,4.68,4.16,Entire home/apt,POBLATS MARITIMS,0
190.0,5,3.0,2.0,15,5.0,0.78,Entire home/apt,CIUTAT VELLA,0
93.0,2,1.0,1.0,9,4.78,2.66,Entire home/apt,ALGIROS,0
124.0,4,2.0,1.0,179,4.56,1.39,Entire home/apt,QUATRE CARRERES,0
101.0,4,2.0,1.0,177,4.55,0.77,Entire home/apt,CIUTAT VELLA,0
97.0,4,2.0,1.0,140,4.64,2.91,Entire home/apt,CAMINS AL GRAU,0
80.0,2,1.0,2.0,39,4.95,4.1,Entire home/apt,POBLATS MARITIMS,1
64.0,6,3.0,1.5,5,4.2,3.05,Entire home/apt,ALGIROS,0
90.0,1,1.0,1.0,7,4.86,1.56,Private room,CAMPANAR,1
141.0,4,0.0,1.0,29,4.69,4.14,Entire home/apt,POBLATS MARITIMS,0
249.0,4,1.0,1.0,14,4.71,4.11,Entire home/apt,POBLATS MARITIMS,0
94.0,4,1.0,1.0,84,4.71,0.73,Entire home/apt,CIUTAT VELLA,1
89.0,4,1.0,1.0,100,4.71,0.75,Entire home/apt,CIUTAT VELLA,0
155.0,6,3.0,2.0,135,4.63,4.35,Entire home/apt,POBLATS MARITIMS,0
160.0,6,2.0,2.0,61,4.3,0.35,Entire home/apt,CIUTAT VELLA,0
125.0,2,1.0,1.0,70,4.83,0.43,Entire home/apt,CIUTAT VELLA,0
89.0,2,1.0,1.5,8,3.88,2.46,Private room,RASCANYA,0
86.0,4,1.0,1.0,76,4.42,0.87,Entire home/apt,L'EIXAMPLE,0
130.0,4,2.0,1.0,72,4.26,0.87,Entire home/apt,L'EIXAMPLE,0
133.0,4,1.0,1.0,2,4.0,2.36,Private room,RASCANYA,0
140.0,2,1.0,1.0,24,4.79,0.62,Entire home/apt,EXTRAMURS,1
152.0,8,4.0,4.5,120,4.89,4.03,Entire home/apt,POBLATS MARITIMS,0
196.0,4,2.0,1.0,124,4.69,2.12,Entire home/apt,CAMINS AL GRAU,0
123.0,2,2.0,1.0,80,4.85,4.07,Entire home/apt,POBLATS MARITIMS,0
234.0,7,4.0,1.0,31,4.77,4.33,Entire home/apt,POBLATS MARITIMS,0
110.0,4,3.0,1.0,21,4.57,0.78,Entire home/apt,EXTRAMURS,0
83.0,4,1.0,1.0,182,4.55,0.84,Entire home/apt,L'EIXAMPLE,0
175.0,6,2.0,2.0,17,4.18,0.75,Entire home/apt,CIUTAT VELLA,0
196.0,6,2.0,2.0,32,4.69,0.9,Entire home/apt,CIUTAT VELLA,0
211.0,6,2.0,2.0,13,4.38,0.69,Entire home/apt,CIUTAT VELLA,0
178.0,6,2.0,2.0,20,4.7,0.85,Entire home/apt,CIUTAT VELLA,0
171.0,6,2.0,2.0,33,4.55,0.74,Entire home/apt,CIUTAT VELLA,0
200.0,6,2.0,2.0,22,4.73,0.81,Entire home/apt,CIUTAT VELLA,0
178.0,4,2.0,1.0,6,4.67,0.86,Entire home/apt,CIUTAT VELLA,0
168.0,4,1.0,1.0,216,4.78,0.3,Entire home/apt,CIUTAT VELLA,0
194.0,4,2.0,1.0,171,4.95,0.76,Entire home/apt,EXTRAMURS,1
119.0,2,0.0,1.0,223,4.92,0.83,Entire home/apt,EXTRAMURS,0
76.0,2,1.0,1.0,270,4.73,0.36,Entire home/apt,CIUTAT VELLA,0
155.0,2,1.0,1.0,1,5.0,1.73,Private room,CAMINS AL GRAU,0
82.0,4,1.0,1.0,158,4.78,0.39,Entire home/apt,CIUTAT VELLA,0
140.0,5,2.0,1.0,77,4.7,4.35,Entire home/apt,POBLATS MARITIMS,0
164.0,4,2.0,2.5,24,4.75,0.78,Entire home/apt,CIUTAT VELLA,1
345.0,4,1.0,1.5,75,4.71,3.89,Entire home/apt,POBLATS MARITIMS,0
139.0,4,2.0,1.0,36,4.75,13.28,Entire home/apt,POBLATS DEL SUD,0
85.0,4,2.0,1.0,29,5.0,22.5,Entire home/apt,POBLATS DEL SUD,0
96.0,4,2.0,2.5,127,4.71,1.67,Entire home/apt,LA SAIDIA,1
108.0,4,2.0,2.0,101,4.81,3.75,Entire home/apt,POBLATS DE L'OEST,1
120.0,4,2.0,2.0,64,4.78,3.79,Entire home/apt,POBLATS DE L'OEST,1
106.0,4,2.0,2.0,92,4.88,3.9,Entire home/apt,POBLATS DE L'OEST,1
107.0,4,2.0,2.0,84,4.77,3.77,Entire home/apt,POBLATS DE L'OEST,1
191.0,7,4.0,2.0,83,4.69,3.03,Entire home/apt,CAMINS AL GRAU,0
350.0,6,3.0,2.0,110,4.98,0.79,Entire home/apt,CIUTAT VELLA,0
112.0,4,1.0,1.0,7,4.71,3.9,Entire home/apt,POBLATS MARITIMS,1
210.0,6,3.0,2.0,26,4.73,0.46,Entire home/apt,CIUTAT VELLA,1
365.0,5,3.0,2.0,11,4.82,0.65,Entire home/apt,CIUTAT VELLA,1
215.0,4,1.0,1.0,10,4.3,0.3,Entire home/apt,CIUTAT VELLA,1
48.0,2,1.0,1.0,22,5.0,0.43,Entire home/apt,CIUTAT VELLA,1
114.0,2,1.0,1.0,66,4.73,0.97,Entire home/apt,CIUTAT VELLA,0
82.0,2,1.0,1.0,26,4.69,2.72,Entire home/apt,RASCANYA,1
143.0,2,1.0,1.0,44,4.5,1.25,Private room,LA SAIDIA,1
30.0,1,1.0,1.0,101,4.6,2.21,Private room,LA SAIDIA,0
148.0,4,2.0,1.5,100,4.84,4.23,Entire home/apt,POBLATS MARITIMS,1
231.0,8,4.0,2.0,1,5.0,19.9,Entire home/apt,POBLATS DEL SUD,0
299.0,6,2.0,2.0,64,4.52,0.46,Entire home/apt,CIUTAT VELLA,0
315.0,10,5.0,2.0,6,5.0,2.92,Entire home/apt,ALGIROS,0
113.0,5,2.0,1.0,37,4.43,4.29,Entire home/apt,POBLATS MARITIMS,0
149.0,3,2.0,1.0,112,4.77,1.05,Entire home/apt,L'EIXAMPLE,0
46.0,2,1.0,1.0,45,4.6,3.65,Private room,POBLATS MARITIMS,0
98.0,4,1.0,1.0,71,4.62,0.19,Entire home/apt,CIUTAT VELLA,0
50.0,2,1.0,2.0,42,4.71,1.8,Private room,LA SAIDIA,0
365.0,4,2.0,2.0,8,5.0,4.42,Entire home/apt,POBLATS MARITIMS,0
80.0,4,2.0,1.0,6,5.0,2.64,Entire home/apt,RASCANYA,1
103.0,2,1.0,1.0,135,4.76,3.94,Entire home/apt,POBLATS MARITIMS,0
282.0,6,3.0,1.5,27,4.37,1.28,Entire home/apt,EXTRAMURS,0
75.0,4,2.0,1.0,128,4.55,2.25,Entire home/apt,QUATRE CARRERES,0
47.0,2,1.0,1.0,46,4.72,3.56,Private room,POBLATS MARITIMS,0
400.0,6,3.0,1.0,21,4.71,4.22,Entire home/apt,POBLATS MARITIMS,0
69.0,2,1.0,1.0,31,4.45,3.49,Private room,POBLATS MARITIMS,0
80.0,2,1.0,1.0,85,4.91,0.92,Entire home/apt,L'EIXAMPLE,1
105.0,3,1.0,1.0,79,4.84,3.94,Entire home/apt,POBLATS MARITIMS,0
95.0,2,1.0,1.5,50,4.84,0.77,Entire home/apt,EXTRAMURS,1
126.0,2,1.0,1.5,11,4.36,2.36,Private room,RASCANYA,0
100.0,2,1.0,1.0,122,4.81,3.94,Entire home/apt,POBLATS MARITIMS,0
110.0,2,0.0,1.0,11,4.64,0.67,Entire home/apt,CIUTAT VELLA,0
219.0,4,1.0,1.0,3,4.0,0.64,Entire home/apt,CIUTAT VELLA,0
146.0,4,1.0,1.0,7,4.14,0.72,Entire home/apt,CIUTAT VELLA,0
153.0,6,4.0,2.0,14,3.79,1.94,Entire home/apt,BENIMACLET,0
155.0,4,1.0,1.0,10,4.6,0.62,Entire home/apt,CIUTAT VELLA,0
243.0,6,2.0,2.0,36,4.42,0.49,Entire home/apt,CIUTAT VELLA,0
104.0,4,1.0,1.0,77,4.66,0.34,Entire home/apt,CIUTAT VELLA,0
136.0,6,1.0,1.0,111,4.49,0.53,Entire home/apt,EXTRAMURS,0
91.0,6,3.0,1.0,3,3.67,2.36,Entire home/apt,CAMINS AL GRAU,0
151.0,4,3.0,2.0,20,4.5,4.38,Entire home/apt,POBLATS MARITIMS,0
30.0,1,1.0,1.0,60,4.53,4.22,Private room,POBLATS MARITIMS,0
151.0,2,0.0,1.0,163,4.37,0.41,Entire home/apt,CIUTAT VELLA,0
114.0,2,0.0,1.0,185,4.43,0.41,Entire home/apt,CIUTAT VELLA,0
155.0,4,2.0,1.5,75,4.84,1.05,Entire home/apt,EXTRAMURS,0
123.0,4,2.0,1.0,6,4.5,0.4,Entire home/apt,L'EIXAMPLE,0
95.0,5,3.0,1.5,96,4.73,0.92,Entire home/apt,CIUTAT VELLA,0
115.0,2,1.0,1.0,50,4.66,3.95,Entire home/apt,POBLATS MARITIMS,0
150.0,4,2.0,1.0,107,4.76,4.0,Entire home/apt,POBLATS MARITIMS,1
136.0,4,2.0,2.0,77,4.87,0.95,Entire home/apt,CIUTAT VELLA,0
72.0,4,2.0,1.0,11,4.45,22.54,Entire home/apt,POBLATS DEL SUD,0
32.0,1,1.0,1.0,16,5.0,2.14,Private room,JESUS,1
192.0,5,2.0,2.0,17,4.24,1.64,Entire home/apt,LA SAIDIA,0
313.0,7,4.0,2.0,65,4.62,1.91,Entire home/apt,CAMPANAR,0
125.0,6,2.0,1.0,58,4.69,0.34,Entire home/apt,CIUTAT VELLA,0
100.0,6,3.0,2.0,18,4.39,1.47,Entire home/apt,EL PLA DEL REAL,0
123.0,4,1.0,1.0,27,4.19,0.76,Entire home/apt,L'EIXAMPLE,0
95.0,2,1.0,1.0,210,4.07,0.82,Entire home/apt,CIUTAT VELLA,0
110.0,4,2.0,1.0,16,4.25,1.3,Entire home/apt,EXTRAMURS,0
148.0,4,2.0,2.0,96,4.76,1.46,Entire home/apt,QUATRE CARRERES,0
55.0,2,1.0,1.0,93,4.76,4.19,Private room,POBLATS MARITIMS,1
100.0,6,4.0,1.0,21,3.62,4.2,Entire home/apt,POBLATS MARITIMS,0
125.0,4,3.0,1.5,12,4.83,1.0,Entire home/apt,L'EIXAMPLE,1
229.0,2,1.0,1.0,5,5.0,0.12,Private room,CIUTAT VELLA,0
158.0,6,3.0,1.0,17,4.76,2.56,Entire home/apt,L'OLIVERETA,0
189.0,4,2.0,1.0,20,4.6,3.65,Entire home/apt,POBLATS MARITIMS,0
191.0,2,1.0,1.0,24,4.38,3.7,Entire home/apt,POBLATS MARITIMS,0
152.0,4,1.0,1.0,12,4.42,3.68,Entire home/apt,POBLATS MARITIMS,0
33.0,2,1.0,1.0,79,4.68,4.26,Private room,POBLATS MARITIMS,0
97.0,2,1.0,1.0,101,4.9,1.03,Entire home/apt,L'EIXAMPLE,1
138.0,3,1.0,1.0,172,4.5,0.97,Entire home/apt,L'EIXAMPLE,0
34.0,1,1.0,1.0,88,4.89,3.26,Private room,L'OLIVERETA,0
130.0,3,1.0,1.0,161,4.52,0.84,Entire home/apt,EXTRAMURS,0
173.0,8,3.0,2.0,51,4.84,1.62,Entire home/apt,JESUS,1
182.0,8,3.0,2.0,33,4.58,1.81,Entire home/apt,JESUS,1
72.0,4,2.0,1.0,7,5.0,2.24,Entire home/apt,BENIMACLET,0
178.0,6,2.0,1.0,19,4.74,3.74,Entire home/apt,POBLATS MARITIMS,0
250.0,6,2.0,1.0,20,4.5,3.75,Entire home/apt,POBLATS MARITIMS,0
33.0,2,1.0,2.5,8,4.13,0.38,Private room,CIUTAT VELLA,1
159.0,5,2.0,1.0,133,4.71,2.88,Entire home/apt,CAMINS AL GRAU,0
133.0,4,1.0,1.0,4,4.25,3.63,Entire home/apt,POBLATS MARITIMS,0
118.0,4,1.0,1.0,14,4.14,3.75,Entire home/apt,POBLATS MARITIMS,0
98.0,4,1.0,1.0,84,4.68,0.31,Entire home/apt,CIUTAT VELLA,0
150.0,3,2.0,1.0,20,4.8,0.91,Entire home/apt,EXTRAMURS,0
110.0,7,4.0,2.0,41,4.51,3.79,Entire home/apt,POBLATS MARITIMS,0
190.0,4,3.0,2.0,24,4.96,4.11,Entire home/apt,POBLATS MARITIMS,1
116.0,6,3.0,2.0,89,4.4,1.53,Entire home/apt,EL PLA DEL REAL,0
60.0,2,1.0,1.5,23,4.65,2.95,Private room,RASCANYA,0
40.0,1,1.0,1.5,27,4.85,2.79,Private room,RASCANYA,0
163.0,4,2.0,1.0,67,4.82,4.24,Entire home/apt,POBLATS MARITIMS,0
90.0,2,1.0,1.0,189,4.7,2.83,Entire home/apt,CAMINS AL GRAU,0
55.0,2,1.0,1.0,38,4.71,0.8,Private room,CIUTAT VELLA,0
98.0,4,2.0,1.0,78,4.24,0.87,Entire home/apt,L'EIXAMPLE,0
75.0,4,2.0,1.0,91,4.51,2.6,Entire home/apt,CAMINS AL GRAU,0
79.0,4,1.0,1.5,51,4.55,1.08,Entire home/apt,CIUTAT VELLA,0
147.0,4,2.0,1.0,182,4.91,4.07,Entire home/apt,POBLATS MARITIMS,1
200.0,7,4.0,4.0,11,4.36,3.03,Entire home/apt,ALGIROS,0
160.0,2,1.0,1.0,102,4.67,2.65,Entire home/apt,CAMINS AL GRAU,0
157.0,4,2.0,2.0,6,4.67,2.19,Entire home/apt,L'OLIVERETA,0
52.0,1,1.0,1.5,12,4.92,0.56,Private room,CIUTAT VELLA,0
135.0,6,2.0,1.5,225,4.87,1.04,Entire home/apt,CIUTAT VELLA,1
192.0,8,3.0,1.5,138,4.8,2.05,Entire home/apt,BENIMACLET,1
33.0,2,1.0,2.5,4,4.5,0.26,Private room,CIUTAT VELLA,1
33.0,2,1.0,2.5,11,4.91,0.45,Private room,CIUTAT VELLA,1
276.0,4,2.0,2.0,206,4.95,0.55,Entire home/apt,CIUTAT VELLA,1
90.0,2,1.0,1.0,60,4.47,3.57,Private room,POBLATS MARITIMS,0
132.0,4,2.0,1.0,63,4.79,4.42,Entire home/apt,POBLATS MARITIMS,0
36.0,2,1.0,1.0,13,4.69,2.35,Private room,CAMPANAR,0
108.0,6,3.0,2.0,106,4.7,1.76,Entire home/apt,QUATRE CARRERES,1
364.0,8,4.0,1.5,14,4.43,0.19,Entire home/apt,CIUTAT VELLA,0
45.0,2,1.0,1.0,81,4.47,1.81,Private room,JESUS,0
88.0,4,2.0,1.0,321,4.93,0.91,Entire home/apt,CIUTAT VELLA,1
96.0,4,1.0,1.5,153,4.77,0.94,Entire home/apt,CIUTAT VELLA,1
96.0,4,1.0,1.5,160,4.78,1.06,Entire home/apt,CIUTAT VELLA,1
96.0,4,1.0,1.5,126,4.79,1.12,Entire home/apt,CIUTAT VELLA,1
67.0,2,1.0,1.5,273,4.6,0.38,Private room,CIUTAT VELLA,0
153.0,2,1.0,1.0,14,4.57,1.05,Entire home/apt,EXTRAMURS,0
169.0,6,2.0,1.0,47,4.7,1.05,Entire home/apt,EXTRAMURS,0
168.0,6,2.0,1.0,38,4.61,1.05,Entire home/apt,EXTRAMURS,0
124.0,2,1.0,1.0,16,4.69,4.09,Entire home/apt,POBLATS MARITIMS,0
224.0,4,2.0,1.0,17,4.35,4.09,Entire home/apt,POBLATS MARITIMS,0
107.0,3,1.0,1.0,4,3.5,2.71,Private room,CAMINS AL GRAU,0
80.0,3,2.0,1.0,77,4.38,1.69,Entire home/apt,PATRAIX,0
54.0,2,1.0,2.5,2,4.5,0.31,Private room,CIUTAT VELLA,1
128.0,2,1.0,1.0,28,4.96,0.59,Entire home/apt,CIUTAT VELLA,1
146.0,4,2.0,1.0,65,4.58,4.35,Entire home/apt,POBLATS MARITIMS,0
102.0,4,1.0,1.5,171,4.83,0.66,Entire home/apt,CIUTAT VELLA,1
88.0,2,1.0,1.0,157,4.49,0.37,Entire home/apt,CIUTAT VELLA,0
80.0,2,1.0,1.0,149,4.5,0.38,Entire home/apt,CIUTAT VELLA,0
315.0,5,2.0,2.0,2,4.5,0.92,Entire home/apt,L'EIXAMPLE,1
121.0,4,3.0,1.5,89,4.88,3.99,Entire home/apt,POBLATS MARITIMS,1
199.0,2,1.0,1.0,6,4.5,4.09,Entire home/apt,POBLATS MARITIMS,0
50.0,3,3.0,1.0,1,5.0,1.72,Private room,CAMPANAR,0
108.0,4,1.0,1.0,79,4.85,2.69,Entire home/apt,CAMINS AL GRAU,0
189.0,2,1.0,1.0,359,4.56,2.36,Entire home/apt,CAMINS AL GRAU,0
81.0,2,1.0,1.0,54,4.69,0.18,Private room,CIUTAT VELLA,1
50.0,1,1.0,1.5,9,4.78,5.48,Private room,POBLATS DE L'OEST,0
120.0,6,4.0,1.5,86,4.44,1.67,Entire home/apt,JESUS,0
154.0,8,3.0,3.0,181,4.86,2.24,Entire home/apt,ALGIROS,1
113.0,4,1.0,1.0,132,4.98,1.2,Entire home/apt,EXTRAMURS,1
220.0,6,3.0,2.0,47,4.72,3.87,Entire home/apt,POBLATS MARITIMS,0
322.0,6,3.0,2.0,4,3.5,0.19,Entire home/apt,CIUTAT VELLA,0
121.0,4,2.0,1.0,84,4.79,1.64,Entire home/apt,QUATRE CARRERES,0
113.0,4,1.0,1.0,81,4.86,1.04,Entire home/apt,EXTRAMURS,1
104.0,6,2.0,1.0,100,4.91,3.79,Entire home/apt,POBLATS MARITIMS,1
46.0,2,1.0,1.0,200,4.53,0.76,Private room,L'EIXAMPLE,0
67.0,3,0.0,1.5,77,4.77,3.11,Entire home/apt,CAMINS AL GRAU,0
86.0,3,0.0,1.0,100,4.76,3.06,Entire home/apt,CAMINS AL GRAU,0
124.0,2,1.0,1.0,14,4.36,0.18,Private room,CIUTAT VELLA,1
99.0,2,1.0,2.0,43,4.74,3.71,Entire home/apt,POBLATS MARITIMS,0
270.0,8,3.0,2.0,51,4.84,0.37,Entire home/apt,EXTRAMURS,0
82.0,3,0.0,1.0,159,4.79,3.26,Entire home/apt,CAMINS AL GRAU,0
80.0,4,2.0,1.0,70,4.74,1.51,Entire home/apt,QUATRE CARRERES,0
148.0,5,3.0,2.0,115,4.88,0.91,Entire home/apt,CIUTAT VELLA,1
45.0,2,1.0,1.0,198,4.66,0.73,Private room,L'EIXAMPLE,0
248.0,6,2.0,3.0,112,4.8,0.47,Entire home/apt,CIUTAT VELLA,1
127.0,8,4.0,1.0,11,4.82,2.1,Entire home/apt,BENIMACLET,0
50.0,2,1.0,1.0,127,4.94,1.78,Private room,CAMPANAR,1
170.0,4,0.0,1.0,170,4.78,3.83,Entire home/apt,POBLATS MARITIMS,0
134.0,4,0.0,1.0,143,4.49,3.87,Entire home/apt,POBLATS MARITIMS,0
146.0,4,0.0,1.0,155,4.69,3.84,Entire home/apt,POBLATS MARITIMS,0
161.0,5,1.0,1.0,119,4.72,3.68,Entire home/apt,POBLATS MARITIMS,0
105.0,6,3.0,1.0,94,4.37,3.64,Entire home/apt,ALGIROS,0
340.0,8,2.0,2.0,3,4.67,2.21,Entire home/apt,QUATRE CARRERES,0
114.0,6,2.0,2.0,102,4.75,1.87,Entire home/apt,QUATRE CARRERES,1
127.0,4,1.0,1.0,194,4.92,1.58,Entire home/apt,QUATRE CARRERES,1
101.0,4,1.0,1.0,181,4.93,1.58,Entire home/apt,QUATRE CARRERES,1
135.0,4,1.0,1.0,178,4.92,1.58,Entire home/apt,QUATRE CARRERES,1
166.0,4,2.0,2.0,79,4.42,4.4,Entire home/apt,POBLATS MARITIMS,0
122.0,4,1.0,1.0,195,4.92,1.58,Entire home/apt,QUATRE CARRERES,1
68.0,2,1.0,1.0,168,4.73,2.77,Entire home/apt,CAMINS AL GRAU,0
107.0,6,2.0,1.0,151,4.66,4.0,Entire home/apt,POBLATS MARITIMS,0
363.0,6,3.0,2.0,174,4.93,3.96,Entire home/apt,POBLATS MARITIMS,0
69.0,2,1.0,1.0,192,4.9,2.75,Entire home/apt,CAMINS AL GRAU,0
88.0,2,1.0,1.0,174,4.88,0.49,Entire home/apt,EXTRAMURS,1
52.0,2,1.0,0.5,3,5.0,1.33,Private room,EL PLA DEL REAL,0
39.0,2,1.0,1.0,129,4.67,1.5,Private room,PATRAIX,0
113.0,3,1.0,1.0,31,4.74,0.94,Entire home/apt,EXTRAMURS,0
119.0,4,2.0,2.0,31,4.71,1.75,Entire home/apt,L'OLIVERETA,0
336.0,9,5.0,2.0,43,3.93,0.08,Entire home/apt,CIUTAT VELLA,0
365.0,9,5.0,2.0,48,4.46,0.19,Entire home/apt,CIUTAT VELLA,0
193.0,4,2.0,1.0,3,4.67,0.19,Entire home/apt,CIUTAT VELLA,0
334.0,5,3.0,1.5,8,4.0,0.19,Entire home/apt,CIUTAT VELLA,0
142.0,4,0.0,1.0,121,4.73,3.71,Entire home/apt,POBLATS MARITIMS,0
149.0,4,0.0,1.0,152,4.74,3.8,Entire home/apt,POBLATS MARITIMS,0
114.0,4,0.0,1.0,77,4.55,3.67,Entire home/apt,POBLATS MARITIMS,0
179.0,2,1.0,1.0,2,4.5,0.52,Entire home/apt,CIUTAT VELLA,0
201.0,2,1.0,1.0,1,4.0,0.31,Entire home/apt,CIUTAT VELLA,0
165.0,4,1.0,1.0,1,5.0,0.26,Entire home/apt,CIUTAT VELLA,0
179.0,4,1.0,1.0,3,3.67,0.26,Entire home/apt,CIUTAT VELLA,0
194.0,5,2.0,1.0,56,4.66,0.46,Entire home/apt,CIUTAT VELLA,0
221.0,5,2.0,1.0,4,4.75,0.26,Entire home/apt,CIUTAT VELLA,0
175.0,2,1.0,1.0,6,4.0,0.37,Entire home/apt,CIUTAT VELLA,0
205.0,3,1.0,1.0,15,4.87,0.46,Entire home/apt,CIUTAT VELLA,0
105.0,2,0.0,1.0,156,4.9,0.66,Entire home/apt,CIUTAT VELLA,1
211.0,5,2.0,2.0,75,4.57,4.15,Entire home/apt,POBLATS MARITIMS,0
78.0,2,1.0,1.0,2,5.0,0.86,Entire home/apt,EXTRAMURS,0
62.0,2,1.0,1.0,23,5.0,2.24,Private room,QUATRE CARRERES,0
50.0,3,1.0,1.0,24,4.75,0.39,Entire home/apt,CIUTAT VELLA,1
302.0,5,3.0,2.0,38,4.95,3.84,Entire home/apt,POBLATS MARITIMS,1
141.0,4,2.0,1.0,92,4.57,4.24,Entire home/apt,POBLATS MARITIMS,0
34.0,1,1.0,1.5,53,4.7,1.42,Private room,EL PLA DEL REAL,0
315.0,8,3.0,2.0,195,4.52,0.97,Entire home/apt,EXTRAMURS,0
45.0,2,1.0,1.5,48,4.46,2.42,Private room,BENICALAP,0
350.0,8,4.0,2.5,44,4.43,0.19,Entire home/apt,CIUTAT VELLA,0
250.0,4,2.0,1.5,38,4.26,0.46,Entire home/apt,CIUTAT VELLA,0
306.0,3,2.0,1.5,38,4.47,0.44,Entire home/apt,CIUTAT VELLA,0
218.0,4,1.0,1.0,25,4.32,4.28,Entire home/apt,POBLATS MARITIMS,0
136.0,4,1.0,1.0,32,4.97,2.27,Entire home/apt,QUATRE CARRERES,1
323.0,8,3.0,0.0,14,4.5,4.29,Entire home/apt,POBLATS MARITIMS,0
134.0,4,1.0,1.0,52,4.38,0.24,Entire home/apt,CIUTAT VELLA,0
128.0,2,1.0,1.0,4,4.25,2.38,Private room,RASCANYA,0
102.0,3,1.0,1.0,121,4.96,1.19,Entire home/apt,CIUTAT VELLA,1
110.0,4,1.0,1.0,35,4.69,4.11,Entire home/apt,POBLATS MARITIMS,0
106.0,2,1.0,1.0,8,3.88,0.74,Entire home/apt,CIUTAT VELLA,0
79.0,2,1.0,1.0,25,4.76,0.74,Entire home/apt,CIUTAT VELLA,0
170.0,3,1.0,1.0,6,5.0,0.62,Entire home/apt,CIUTAT VELLA,0
31.0,1,1.0,1.5,44,4.84,4.56,Private room,POBLATS MARITIMS,1
250.0,6,2.0,1.0,15,4.93,3.87,Entire home/apt,POBLATS MARITIMS,0
108.0,5,3.0,1.0,97,4.77,2.77,Entire home/apt,CAMINS AL GRAU,0
81.0,2,1.0,1.0,173,4.57,0.38,Entire home/apt,CIUTAT VELLA,0
270.0,6,2.0,1.0,5,4.8,3.87,Entire home/apt,POBLATS MARITIMS,0
270.0,6,2.0,1.0,35,4.86,3.87,Entire home/apt,POBLATS MARITIMS,0
229.0,4,1.0,1.0,8,4.5,3.87,Entire home/apt,POBLATS MARITIMS,0
173.0,4,1.0,1.0,8,4.5,3.87,Entire home/apt,POBLATS MARITIMS,0
234.0,4,1.0,1.0,12,4.92,3.87,Entire home/apt,POBLATS MARITIMS,0
229.0,4,1.0,1.0,14,4.79,3.87,Entire home/apt,POBLATS MARITIMS,0
191.0,4,1.0,1.0,14,4.93,3.87,Entire home/apt,POBLATS MARITIMS,0
86.0,4,1.0,1.0,69,4.8,0.39,Entire home/apt,CIUTAT VELLA,0
51.0,2,1.0,1.0,85,4.79,1.06,Private room,L'EIXAMPLE,0
166.0,4,2.0,3.0,128,4.8,4.14,Entire home/apt,POBLATS MARITIMS,1
127.0,2,2.0,1.0,82,4.93,0.78,Entire home/apt,L'EIXAMPLE,0
65.0,2,1.0,1.0,96,4.8,1.4,Private room,L'EIXAMPLE,1
90.0,2,1.0,1.0,14,4.64,0.44,Entire home/apt,EXTRAMURS,0
144.0,4,2.0,1.0,30,4.7,0.24,Entire home/apt,CIUTAT VELLA,1
44.0,2,1.0,1.0,171,4.84,3.03,Entire home/apt,JESUS,0
220.0,6,3.0,2.0,27,4.67,1.95,Entire home/apt,QUATRE CARRERES,0
190.0,7,3.0,1.5,36,4.86,4.07,Entire home/apt,QUATRE CARRERES,1
128.0,4,2.0,2.0,101,4.74,1.46,Entire home/apt,QUATRE CARRERES,0
142.0,4,2.0,1.5,91,4.7,0.94,Entire home/apt,CIUTAT VELLA,0
135.0,4,2.0,2.0,30,4.83,1.58,Entire home/apt,EXTRAMURS,0
143.0,4,2.0,2.0,12,4.67,1.74,Entire home/apt,EXTRAMURS,0
336.0,7,3.0,2.0,29,4.86,0.93,Entire home/apt,L'EIXAMPLE,1
119.0,4,2.0,2.0,184,4.89,1.99,Entire home/apt,QUATRE CARRERES,1
33.0,2,3.0,2.0,122,4.76,2.6,Private room,RASCANYA,1
135.0,4,2.0,1.0,97,4.65,2.27,Entire home/apt,CAMINS AL GRAU,0
246.0,5,3.0,2.5,48,5.0,0.39,Entire home/apt,L'EIXAMPLE,1
58.0,6,4.0,2.0,8,4.75,2.21,Entire home/apt,CAMINS AL GRAU,0
105.0,2,1.0,1.0,20,4.5,1.1,Entire home/apt,L'EIXAMPLE,0
150.0,4,2.0,1.5,104,4.51,1.18,Entire home/apt,CIUTAT VELLA,0
45.0,2,1.0,1.0,228,4.89,1.45,Private room,L'OLIVERETA,1
78.0,4,1.0,1.0,13,4.54,0.78,Entire home/apt,CIUTAT VELLA,1
100.0,4,2.0,1.0,78,4.44,0.81,Entire home/apt,CIUTAT VELLA,0
63.0,2,1.0,1.0,33,4.76,0.89,Private room,L'EIXAMPLE,0
114.0,3,1.0,1.0,167,4.49,0.89,Entire home/apt,L'EIXAMPLE,0
54.0,1,1.0,1.0,24,4.67,1.16,Private room,L'EIXAMPLE,0
190.0,4,3.0,2.0,2,5.0,1.2,Entire home/apt,L'EIXAMPLE,1
121.0,6,2.0,1.5,123,4.79,3.24,Entire home/apt,CAMINS AL GRAU,0
125.0,4,2.0,2.0,54,4.89,4.35,Entire home/apt,POBLATS MARITIMS,1
143.0,2,1.0,1.5,210,4.91,0.91,Entire home/apt,L'EIXAMPLE,1
148.0,5,3.0,2.0,27,4.89,1.6,Entire home/apt,EL PLA DEL REAL,0
162.0,4,2.0,1.0,16,5.0,4.13,Entire home/apt,POBLATS MARITIMS,0
110.0,3,0.0,1.0,46,4.96,3.98,Entire home/apt,POBLATS MARITIMS,1
89.0,4,1.0,1.0,23,4.65,3.94,Entire home/apt,POBLATS MARITIMS,0
73.0,4,0.0,1.0,133,4.59,1.7,Entire home/apt,QUATRE CARRERES,0
62.0,4,0.0,1.0,111,4.51,1.63,Entire home/apt,QUATRE CARRERES,0
78.0,4,0.0,1.0,161,4.67,1.72,Entire home/apt,QUATRE CARRERES,0
115.0,3,0.0,1.0,161,4.71,0.6,Entire home/apt,EXTRAMURS,0
139.0,3,1.0,1.0,48,4.58,0.94,Entire home/apt,L'EIXAMPLE,0
120.0,4,1.0,1.0,112,4.63,2.34,Entire home/apt,CAMINS AL GRAU,0
115.0,4,1.0,1.0,15,4.87,3.89,Entire home/apt,POBLATS MARITIMS,1
161.0,5,2.0,1.0,59,4.47,0.81,Entire home/apt,L'EIXAMPLE,0
123.0,6,3.0,2.0,9,4.67,21.75,Entire home/apt,POBLATS DEL SUD,0
207.0,6,3.0,2.0,142,4.94,2.39,Entire home/apt,CAMINS AL GRAU,0
90.0,2,1.0,1.0,99,4.67,0.86,Entire home/apt,CIUTAT VELLA,1
72.0,2,1.0,1.0,22,5.0,0.49,Entire home/apt,CIUTAT VELLA,1
86.0,4,2.0,1.0,93,4.73,1.07,Entire home/apt,L'EIXAMPLE,0
120.0,4,2.0,1.0,43,4.33,2.75,Entire home/apt,BENICALAP,0
104.0,6,4.0,1.5,53,4.85,1.92,Entire home/apt,CAMINS AL GRAU,0
103.0,2,1.0,1.0,10,4.0,0.93,Entire home/apt,CIUTAT VELLA,0
92.0,1,1.0,1.0,5,5.0,1.11,Private room,L'EIXAMPLE,0
116.0,2,1.0,1.0,22,4.5,1.48,Private room,EXTRAMURS,1
125.0,2,1.0,1.0,11,4.55,1.55,Private room,EXTRAMURS,1
150.0,3,1.0,1.0,9,4.67,1.44,Private room,EXTRAMURS,1
149.0,2,1.0,1.0,26,4.85,1.56,Private room,EXTRAMURS,1
150.0,3,1.0,1.0,25,4.8,1.53,Private room,EXTRAMURS,1
148.0,2,1.0,1.0,13,4.85,1.5,Private room,EXTRAMURS,1
148.0,2,1.0,1.0,28,4.86,1.49,Private room,EXTRAMURS,1
161.0,3,1.0,1.0,14,4.86,1.38,Private room,EXTRAMURS,1
256.0,5,3.0,1.5,133,4.77,1.07,Entire home/apt,CIUTAT VELLA,1
250.0,2,1.0,1.0,1,5.0,1.06,Entire home/apt,EXTRAMURS,0
91.0,2,1.0,1.0,138,4.76,0.91,Entire home/apt,CIUTAT VELLA,0
55.0,1,1.0,1.0,52,4.87,0.85,Private room,CIUTAT VELLA,1
91.0,2,1.0,1.0,169,4.77,0.91,Entire home/apt,CIUTAT VELLA,0
96.0,4,2.0,3.0,117,4.72,2.22,Entire home/apt,QUATRE CARRERES,0
150.0,6,3.0,2.5,16,4.88,3.29,Entire home/apt,BENICALAP,0
38.0,2,2.0,1.0,67,4.99,2.92,Private room,JESUS,1
97.0,6,2.0,1.5,152,4.89,0.88,Entire home/apt,CIUTAT VELLA,1
36.0,1,1.0,1.0,67,4.88,1.49,Private room,QUATRE CARRERES,0
53.0,3,1.0,1.0,57,4.88,4.07,Private room,POBLATS MARITIMS,1
73.0,3,1.0,1.0,137,4.72,2.07,Entire home/apt,LA SAIDIA,1
118.0,4,3.0,1.0,87,4.76,0.73,Entire home/apt,CIUTAT VELLA,0
55.0,2,1.0,1.0,26,4.85,0.49,Entire home/apt,CIUTAT VELLA,1
92.0,2,1.0,1.0,135,4.77,0.93,Entire home/apt,CIUTAT VELLA,1
89.0,4,1.0,1.0,285,4.81,0.86,Entire home/apt,EXTRAMURS,1
115.0,4,3.0,1.0,9,4.22,3.74,Entire home/apt,POBLATS MARITIMS,0
90.0,4,3.0,1.5,78,4.79,3.98,Entire home/apt,POBLATS MARITIMS,1
135.0,4,1.0,1.0,62,4.97,4.56,Entire home/apt,POBLATS MARITIMS,1
50.0,2,1.0,1.0,18,4.94,2.6,Private room,ALGIROS,0
120.0,3,2.0,1.0,13,4.62,1.2,Entire home/apt,L'EIXAMPLE,0
230.0,4,2.0,1.0,5,4.8,0.38,Entire home/apt,L'EIXAMPLE,0
230.0,4,2.0,2.0,21,4.81,0.39,Entire home/apt,L'EIXAMPLE,0
230.0,4,2.0,2.0,28,4.54,0.16,Entire home/apt,CIUTAT VELLA,0
230.0,4,2.0,2.0,14,4.71,0.35,Entire home/apt,L'EIXAMPLE,0
113.0,2,1.0,1.0,68,4.41,1.05,Entire home/apt,EXTRAMURS,0
95.0,2,1.0,1.0,133,4.89,1.13,Entire home/apt,CIUTAT VELLA,1
72.0,3,1.0,1.0,160,4.51,2.25,Entire home/apt,CAMPANAR,0
112.0,4,2.0,1.0,20,4.9,3.82,Entire home/apt,POBLATS MARITIMS,0
88.0,2,1.0,1.0,109,4.54,1.02,Entire home/apt,EXTRAMURS,0
127.0,6,3.0,1.0,19,4.58,1.9,Entire home/apt,CAMINS AL GRAU,0
111.0,4,2.0,1.0,89,4.53,1.23,Entire home/apt,L'EIXAMPLE,0
138.0,4,1.0,1.0,8,4.0,0.85,Entire home/apt,EXTRAMURS,0
146.0,4,1.0,1.0,14,4.64,0.86,Entire home/apt,EXTRAMURS,0
150.0,3,1.0,1.0,13,4.69,0.86,Entire home/apt,EXTRAMURS,0
121.0,2,1.0,1.0,4,4.5,0.86,Entire home/apt,EXTRAMURS,0
119.0,2,1.0,1.0,4,3.75,0.86,Entire home/apt,EXTRAMURS,0
109.0,2,1.0,1.0,7,4.57,0.86,Entire home/apt,EXTRAMURS,0
112.0,2,1.0,1.0,9,4.44,0.86,Entire home/apt,EXTRAMURS,0
126.0,2,1.0,1.0,17,4.76,0.86,Entire home/apt,EXTRAMURS,0
123.0,2,1.0,1.0,4,3.75,0.86,Entire home/apt,EXTRAMURS,0
60.0,2,1.0,3.0,87,4.54,0.92,Private room,CIUTAT VELLA,0
122.0,2,1.0,1.0,154,4.79,0.25,Entire home/apt,CIUTAT VELLA,0
330.0,8,4.0,2.0,17,4.88,0.35,Entire home/apt,CIUTAT VELLA,1
124.0,3,1.0,1.0,9,4.56,0.64,Entire home/apt,CIUTAT VELLA,0
119.0,3,1.0,1.0,35,4.63,0.89,Entire home/apt,CIUTAT VELLA,0
123.0,3,1.0,1.0,18,4.72,0.67,Entire home/apt,CIUTAT VELLA,0
84.0,4,2.0,2.0,16,4.81,1.01,Entire home/apt,L'EIXAMPLE,0
105.0,2,1.0,2.0,81,4.89,4.04,Entire home/apt,POBLATS MARITIMS,0
108.0,3,2.0,1.0,94,4.85,0.9,Entire home/apt,EXTRAMURS,1
50.0,2,2.0,1.0,8,5.0,0.93,Entire home/apt,EXTRAMURS,0
103.0,2,1.0,1.0,44,4.82,0.19,Entire home/apt,CIUTAT VELLA,1
154.0,4,2.0,1.0,30,4.8,2.85,Entire home/apt,CAMINS AL GRAU,0
125.0,5,3.0,2.0,33,4.52,2.19,Entire home/apt,CAMINS AL GRAU,0
139.0,4,1.0,1.0,106,4.34,0.4,Entire home/apt,CIUTAT VELLA,0
164.0,6,3.0,1.0,161,4.83,1.44,Entire home/apt,QUATRE CARRERES,1
77.0,4,1.0,1.0,133,4.89,4.04,Entire home/apt,POBLATS DEL SUD,0
54.0,1,1.0,1.0,27,4.93,1.15,Private room,EXTRAMURS,0
65.0,1,1.0,1.0,19,4.37,4.11,Private room,POBLATS MARITIMS,0
34.0,1,1.0,2.0,78,4.83,2.16,Private room,BENIMACLET,0
103.0,2,1.0,1.0,49,4.45,4.08,Entire home/apt,POBLATS MARITIMS,1
135.0,4,1.0,1.0,56,4.89,4.43,Entire home/apt,POBLATS MARITIMS,1
110.0,5,2.0,1.0,115,4.69,1.09,Entire home/apt,CIUTAT VELLA,1
64.0,5,2.0,1.0,138,4.86,1.89,Private room,JESUS,0
110.0,4,1.0,1.5,79,4.94,3.98,Entire home/apt,POBLATS MARITIMS,1
84.0,3,0.0,1.0,107,4.87,4.06,Entire home/apt,POBLATS MARITIMS,0
92.0,3,2.0,1.0,22,4.73,0.96,Entire home/apt,EXTRAMURS,0
50.0,1,1.0,1.0,116,4.94,1.73,Private room,JESUS,1
105.0,2,1.0,1.0,79,4.56,4.04,Entire home/apt,POBLATS MARITIMS,0
47.0,2,1.0,1.5,231,4.82,1.41,Private room,PATRAIX,1
191.0,6,2.0,1.0,48,4.44,0.48,Entire home/apt,CIUTAT VELLA,0
182.0,6,2.0,1.0,53,4.23,0.46,Entire home/apt,CIUTAT VELLA,0
200.0,6,2.0,1.0,58,4.29,0.52,Entire home/apt,CIUTAT VELLA,0
129.0,4,2.0,2.0,60,4.72,0.52,Entire home/apt,CIUTAT VELLA,0
76.0,4,1.0,1.0,171,4.73,0.93,Entire home/apt,EXTRAMURS,1
110.0,3,2.0,1.0,8,5.0,1.04,Entire home/apt,L'EIXAMPLE,0
42.0,2,1.0,1.0,240,4.81,2.32,Private room,QUATRE CARRERES,1
101.0,4,1.0,1.0,116,4.61,0.46,Entire home/apt,CIUTAT VELLA,0
180.0,8,4.0,3.5,22,4.95,3.86,Entire home/apt,POBLATS DE L'OEST,1
119.0,5,3.0,1.0,24,4.67,2.48,Entire home/apt,ALGIROS,0
37.0,1,1.0,1.0,72,4.97,0.85,Private room,CIUTAT VELLA,1
150.0,2,1.0,1.0,43,4.4,0.65,Entire home/apt,CIUTAT VELLA,0
118.0,3,1.0,1.0,47,4.87,0.66,Entire home/apt,CIUTAT VELLA,1
43.0,2,1.0,1.0,229,4.79,2.15,Private room,QUATRE CARRERES,1
50.0,2,1.0,1.5,205,4.84,1.37,Private room,PATRAIX,1
336.0,7,3.0,2.0,74,4.96,0.76,Entire home/apt,L'EIXAMPLE,1
124.0,4,1.0,1.0,105,4.88,1.06,Entire home/apt,CIUTAT VELLA,1
117.0,3,1.0,1.0,132,4.43,0.83,Entire home/apt,L'EIXAMPLE,0
120.0,4,2.0,1.0,28,4.75,1.61,Entire home/apt,EL PLA DEL REAL,0
162.0,8,3.0,2.0,24,4.83,1.59,Entire home/apt,JESUS,1
144.0,8,3.0,2.0,52,4.92,1.65,Entire home/apt,PATRAIX,1
30.0,1,1.0,1.0,75,4.56,1.29,Private room,EL PLA DEL REAL,0
62.0,4,1.0,1.0,193,4.73,0.19,Entire home/apt,CIUTAT VELLA,0
66.0,4,3.0,1.0,3,4.67,19.14,Entire home/apt,POBLATS DEL SUD,0
110.0,4,1.0,1.0,103,4.73,1.58,Entire home/apt,QUATRE CARRERES,0
90.0,2,0.0,1.0,228,4.89,0.76,Entire home/apt,L'EIXAMPLE,1
155.0,4,2.0,1.0,70,4.84,4.11,Entire home/apt,POBLATS MARITIMS,0
52.0,2,1.0,1.0,202,4.72,2.25,Entire home/apt,LA SAIDIA,0
102.0,4,1.0,1.0,37,4.65,0.95,Entire home/apt,CIUTAT VELLA,1
35.0,1,1.0,1.0,1,5.0,1.58,Private room,LA SAIDIA,0
30.0,1,1.0,1.0,3,4.67,1.51,Private room,LA SAIDIA,0
94.0,4,2.0,1.0,10,5.0,1.05,Entire home/apt,L'EIXAMPLE,1
62.0,3,1.0,1.0,40,4.68,0.58,Private room,EXTRAMURS,0
198.0,4,2.0,2.0,4,4.0,0.29,Entire home/apt,CIUTAT VELLA,0
307.0,8,5.0,2.0,10,4.6,0.27,Entire home/apt,CIUTAT VELLA,0
61.0,3,2.0,1.0,8,4.5,1.4,Entire home/apt,EXTRAMURS,0
97.0,2,1.0,1.0,40,4.93,1.44,Entire home/apt,LA SAIDIA,0
158.0,6,1.0,1.0,35,4.94,1.75,Entire home/apt,LA SAIDIA,1
85.0,2,2.0,1.0,10,4.9,1.37,Entire home/apt,L'OLIVERETA,1
86.0,4,2.0,1.0,30,4.8,0.92,Entire home/apt,EXTRAMURS,0
93.0,4,2.0,1.0,77,4.64,2.05,Entire home/apt,LA SAIDIA,0
92.0,4,2.0,1.0,71,4.86,1.7,Entire home/apt,QUATRE CARRERES,1
204.0,4,2.0,1.0,30,4.6,4.2,Entire home/apt,POBLATS MARITIMS,0
145.0,4,2.0,1.0,45,4.6,4.21,Entire home/apt,POBLATS MARITIMS,0
175.0,3,1.0,1.0,137,4.51,0.79,Entire home/apt,L'EIXAMPLE,0
60.0,2,1.0,1.0,103,4.9,1.82,Private room,QUATRE CARRERES,1
116.0,3,1.0,1.0,190,4.87,1.16,Entire home/apt,CIUTAT VELLA,1
138.0,3,2.0,1.0,138,4.86,3.64,Entire home/apt,POBLATS MARITIMS,1
68.0,5,3.0,2.0,10,4.0,13.22,Entire home/apt,POBLATS DEL SUD,0
60.0,1,1.0,1.0,88,4.97,1.74,Private room,QUATRE CARRERES,1
40.0,2,1.0,1.0,7,4.71,3.49,Private room,POBLATS MARITIMS,0
108.0,3,1.0,1.0,33,4.82,3.94,Entire home/apt,POBLATS MARITIMS,0
253.0,5,3.0,1.0,3,2.67,1.92,Entire home/apt,CAMINS AL GRAU,0
80.0,4,2.0,1.0,94,4.76,4.32,Entire home/apt,POBLATS MARITIMS,0
161.0,5,2.0,1.0,28,4.18,0.97,Entire home/apt,L'EIXAMPLE,0
93.0,2,1.0,1.0,194,4.94,0.56,Entire home/apt,EXTRAMURS,0
110.0,2,1.0,1.0,157,4.9,0.56,Entire home/apt,EXTRAMURS,0
216.0,6,3.0,2.0,29,4.31,1.19,Entire home/apt,EXTRAMURS,0
114.0,4,2.0,1.0,64,4.81,1.27,Entire home/apt,L'EIXAMPLE,0
177.0,6,2.0,1.0,6,4.83,0.56,Entire home/apt,CIUTAT VELLA,0
184.0,3,1.0,1.0,91,4.82,0.95,Entire home/apt,CIUTAT VELLA,1
99.0,3,2.0,2.0,22,4.64,0.21,Entire home/apt,CIUTAT VELLA,0
87.0,6,1.0,1.5,6,3.83,4.07,Entire home/apt,POBLATS MARITIMS,0
46.0,3,2.0,1.0,12,4.58,4.23,Entire home/apt,QUATRE CARRERES,1
90.0,2,1.0,1.5,45,4.78,4.21,Entire home/apt,POBLATS MARITIMS,0
101.0,4,2.0,1.0,135,4.79,0.65,Entire home/apt,CIUTAT VELLA,0
139.0,4,2.0,2.0,99,4.61,0.96,Entire home/apt,L'EIXAMPLE,0
154.0,9,2.0,2.5,5,3.6,3.9,Entire home/apt,POBLATS MARITIMS,0
81.0,2,1.0,1.0,25,4.48,0.9,Entire home/apt,L'EIXAMPLE,0
160.0,4,2.0,2.0,100,4.91,4.05,Entire home/apt,POBLATS MARITIMS,1
138.0,3,2.0,1.0,20,4.6,3.29,Entire home/apt,CAMINS AL GRAU,1
81.0,4,0.0,1.0,74,4.77,3.31,Entire home/apt,CAMINS AL GRAU,1
250.0,5,3.0,2.0,54,4.96,3.84,Entire home/apt,POBLATS MARITIMS,1
245.0,5,2.0,2.0,81,4.88,3.84,Entire home/apt,POBLATS MARITIMS,1
140.0,5,3.0,2.0,57,4.65,4.22,Entire home/apt,POBLATS MARITIMS,0
85.0,4,1.0,1.0,113,4.06,2.4,Entire home/apt,ALGIROS,0
132.0,6,1.0,1.0,3,5.0,3.66,Entire home/apt,POBLATS MARITIMS,0
190.0,4,2.0,2.0,197,4.9,0.6,Entire home/apt,CIUTAT VELLA,0
139.0,3,1.0,2.0,79,4.75,3.99,Entire home/apt,POBLATS MARITIMS,1
136.0,3,1.0,1.0,87,4.84,3.97,Entire home/apt,POBLATS MARITIMS,1
158.0,2,1.0,1.0,6,3.33,0.33,Entire home/apt,CIUTAT VELLA,0
96.0,2,1.0,1.5,1,1.0,0.33,Entire home/apt,CIUTAT VELLA,0
127.0,4,1.0,1.0,2,5.0,0.33,Entire home/apt,CIUTAT VELLA,0
148.0,4,1.0,1.0,2,5.0,0.33,Entire home/apt,CIUTAT VELLA,0
305.0,7,3.0,2.0,7,4.0,0.56,Entire home/apt,CIUTAT VELLA,0
168.0,4,1.0,1.0,7,4.86,0.56,Entire home/apt,CIUTAT VELLA,0
172.0,4,2.0,2.0,4,4.5,0.83,Entire home/apt,CIUTAT VELLA,0
126.0,4,2.0,1.0,3,4.67,1.01,Entire home/apt,CIUTAT VELLA,0
83.0,6,2.0,2.0,3,4.33,3.31,Entire home/apt,CAMINS AL GRAU,0
126.0,4,1.0,1.0,8,4.88,0.33,Entire home/apt,CIUTAT VELLA,0
237.0,8,3.0,2.0,6,4.0,0.33,Entire home/apt,CIUTAT VELLA,0
216.0,8,3.0,2.0,7,4.43,0.33,Entire home/apt,CIUTAT VELLA,0
133.0,4,1.0,1.0,1,5.0,0.56,Entire home/apt,CIUTAT VELLA,0
247.0,4,1.0,1.0,1,5.0,0.56,Entire home/apt,CIUTAT VELLA,0
114.0,2,0.0,1.0,13,3.85,1.0,Entire home/apt,EXTRAMURS,0
135.0,4,0.0,1.0,1,3.0,1.0,Entire home/apt,EXTRAMURS,0
177.0,4,1.0,1.0,4,4.75,1.0,Entire home/apt,EXTRAMURS,0
169.0,4,2.0,1.0,11,4.45,1.0,Entire home/apt,EXTRAMURS,0
227.0,4,2.0,1.0,8,4.38,0.99,Entire home/apt,EXTRAMURS,0
141.0,4,1.0,1.0,2,5.0,1.0,Entire home/apt,EXTRAMURS,0
147.0,4,1.0,1.0,2,5.0,0.37,Entire home/apt,CIUTAT VELLA,0
162.0,2,0.0,1.0,9,3.44,0.46,Entire home/apt,CIUTAT VELLA,0
346.0,8,3.0,2.0,9,4.56,0.98,Entire home/apt,L'EIXAMPLE,0
346.0,8,3.0,2.0,2,4.5,0.98,Entire home/apt,L'EIXAMPLE,0
346.0,8,3.0,2.0,10,4.7,0.97,Entire home/apt,L'EIXAMPLE,0
362.0,8,3.0,2.0,4,4.5,0.97,Entire home/apt,L'EIXAMPLE,0
348.0,8,3.0,2.0,4,4.5,0.97,Entire home/apt,L'EIXAMPLE,0
93.0,2,0.0,1.0,2,5.0,0.97,Entire home/apt,L'EIXAMPLE,0
113.0,2,0.0,1.0,2,4.5,0.97,Entire home/apt,L'EIXAMPLE,0
158.0,2,0.0,1.0,10,4.1,0.97,Entire home/apt,L'EIXAMPLE,0
164.0,4,1.0,1.0,1,5.0,0.97,Entire home/apt,L'EIXAMPLE,0
123.0,4,0.0,1.0,18,4.56,0.97,Entire home/apt,L'EIXAMPLE,0
138.0,2,1.0,1.0,2,2.0,0.29,Entire home/apt,CIUTAT VELLA,0
128.0,2,1.0,1.0,6,4.5,0.83,Entire home/apt,CIUTAT VELLA,0
84.0,4,2.0,1.0,6,4.5,0.5,Entire home/apt,CIUTAT VELLA,0
179.0,4,2.0,2.0,1,5.0,0.49,Entire home/apt,EXTRAMURS,0
265.0,4,2.0,1.0,1,5.0,0.49,Entire home/apt,EXTRAMURS,0
93.0,6,3.0,2.0,2,2.5,3.53,Entire home/apt,CAMPANAR,0
135.0,4,2.0,1.0,71,4.97,3.67,Entire home/apt,POBLATS MARITIMS,1
101.0,4,1.0,1.0,66,4.85,3.45,Entire home/apt,POBLATS MARITIMS,0
122.0,4,2.0,1.0,42,4.71,4.36,Entire home/apt,POBLATS MARITIMS,0
47.0,2,1.0,1.0,157,4.8,1.68,Private room,QUATRE CARRERES,0
41.0,2,1.0,1.0,58,4.78,3.65,Private room,POBLATS MARITIMS,0
159.0,6,2.0,1.0,27,4.63,4.16,Entire home/apt,POBLATS MARITIMS,0
47.0,2,1.0,1.0,216,4.82,0.87,Private room,CIUTAT VELLA,1
90.0,2,1.0,1.0,149,4.9,0.56,Entire home/apt,EXTRAMURS,0
143.0,4,2.0,2.0,75,4.99,1.76,Entire home/apt,EL PLA DEL REAL,0
100.0,2,1.0,1.0,14,5.0,1.05,Entire home/apt,L'EIXAMPLE,1
69.0,2,1.0,1.5,15,4.87,3.84,Private room,POBLATS MARITIMS,0
140.0,4,2.0,1.0,105,4.86,0.71,Entire home/apt,EXTRAMURS,1
116.0,4,1.0,1.0,58,4.62,0.66,Entire home/apt,CIUTAT VELLA,0
138.0,3,2.0,2.0,134,4.53,0.91,Entire home/apt,L'EIXAMPLE,0
30.0,2,1.0,1.0,65,4.62,3.62,Private room,POBLATS MARITIMS,0
124.0,6,2.0,2.0,151,4.75,4.18,Entire home/apt,POBLATS MARITIMS,0
60.0,2,1.0,1.0,118,4.83,1.01,Private room,L'EIXAMPLE,0
110.0,4,2.0,1.0,105,4.92,0.83,Entire home/apt,CIUTAT VELLA,1
49.0,2,1.0,2.0,106,4.29,0.75,Private room,EXTRAMURS,0
94.0,6,3.0,1.0,6,4.17,2.84,Entire home/apt,RASCANYA,1
109.0,3,1.0,1.0,149,4.68,1.39,Entire home/apt,LA SAIDIA,1
65.0,3,2.0,2.0,5,5.0,1.32,Entire home/apt,EL PLA DEL REAL,0
108.0,2,1.0,1.0,113,4.76,0.93,Entire home/apt,CIUTAT VELLA,0
143.0,6,2.0,1.5,129,4.86,1.03,Entire home/apt,EXTRAMURS,1
91.0,4,1.0,1.0,84,4.85,1.26,Entire home/apt,PATRAIX,1
30.0,1,1.0,1.0,175,4.54,2.06,Private room,CAMINS AL GRAU,0
98.0,3,1.0,1.0,59,4.61,1.67,Entire home/apt,QUATRE CARRERES,0
59.0,1,1.0,1.0,2,5.0,2.39,Private room,ALGIROS,0
51.0,2,1.0,1.0,278,4.87,1.71,Private room,QUATRE CARRERES,0
54.0,2,1.0,1.0,25,4.8,3.21,Private room,ALGIROS,1
99.0,3,1.0,1.0,33,4.48,3.92,Entire home/apt,POBLATS MARITIMS,0
56.0,2,1.0,1.5,77,4.66,0.8,Private room,CIUTAT VELLA,0
37.0,1,1.0,1.0,1,5.0,2.27,Private room,ALGIROS,0
81.0,4,1.0,1.0,56,4.71,3.41,Entire home/apt,POBLATS MARITIMS,1
114.0,4,2.0,2.0,167,4.6,0.66,Entire home/apt,CIUTAT VELLA,0
70.0,4,2.0,1.0,158,4.52,1.0,Entire home/apt,CIUTAT VELLA,0
40.0,1,1.0,1.0,2,4.5,2.24,Private room,ALGIROS,0
125.0,6,3.0,2.0,1,5.0,1.96,Entire home/apt,EL PLA DEL REAL,0
83.0,2,1.0,1.0,131,4.68,1.23,Entire home/apt,L'EIXAMPLE,0
40.0,1,1.0,1.0,4,4.0,2.38,Private room,ALGIROS,0
68.0,2,1.0,1.0,91,4.6,1.01,Entire home/apt,EXTRAMURS,1
148.0,4,3.0,1.5,10,4.2,1.38,Entire home/apt,L'OLIVERETA,0
282.0,6,4.0,1.5,19,4.58,1.09,Entire home/apt,EXTRAMURS,0
251.0,6,2.0,1.0,8,4.38,3.52,Entire home/apt,POBLATS MARITIMS,0
162.0,4,2.0,1.0,3,4.0,3.48,Entire home/apt,POBLATS MARITIMS,0
223.0,4,2.0,1.5,26,4.5,3.61,Entire home/apt,POBLATS MARITIMS,0
185.0,4,2.0,1.0,15,4.27,3.61,Entire home/apt,POBLATS MARITIMS,0
180.0,4,2.0,1.0,5,3.4,3.59,Entire home/apt,POBLATS MARITIMS,0
192.0,4,2.0,1.0,16,4.31,3.62,Entire home/apt,POBLATS MARITIMS,0
192.0,4,2.0,1.0,16,4.44,3.46,Entire home/apt,POBLATS MARITIMS,0
197.0,4,2.0,1.5,29,4.69,3.44,Entire home/apt,POBLATS MARITIMS,0
191.0,3,1.0,1.0,7,4.86,3.58,Entire home/apt,POBLATS MARITIMS,0
187.0,4,1.0,1.0,14,4.71,3.63,Entire home/apt,POBLATS MARITIMS,0
33.0,2,1.0,1.5,342,4.84,1.78,Private room,QUATRE CARRERES,1
75.0,2,1.0,1.0,169,4.85,3.96,Entire home/apt,POBLATS MARITIMS,0
74.0,2,1.0,1.0,83,4.95,2.47,Private room,PATRAIX,0
47.0,2,1.0,1.0,135,4.73,1.97,Private room,CAMINS AL GRAU,0
117.0,2,1.0,1.0,35,4.97,1.9,Entire home/apt,JESUS,1
85.0,3,1.0,1.0,106,4.51,0.91,Entire home/apt,L'EIXAMPLE,0
85.0,3,1.0,1.0,73,4.62,0.91,Entire home/apt,L'EIXAMPLE,0
85.0,3,1.0,1.0,70,4.53,0.91,Entire home/apt,L'EIXAMPLE,0
111.0,4,1.0,1.0,12,4.58,1.12,Entire home/apt,EXTRAMURS,0
126.0,5,2.0,1.0,60,4.3,3.95,Entire home/apt,POBLATS MARITIMS,0
139.0,2,1.0,2.0,78,4.68,1.23,Entire home/apt,EXTRAMURS,0
51.0,2,1.0,1.5,95,4.91,4.3,Private room,POBLATS MARITIMS,1
105.0,4,1.0,1.0,30,4.7,0.78,Entire home/apt,CIUTAT VELLA,0
99.0,4,1.0,1.0,27,4.67,0.84,Entire home/apt,CIUTAT VELLA,0
162.0,6,2.0,1.0,31,4.42,3.88,Entire home/apt,POBLATS MARITIMS,0
85.0,3,1.0,1.0,69,4.52,0.91,Entire home/apt,L'EIXAMPLE,0
125.0,6,4.0,3.0,24,4.88,2.93,Entire home/apt,CAMPANAR,0
120.0,3,2.0,1.0,29,4.97,0.94,Entire home/apt,L'EIXAMPLE,1
95.0,3,1.0,1.0,67,4.67,1.85,Entire home/apt,QUATRE CARRERES,0
130.0,4,1.0,1.0,55,4.78,1.78,Entire home/apt,EL PLA DEL REAL,0
132.0,6,3.0,2.0,6,4.0,1.19,Entire home/apt,EXTRAMURS,0
142.0,4,2.0,2.0,44,4.89,3.98,Entire home/apt,POBLATS MARITIMS,1
110.0,5,2.0,1.0,9,4.89,3.81,Entire home/apt,POBLATS MARITIMS,0
336.0,7,3.0,2.0,44,4.95,0.99,Entire home/apt,L'EIXAMPLE,1
240.0,8,6.0,2.0,19,4.68,2.01,Entire home/apt,EL PLA DEL REAL,1
48.0,2,1.0,1.0,75,4.56,0.54,Private room,EXTRAMURS,0
54.0,2,1.0,1.0,68,4.69,4.21,Private room,POBLATS MARITIMS,0
110.0,3,2.0,1.0,26,4.5,3.68,Entire home/apt,POBLATS MARITIMS,0
76.0,2,1.0,1.5,7,5.0,0.79,Entire home/apt,L'EIXAMPLE,1
32.0,1,1.0,1.0,26,4.73,2.36,Private room,LA SAIDIA,0
44.0,1,1.0,1.0,96,4.86,0.8,Private room,EXTRAMURS,1
76.0,5,3.0,1.0,101,4.67,3.9,Entire home/apt,POBLATS MARITIMS,0
83.0,2,1.0,1.0,190,4.68,3.94,Entire home/apt,POBLATS MARITIMS,0
84.0,3,2.0,1.0,9,4.89,1.43,Entire home/apt,LA SAIDIA,1
120.0,2,1.0,1.0,80,4.96,1.08,Entire home/apt,EXTRAMURS,0
78.0,2,1.0,1.5,6,4.17,2.35,Private room,LA SAIDIA,0
62.0,1,1.0,2.0,1,4.0,1.64,Private room,QUATRE CARRERES,0
152.0,6,3.0,1.0,47,4.49,3.92,Entire home/apt,POBLATS MARITIMS,0
142.0,4,2.0,2.0,5,4.8,1.06,Entire home/apt,CIUTAT VELLA,0
63.0,1,1.0,2.0,1,5.0,1.48,Private room,CAMPANAR,0
70.0,3,1.0,1.0,27,4.89,3.09,Entire home/apt,RASCANYA,1
45.0,1,1.0,1.0,23,4.74,3.5,Private room,ALGIROS,0
108.0,4,1.0,1.0,12,4.67,0.47,Entire home/apt,CIUTAT VELLA,0
125.0,4,2.0,1.0,87,4.76,2.04,Entire home/apt,JESUS,1
233.0,3,1.0,1.0,14,4.71,1.01,Entire home/apt,L'EIXAMPLE,0
113.0,3,1.0,1.0,43,4.58,0.65,Entire home/apt,CIUTAT VELLA,1
95.0,3,1.0,1.0,1,5.0,1.56,Entire home/apt,QUATRE CARRERES,0
83.0,4,1.0,1.0,71,4.48,0.69,Entire home/apt,CIUTAT VELLA,0
64.0,1,1.0,1.0,1,5.0,2.28,Private room,ALGIROS,0
30.0,2,1.0,0.0,5,4.6,2.13,Private room,JESUS,0
110.0,4,3.0,1.5,1,5.0,4.5,Entire home/apt,POBLATS MARITIMS,0
37.0,2,0.0,1.5,115,4.8,1.91,Private room,EL PLA DEL REAL,0
130.0,6,4.0,1.0,12,4.67,2.11,Entire home/apt,ALGIROS,1
73.0,3,2.0,1.0,9,5.0,0.94,Entire home/apt,EXTRAMURS,0
39.0,1,1.0,2.0,3,4.67,2.23,Private room,ALGIROS,0
96.0,2,0.0,1.0,41,4.9,1.5,Entire home/apt,EL PLA DEL REAL,0
93.0,2,1.0,1.0,84,4.73,1.4,Entire home/apt,EL PLA DEL REAL,0
135.0,6,2.0,1.0,101,4.57,3.97,Entire home/apt,POBLATS MARITIMS,0
32.0,2,1.0,1.5,37,4.41,2.26,Private room,LA SAIDIA,0
40.0,1,1.0,1.5,13,4.23,3.04,Private room,RASCANYA,0
87.0,2,0.0,1.0,151,4.62,0.72,Entire home/apt,CIUTAT VELLA,0
49.0,2,1.0,1.0,50,4.76,2.68,Private room,CAMINS AL GRAU,0
30.0,1,1.0,1.5,18,5.0,0.9,Private room,CIUTAT VELLA,0
122.0,6,2.0,1.0,37,4.68,2.39,Entire home/apt,CAMINS AL GRAU,0
30.0,2,1.0,1.0,47,4.43,4.27,Private room,QUATRE CARRERES,0
65.0,2,1.0,1.0,3,4.67,1.39,Private room,LA SAIDIA,0
115.0,4,1.0,1.0,25,4.28,2.1,Entire home/apt,PATRAIX,0
82.0,4,3.0,1.0,126,4.5,1.5,Entire home/apt,JESUS,0
100.0,4,1.0,1.0,63,4.6,1.43,Entire home/apt,LA SAIDIA,1
146.0,6,3.0,2.0,118,4.81,2.65,Entire home/apt,CAMINS AL GRAU,0
147.0,4,2.0,1.0,50,4.8,3.6,Entire home/apt,QUATRE CARRERES,0
133.0,4,2.0,2.0,120,4.88,1.68,Entire home/apt,QUATRE CARRERES,0
97.0,4,1.0,1.0,87,4.76,1.19,Entire home/apt,EXTRAMURS,1
110.0,4,2.0,1.0,53,4.7,3.56,Entire home/apt,QUATRE CARRERES,0
96.0,4,2.0,1.0,55,4.82,3.66,Entire home/apt,QUATRE CARRERES,0
115.0,2,1.0,1.0,97,4.93,1.0,Entire home/apt,EXTRAMURS,1
153.0,4,2.0,1.0,11,4.27,1.04,Entire home/apt,CIUTAT VELLA,0
75.0,2,0.0,1.0,38,4.84,3.92,Entire home/apt,POBLATS MARITIMS,0
117.0,5,2.0,1.0,78,4.72,1.55,Entire home/apt,QUATRE CARRERES,0
122.0,3,1.0,1.0,5,4.2,0.59,Entire home/apt,CIUTAT VELLA,0
115.0,2,1.0,1.0,26,4.85,3.89,Entire home/apt,POBLATS MARITIMS,1
43.0,1,1.0,2.0,2,4.5,2.21,Private room,ALGIROS,0
38.0,1,1.0,2.0,1,5.0,2.42,Private room,ALGIROS,0
97.0,6,2.0,2.0,105,4.82,1.27,Entire home/apt,JESUS,1
52.0,2,3.0,1.0,300,4.75,1.53,Private room,QUATRE CARRERES,1
211.0,8,4.0,2.0,11,3.64,2.28,Entire home/apt,BENIMACLET,0
90.0,2,1.0,2.5,43,4.86,1.15,Private room,EXTRAMURS,0
53.0,1,1.0,1.0,5,5.0,2.14,Entire home/apt,CAMINS AL GRAU,1
85.0,2,1.0,1.0,28,5.0,1.0,Entire home/apt,CIUTAT VELLA,0
122.0,4,2.0,1.0,106,4.84,2.71,Entire home/apt,CAMINS AL GRAU,1
163.0,3,0.0,0.0,36,4.58,4.12,Entire home/apt,POBLATS MARITIMS,0
100.0,2,0.0,1.0,59,4.73,1.36,Entire home/apt,EL PLA DEL REAL,0
122.0,4,1.0,1.0,112,4.78,3.57,Entire home/apt,POBLATS MARITIMS,1
67.0,4,1.0,1.5,100,4.6,1.38,Entire home/apt,PATRAIX,0
64.0,4,1.0,1.0,146,4.5,1.38,Entire home/apt,PATRAIX,0
181.0,6,2.0,1.0,118,4.72,3.56,Entire home/apt,POBLATS MARITIMS,1
112.0,4,2.0,2.0,102,4.82,1.68,Entire home/apt,QUATRE CARRERES,1
35.0,2,1.0,1.0,35,4.57,4.43,Private room,POBLATS MARITIMS,0
119.0,4,2.0,1.5,63,4.71,4.32,Entire home/apt,POBLATS MARITIMS,0
240.0,6,3.0,2.0,14,4.57,3.25,Entire home/apt,ALGIROS,0
175.0,5,2.0,1.0,122,4.72,3.95,Entire home/apt,POBLATS MARITIMS,0
106.0,4,1.0,1.0,132,4.77,2.79,Entire home/apt,CAMINS AL GRAU,1
71.0,2,1.0,1.0,92,4.58,2.44,Entire home/apt,CAMINS AL GRAU,0
45.0,1,1.0,1.0,25,4.68,3.49,Private room,POBLATS MARITIMS,0
43.0,1,1.0,2.0,2,5.0,2.23,Private room,ALGIROS,0
199.0,6,3.0,2.0,66,4.86,4.31,Entire home/apt,POBLATS MARITIMS,1
60.0,2,1.0,1.0,74,4.91,2.39,Private room,ALGIROS,1
106.0,4,1.0,1.0,152,4.91,2.68,Entire home/apt,CAMINS AL GRAU,1
107.0,6,2.0,2.0,122,4.93,2.7,Entire home/apt,CAMINS AL GRAU,1
71.0,2,1.0,1.0,73,4.52,2.42,Entire home/apt,CAMINS AL GRAU,0
106.0,4,1.0,1.0,73,4.68,2.16,Entire home/apt,BENIMACLET,0
106.0,4,1.0,1.0,16,4.75,3.56,Entire home/apt,POBLATS MARITIMS,0
67.0,2,1.0,1.0,176,4.97,1.42,Private room,L'EIXAMPLE,1
86.0,2,1.0,1.0,96,4.58,2.44,Entire home/apt,CAMINS AL GRAU,0
87.0,4,1.0,1.5,64,4.73,1.16,Entire home/apt,EXTRAMURS,0
39.0,1,1.0,2.0,4,5.0,2.26,Private room,ALGIROS,0
110.0,4,1.0,1.0,29,4.62,0.94,Entire home/apt,CIUTAT VELLA,0
113.0,4,1.0,1.0,46,4.26,0.95,Entire home/apt,CIUTAT VELLA,0
78.0,4,2.0,1.0,108,4.83,4.42,Entire home/apt,POBLATS MARITIMS,1
79.0,5,3.0,1.0,28,4.18,3.89,Entire home/apt,RASCANYA,0
230.0,5,3.0,2.0,5,5.0,1.02,Entire home/apt,L'EIXAMPLE,0
101.0,4,3.0,1.0,29,4.24,4.22,Entire home/apt,POBLATS MARITIMS,0
154.0,6,3.0,1.0,304,4.89,4.4,Entire home/apt,POBLATS MARITIMS,1
124.0,3,1.0,1.0,87,4.78,4.36,Entire home/apt,POBLATS MARITIMS,1
109.0,3,1.0,1.0,66,4.7,4.22,Entire home/apt,POBLATS MARITIMS,1
128.0,3,1.0,1.0,86,4.8,4.18,Entire home/apt,POBLATS MARITIMS,1
59.0,2,1.0,2.0,37,4.97,3.84,Private room,POBLATS MARITIMS,0
266.0,7,4.0,2.0,1,5.0,20.08,Entire home/apt,POBLATS DEL SUD,0
91.0,2,1.0,1.0,55,4.75,1.32,Private room,QUATRE CARRERES,0
80.0,5,3.0,2.0,12,4.92,1.6,Entire home/apt,QUATRE CARRERES,0
182.0,3,1.0,1.0,83,4.94,0.76,Entire home/apt,CIUTAT VELLA,1
124.0,2,1.0,1.0,36,4.61,2.23,Private room,PATRAIX,0
190.0,2,1.0,1.0,32,4.34,2.11,Private room,JESUS,0
190.0,2,1.0,1.0,24,4.54,1.97,Private room,PATRAIX,0
123.0,2,1.0,1.0,23,4.13,2.03,Private room,PATRAIX,0
123.0,2,1.0,1.0,32,4.38,2.0,Private room,PATRAIX,0
92.0,2,1.0,1.0,22,4.73,2.6,Private room,BENIMACLET,0
37.0,1,1.0,2.0,2,5.0,2.14,Private room,ALGIROS,0
77.0,6,2.0,2.0,107,4.87,2.72,Entire home/apt,CAMINS AL GRAU,1
115.0,6,4.0,1.0,2,4.5,3.07,Entire home/apt,ALGIROS,0
120.0,5,3.0,1.5,1,5.0,1.31,Entire home/apt,L'OLIVERETA,0
140.0,4,2.0,1.0,30,4.93,1.84,Entire home/apt,CAMINS AL GRAU,1
38.0,1,1.0,0.5,5,4.8,2.39,Private room,ALGIROS,0
53.0,1,1.0,1.0,5,5.0,2.14,Entire home/apt,CAMINS AL GRAU,1
177.0,7,4.0,1.0,71,4.62,1.82,Entire home/apt,JESUS,1
72.0,3,2.0,1.0,5,4.2,1.92,Entire home/apt,LA SAIDIA,0
111.0,4,1.0,1.0,2,2.5,1.36,Entire home/apt,QUATRE CARRERES,0
75.0,3,0.0,1.0,2,3.0,0.63,Entire home/apt,CIUTAT VELLA,0
39.0,2,1.0,1.0,9,4.22,1.81,Private room,JESUS,0
111.0,5,5.0,2.0,4,3.75,1.58,Entire home/apt,QUATRE CARRERES,0
120.0,5,4.0,2.0,9,4.22,2.89,Entire home/apt,CAMINS AL GRAU,0
171.0,4,2.0,1.0,146,4.85,0.42,Entire home/apt,CIUTAT VELLA,1
40.0,1,1.0,1.5,1,5.0,1.15,Private room,EXTRAMURS,0
158.0,4,2.0,2.0,78,4.69,0.43,Entire home/apt,EXTRAMURS,0
39.0,1,1.0,2.0,3,4.67,2.13,Private room,ALGIROS,0
109.0,4,2.0,2.0,36,4.64,22.73,Entire home/apt,POBLATS DEL SUD,1
48.0,2,1.0,1.5,98,4.72,2.87,Private room,RASCANYA,0
87.0,4,1.0,1.0,105,4.86,3.5,Entire home/apt,POBLATS MARITIMS,1
33.0,1,1.0,1.5,49,4.53,1.99,Private room,EL PLA DEL REAL,0
35.0,1,1.0,1.0,19,4.37,2.18,Private room,ALGIROS,0
108.0,4,3.0,1.0,10,4.5,3.71,Entire home/apt,POBLATS MARITIMS,0
199.0,4,2.0,2.0,7,3.86,0.31,Entire home/apt,EXTRAMURS,0
176.0,4,2.0,2.0,12,4.92,1.32,Entire home/apt,EL PLA DEL REAL,0
114.0,5,3.0,1.5,23,4.74,1.07,Entire home/apt,L'EIXAMPLE,0
135.0,2,1.0,1.0,25,5.0,1.88,Entire home/apt,CAMINS AL GRAU,1
73.0,3,1.0,1.0,140,4.69,2.0,Entire home/apt,LA SAIDIA,1
80.0,2,1.0,1.0,145,4.53,4.08,Private room,POBLATS MARITIMS,0
190.0,5,2.0,1.0,32,4.78,1.58,Entire home/apt,LA SAIDIA,0
119.0,4,2.0,1.0,229,4.94,3.88,Entire home/apt,POBLATS MARITIMS,1
120.0,4,2.0,1.0,39,4.95,1.83,Entire home/apt,LA SAIDIA,1
164.0,5,3.0,1.0,30,4.8,4.34,Entire home/apt,POBLATS MARITIMS,0
132.0,4,1.0,1.0,31,4.74,0.91,Entire home/apt,EXTRAMURS,1
35.0,2,1.0,1.0,74,4.84,1.71,Private room,PATRAIX,1
50.0,2,1.0,1.5,8,5.0,3.12,Private room,BENICALAP,0
126.0,6,3.0,2.0,6,4.33,0.31,Entire home/apt,EXTRAMURS,0
163.0,5,3.0,2.0,31,4.19,1.66,Entire home/apt,QUATRE CARRERES,0
90.0,2,1.0,1.0,7,4.86,0.09,Private room,CIUTAT VELLA,0
67.0,6,3.0,1.0,12,4.67,4.74,Entire home/apt,POBLATS DE L'OEST,0
45.0,2,1.0,1.0,15,4.8,2.19,Private room,ALGIROS,1
50.0,2,1.0,1.0,80,4.95,2.56,Private room,CAMINS AL GRAU,1
69.0,2,1.0,1.0,34,4.79,2.29,Private room,QUATRE CARRERES,0
99.0,4,1.0,1.0,100,4.75,0.52,Entire home/apt,CIUTAT VELLA,1
324.0,8,3.0,2.0,154,4.79,1.77,Entire home/apt,QUATRE CARRERES,0
107.0,5,2.0,1.0,44,4.23,3.92,Entire home/apt,POBLATS MARITIMS,0
82.0,1,1.0,1.5,65,4.97,0.68,Private room,L'EIXAMPLE,1
110.0,4,1.0,1.0,89,4.81,0.25,Entire home/apt,CIUTAT VELLA,1
97.0,6,2.0,1.5,110,4.64,3.71,Entire home/apt,POBLATS MARITIMS,0
195.0,6,4.0,2.0,1,5.0,21.77,Entire home/apt,POBLATS DEL SUD,0
100.0,2,0.0,1.0,171,4.77,0.67,Entire home/apt,CIUTAT VELLA,0
301.0,5,3.0,2.0,70,4.76,3.99,Entire home/apt,POBLATS MARITIMS,1
160.0,7,5.0,2.0,11,4.64,2.46,Entire home/apt,CAMINS AL GRAU,0
35.0,2,1.0,1.0,26,4.85,2.7,Private room,CAMINS AL GRAU,1
90.0,2,1.0,1.0,30,4.57,1.67,Entire home/apt,QUATRE CARRERES,0
60.0,2,1.0,1.0,36,4.39,1.76,Entire home/apt,QUATRE CARRERES,0
70.0,3,3.0,1.0,67,4.82,3.3,Entire home/apt,BENICALAP,1
42.0,1,1.0,1.5,15,4.87,3.73,Private room,POBLATS MARITIMS,0
47.0,2,1.0,1.5,39,4.28,1.77,Private room,CAMINS AL GRAU,0
94.0,2,1.0,1.0,22,4.23,4.07,Entire home/apt,POBLATS MARITIMS,0
247.0,8,3.0,2.0,24,4.88,1.58,Entire home/apt,QUATRE CARRERES,0
183.0,7,5.0,2.0,9,4.67,2.74,Entire home/apt,ALGIROS,0
149.0,7,3.0,1.0,1,5.0,3.56,Entire home/apt,POBLATS MARITIMS,0
154.0,4,1.0,1.0,126,4.88,4.58,Entire home/apt,POBLATS MARITIMS,0
135.0,3,1.0,1.0,79,4.71,4.17,Entire home/apt,POBLATS MARITIMS,1
135.0,3,1.0,2.0,71,4.76,4.15,Entire home/apt,POBLATS MARITIMS,1
101.0,2,1.0,1.0,84,4.75,4.14,Entire home/apt,POBLATS MARITIMS,0
49.0,2,1.0,1.5,36,4.39,2.43,Private room,BENICALAP,0
150.0,2,1.0,1.0,31,4.84,0.46,Entire home/apt,CIUTAT VELLA,0
139.0,3,2.0,2.0,104,4.79,1.68,Entire home/apt,JESUS,1
70.0,3,2.0,2.0,13,4.77,1.68,Entire home/apt,L'OLIVERETA,1
130.0,3,1.0,1.0,63,4.71,4.01,Entire home/apt,POBLATS MARITIMS,1
53.0,1,1.0,1.0,4,5.0,2.22,Entire home/apt,CAMINS AL GRAU,1
121.0,3,1.0,1.0,65,4.65,4.0,Entire home/apt,POBLATS MARITIMS,0
152.0,6,2.0,2.0,13,4.69,4.57,Entire home/apt,POBLATS MARITIMS,0
114.0,6,2.0,1.0,18,3.89,0.9,Entire home/apt,EXTRAMURS,0
86.0,4,1.0,2.0,19,4.74,3.61,Entire home/apt,POBLATS MARITIMS,0
230.0,6,3.0,2.0,32,5.0,4.13,Entire home/apt,POBLATS MARITIMS,1
115.0,4,0.0,0.0,45,4.67,1.79,Entire home/apt,CAMINS AL GRAU,0
108.0,4,3.0,2.0,33,5.0,1.42,Entire home/apt,QUATRE CARRERES,1
191.0,6,2.0,1.0,129,4.78,2.38,Entire home/apt,CAMINS AL GRAU,0
96.0,6,3.0,2.0,163,4.71,0.99,Entire home/apt,EXTRAMURS,0
101.0,6,3.0,2.0,142,4.68,0.97,Entire home/apt,EXTRAMURS,0
96.0,6,3.0,2.0,165,4.68,1.1,Entire home/apt,EXTRAMURS,0
38.0,2,1.0,1.0,111,4.69,1.09,Private room,L'EIXAMPLE,0
224.0,4,1.0,2.0,19,4.79,2.48,Entire home/apt,QUATRE CARRERES,1
52.0,2,1.0,1.0,83,4.7,2.93,Entire home/apt,JESUS,0
147.0,4,1.0,2.0,51,4.82,1.69,Entire home/apt,CAMINS AL GRAU,0
138.0,5,3.0,2.0,37,4.86,1.24,Entire home/apt,PATRAIX,0
96.0,6,3.0,2.0,179,4.7,1.06,Entire home/apt,EXTRAMURS,0
276.0,6,2.0,2.0,41,5.0,0.98,Entire home/apt,CIUTAT VELLA,1
79.0,4,2.0,1.5,40,4.8,0.65,Entire home/apt,CIUTAT VELLA,0
80.0,3,2.0,1.0,4,5.0,1.27,Entire home/apt,CIUTAT VELLA,0
76.0,1,1.0,1.0,39,4.92,1.44,Private room,EXTRAMURS,0
125.0,3,3.0,1.5,22,4.77,4.0,Entire home/apt,POBLATS MARITIMS,1
59.0,1,1.0,1.0,74,4.96,1.91,Private room,CAMPANAR,0
99.0,5,3.0,1.0,115,4.64,2.49,Entire home/apt,CAMINS AL GRAU,0
110.0,4,3.0,1.0,34,4.71,2.82,Entire home/apt,BENICALAP,0
90.0,4,2.0,1.0,60,4.8,1.68,Entire home/apt,QUATRE CARRERES,1
195.0,8,4.0,4.0,4,5.0,0.72,Entire home/apt,CIUTAT VELLA,0
74.0,3,1.0,1.0,13,4.15,0.98,Private room,EXTRAMURS,0
114.0,4,1.0,1.0,78,4.78,4.07,Entire home/apt,POBLATS MARITIMS,0
74.0,5,2.0,1.0,45,3.73,0.92,Entire home/apt,CIUTAT VELLA,0
31.0,2,1.0,1.5,58,4.59,0.67,Private room,EXTRAMURS,0
150.0,5,2.0,1.0,9,4.56,0.7,Entire home/apt,L'EIXAMPLE,0
119.0,3,2.0,1.0,20,4.55,3.5,Entire home/apt,BENICALAP,0
79.0,1,1.0,1.0,4,5.0,3.85,Private room,QUATRE CARRERES,0
105.0,3,1.0,1.0,43,4.7,4.02,Entire home/apt,POBLATS MARITIMS,1
128.0,4,2.0,2.0,71,4.83,4.37,Entire home/apt,POBLATS MARITIMS,1
136.0,5,1.0,2.0,4,5.0,1.81,Entire home/apt,CAMINS AL GRAU,0
149.0,3,1.0,1.0,98,4.72,1.16,Entire home/apt,CIUTAT VELLA,0
146.0,5,3.0,2.0,73,4.71,0.99,Entire home/apt,L'EIXAMPLE,0
135.0,3,2.0,2.0,79,4.85,0.85,Entire home/apt,CIUTAT VELLA,0
91.0,4,2.0,1.0,144,4.85,1.81,Entire home/apt,CAMINS AL GRAU,1
128.0,2,17.0,0.0,21,4.86,1.45,Private room,LA SAIDIA,1
116.0,4,2.0,2.0,38,4.39,0.39,Entire home/apt,CIUTAT VELLA,0
50.0,1,1.0,1.0,83,4.96,1.06,Private room,L'EIXAMPLE,1
103.0,2,1.0,1.0,26,4.19,4.09,Entire home/apt,POBLATS MARITIMS,0
130.0,6,2.0,1.0,200,4.88,0.8,Entire home/apt,CIUTAT VELLA,1
90.0,4,1.0,1.0,35,4.77,0.8,Entire home/apt,CIUTAT VELLA,1
120.0,2,1.0,1.0,83,4.94,0.82,Entire home/apt,EXTRAMURS,1
86.0,5,2.0,1.0,39,4.74,0.92,Entire home/apt,L'EIXAMPLE,0
160.0,4,1.0,2.0,37,4.86,1.78,Entire home/apt,CAMINS AL GRAU,0
136.0,5,1.0,2.0,3,4.67,1.82,Entire home/apt,CAMINS AL GRAU,0
149.0,6,1.0,2.0,3,4.67,1.8,Entire home/apt,CAMINS AL GRAU,0
84.0,4,1.0,1.0,18,4.56,0.28,Entire home/apt,CIUTAT VELLA,0
98.0,4,2.0,1.0,122,4.54,0.86,Entire home/apt,CIUTAT VELLA,0
102.0,4,1.0,1.0,107,4.9,1.06,Entire home/apt,L'EIXAMPLE,1
98.0,4,1.0,1.0,119,4.88,0.24,Entire home/apt,CIUTAT VELLA,1
114.0,4,1.0,1.0,5,5.0,3.72,Entire home/apt,POBLATS MARITIMS,1
116.0,4,1.0,1.0,3,4.33,0.58,Entire home/apt,CIUTAT VELLA,0
126.0,6,2.0,2.0,21,4.48,4.2,Entire home/apt,POBLATS MARITIMS,0
147.0,4,2.0,2.0,12,4.33,0.87,Entire home/apt,L'EIXAMPLE,0
137.0,4,2.0,1.5,16,4.5,0.64,Entire home/apt,L'EIXAMPLE,0
84.0,2,1.0,1.0,4,4.25,1.01,Entire home/apt,CIUTAT VELLA,0
105.0,4,1.0,1.0,17,4.71,4.21,Entire home/apt,POBLATS MARITIMS,0
132.0,4,1.0,2.0,5,5.0,4.25,Entire home/apt,POBLATS MARITIMS,0
95.0,4,2.0,1.0,6,4.5,4.06,Entire home/apt,POBLATS MARITIMS,0
105.0,4,2.0,1.0,11,4.09,1.23,Entire home/apt,CIUTAT VELLA,0
147.0,4,2.0,1.0,62,4.53,0.64,Entire home/apt,CIUTAT VELLA,0
105.0,4,2.0,1.0,20,4.65,4.12,Entire home/apt,POBLATS MARITIMS,0
144.0,6,3.0,2.0,26,4.54,0.88,Entire home/apt,L'EIXAMPLE,0
132.0,6,3.0,2.0,81,4.59,0.27,Entire home/apt,CIUTAT VELLA,0
90.0,2,1.0,1.0,7,5.0,1.12,Entire home/apt,EXTRAMURS,1
131.0,4,1.0,1.0,21,4.48,1.0,Entire home/apt,EXTRAMURS,0
178.0,2,0.0,1.0,12,4.83,0.21,Private room,CIUTAT VELLA,1
208.0,2,0.0,1.0,1,5.0,0.25,Private room,CIUTAT VELLA,1
238.0,2,0.0,1.0,1,5.0,0.05,Private room,CIUTAT VELLA,1
111.0,4,2.0,1.0,13,4.23,0.85,Entire home/apt,EXTRAMURS,0
49.0,1,1.0,1.0,12,5.0,1.67,Private room,CAMPANAR,1
57.0,2,1.0,1.0,97,4.52,3.74,Private room,POBLATS MARITIMS,1
76.0,2,1.0,1.5,1,5.0,0.84,Entire home/apt,L'EIXAMPLE,0
59.0,2,1.0,0.5,85,4.71,18.73,Private room,POBLATS DEL SUD,1
136.0,5,1.0,2.0,1,5.0,1.78,Entire home/apt,CAMINS AL GRAU,0
136.0,4,1.0,2.0,1,4.0,1.79,Entire home/apt,CAMINS AL GRAU,0
95.0,4,1.0,1.0,82,4.9,2.14,Entire home/apt,LA SAIDIA,1
54.0,2,1.0,1.0,49,4.39,1.32,Private room,QUATRE CARRERES,0
55.0,3,1.0,1.0,61,4.34,0.86,Entire home/apt,CIUTAT VELLA,0
85.0,4,2.0,1.0,1,5.0,1.62,Entire home/apt,QUATRE CARRERES,0
108.0,4,2.0,1.0,10,3.8,2.37,Entire home/apt,RASCANYA,0
38.0,2,1.0,1.0,30,4.6,3.47,Private room,BENICALAP,0
327.0,8,3.0,2.0,155,4.85,1.96,Entire home/apt,JESUS,0
64.0,4,1.0,1.0,6,4.83,4.25,Entire home/apt,POBLATS MARITIMS,1
150.0,4,3.0,1.0,3,5.0,4.15,Entire home/apt,POBLATS MARITIMS,0
67.0,3,1.0,1.0,114,4.79,2.8,Entire home/apt,JESUS,1
90.0,3,1.0,1.0,117,4.67,2.86,Entire home/apt,JESUS,1
180.0,4,2.0,2.0,22,5.0,2.31,Entire home/apt,CAMINS AL GRAU,1
97.0,4,2.0,1.0,154,4.86,0.83,Entire home/apt,EXTRAMURS,1
89.0,2,1.0,1.0,110,4.66,3.99,Private room,POBLATS MARITIMS,0
156.0,4,1.0,1.0,9,4.89,0.59,Entire home/apt,L'EIXAMPLE,0
46.0,1,1.0,1.0,50,4.7,3.69,Private room,POBLATS MARITIMS,0
59.0,2,1.0,1.5,71,4.49,1.42,Private room,QUATRE CARRERES,0
59.0,2,1.0,0.5,75,4.61,1.53,Private room,QUATRE CARRERES,0
35.0,2,1.0,1.5,40,4.35,1.41,Private room,QUATRE CARRERES,0
42.0,2,1.0,1.5,64,4.52,1.43,Private room,QUATRE CARRERES,0
74.0,3,1.0,1.0,123,4.78,3.05,Entire home/apt,JESUS,1
136.0,4,2.0,1.0,6,4.67,1.19,Entire home/apt,L'EIXAMPLE,1
130.0,5,2.0,2.0,148,4.89,1.49,Entire home/apt,LA SAIDIA,1
170.0,4,1.0,1.0,98,4.8,0.25,Entire home/apt,CIUTAT VELLA,1
89.0,2,1.0,1.0,186,4.96,2.59,Entire home/apt,CAMINS AL GRAU,1
78.0,4,1.0,1.0,190,4.91,2.63,Entire home/apt,CAMINS AL GRAU,1
103.0,5,3.0,2.0,26,4.96,1.56,Entire home/apt,QUATRE CARRERES,1
261.0,6,3.0,2.0,20,5.0,2.35,Entire home/apt,CAMINS AL GRAU,0
133.0,4,1.0,1.0,43,4.84,3.06,Entire home/apt,CAMINS AL GRAU,1
106.0,2,1.0,1.0,48,4.77,1.45,Entire home/apt,LA SAIDIA,0
97.0,2,1.0,1.0,46,4.78,1.45,Entire home/apt,LA SAIDIA,0
52.0,2,1.0,1.0,23,4.78,0.52,Entire home/apt,CIUTAT VELLA,1
117.0,4,2.0,2.0,115,4.83,0.98,Entire home/apt,L'EIXAMPLE,0
165.0,6,3.0,1.0,3,5.0,1.18,Entire home/apt,EXTRAMURS,0
91.0,4,2.0,1.0,38,4.47,0.92,Entire home/apt,L'EIXAMPLE,0
180.0,5,3.0,2.0,49,4.98,3.4,Entire home/apt,ALGIROS,1
70.0,4,2.0,2.0,6,5.0,19.64,Entire home/apt,POBLATS DEL SUD,0
117.0,8,3.0,2.0,132,4.92,1.8,Entire home/apt,L'OLIVERETA,1
98.0,7,2.0,1.0,156,4.9,1.8,Entire home/apt,L'OLIVERETA,1
180.0,4,2.0,2.0,66,4.95,2.2,Entire home/apt,CAMINS AL GRAU,1
90.0,6,3.0,2.0,37,4.59,1.7,Entire home/apt,JESUS,0
60.0,3,1.0,1.0,51,4.63,4.08,Entire home/apt,POBLATS MARITIMS,0
122.0,4,0.0,1.0,87,4.52,4.03,Entire home/apt,POBLATS MARITIMS,0
37.0,3,2.0,1.0,7,4.71,4.31,Entire home/apt,POBLATS MARITIMS,1
160.0,4,2.0,1.0,4,4.0,2.22,Entire home/apt,CAMINS AL GRAU,0
98.0,2,1.0,1.0,38,4.63,1.36,Entire home/apt,LA SAIDIA,1
39.0,2,1.0,1.0,35,4.46,1.47,Private room,QUATRE CARRERES,0
209.0,8,4.0,2.0,27,4.41,1.57,Entire home/apt,QUATRE CARRERES,0
89.0,6,3.0,2.0,140,4.69,1.09,Entire home/apt,EXTRAMURS,0
92.0,6,3.0,2.0,137,4.79,1.09,Entire home/apt,EXTRAMURS,0
45.0,2,1.0,1.5,185,4.88,1.08,Private room,EXTRAMURS,1
101.0,6,3.0,2.0,102,4.76,1.09,Entire home/apt,EXTRAMURS,0
124.0,2,1.0,1.0,99,4.97,2.11,Private room,LA SAIDIA,1
145.0,4,0.0,1.0,15,4.93,3.93,Entire home/apt,POBLATS MARITIMS,1
46.0,2,1.0,1.5,43,4.77,3.48,Private room,POBLATS MARITIMS,1
96.0,4,1.0,1.0,187,4.95,3.72,Entire home/apt,POBLATS MARITIMS,1
96.0,4,1.0,1.0,131,4.54,0.88,Entire home/apt,L'EIXAMPLE,0
118.0,4,0.0,1.0,37,4.41,3.82,Entire home/apt,POBLATS MARITIMS,0
172.0,4,2.0,1.5,146,4.95,4.38,Entire home/apt,POBLATS MARITIMS,1
143.0,2,2.0,0.0,2,5.0,1.33,Private room,LA SAIDIA,1
345.0,4,3.0,2.0,91,4.88,0.85,Entire home/apt,L'EIXAMPLE,0
73.0,2,1.0,1.0,6,4.17,3.42,Entire home/apt,CAMPANAR,0
116.0,4,1.0,1.0,45,4.67,1.28,Entire home/apt,LA SAIDIA,0
53.0,1,1.0,1.0,8,4.88,2.14,Entire home/apt,CAMINS AL GRAU,1
110.0,4,1.0,1.0,110,4.67,0.25,Entire home/apt,CIUTAT VELLA,0
89.0,6,3.0,2.0,147,4.75,1.09,Entire home/apt,EXTRAMURS,0
105.0,2,1.0,1.0,24,4.83,1.36,Entire home/apt,LA SAIDIA,1
107.0,2,1.0,1.0,2,5.0,1.67,Private room,LA SAIDIA,0
32.0,1,1.0,1.0,87,4.8,0.98,Private room,EXTRAMURS,1
125.0,4,2.0,2.0,48,5.0,1.36,Entire home/apt,LA SAIDIA,1
80.0,1,1.0,1.0,3,4.67,1.43,Private room,L'OLIVERETA,0
50.0,1,1.0,1.0,43,4.65,4.52,Private room,POBLATS MARITIMS,0
130.0,4,3.0,1.0,12,4.75,2.67,Entire home/apt,CAMINS AL GRAU,0
78.0,2,1.0,1.0,15,4.87,2.94,Entire home/apt,CAMINS AL GRAU,0
171.0,4,2.0,1.0,11,4.91,2.33,Entire home/apt,RASCANYA,0
87.0,4,1.0,1.0,29,4.69,3.82,Entire home/apt,POBLATS MARITIMS,0
350.0,6,3.0,2.0,74,4.96,2.41,Entire home/apt,CAMINS AL GRAU,0
80.0,3,2.0,1.0,9,4.89,1.83,Entire home/apt,L'OLIVERETA,0
134.0,4,1.0,1.0,147,4.98,0.36,Entire home/apt,CIUTAT VELLA,1
42.0,2,1.0,1.0,11,4.73,4.09,Entire home/apt,POBLATS MARITIMS,1
130.0,5,2.0,1.0,48,4.21,0.73,Entire home/apt,L'EIXAMPLE,0
127.0,4,2.0,2.0,24,4.5,0.59,Entire home/apt,L'EIXAMPLE,0
49.0,3,1.0,1.0,81,4.63,0.71,Private room,EXTRAMURS,0
100.0,3,1.0,1.0,5,3.6,2.36,Entire home/apt,RASCANYA,0
72.0,3,1.0,1.0,67,4.82,1.75,Entire home/apt,QUATRE CARRERES,1
125.0,3,1.0,1.0,1,5.0,2.53,Entire home/apt,CAMINS AL GRAU,0
37.0,2,1.0,1.0,80,4.85,2.23,Private room,LA SAIDIA,1
125.0,4,2.0,1.0,22,4.68,3.65,Entire home/apt,POBLATS MARITIMS,0
31.0,2,1.0,1.0,20,4.4,1.72,Private room,LA SAIDIA,0
212.0,6,3.0,3.0,39,4.72,1.44,Entire home/apt,LA SAIDIA,0
66.0,2,1.0,1.0,131,4.39,0.87,Entire home/apt,CIUTAT VELLA,0
68.0,2,1.0,1.0,115,4.11,1.1,Entire home/apt,CIUTAT VELLA,0
124.0,4,1.0,1.0,32,4.59,1.88,Entire home/apt,QUATRE CARRERES,0
57.0,2,1.0,1.0,54,4.87,2.66,Private room,CAMINS AL GRAU,1
208.0,4,2.0,1.0,108,4.46,0.89,Entire home/apt,L'EIXAMPLE,0
80.0,4,2.0,2.0,9,4.33,2.49,Entire home/apt,RASCANYA,0
100.0,6,3.0,1.0,20,4.65,13.47,Entire home/apt,POBLATS DEL SUD,1
90.0,4,1.0,1.0,3,5.0,0.58,Entire home/apt,CIUTAT VELLA,0
32.0,1,3.0,1.0,11,4.36,3.28,Private room,ALGIROS,1
47.0,1,1.0,1.0,3,4.67,2.14,Entire home/apt,CAMINS AL GRAU,1
103.0,6,2.0,2.0,91,4.82,1.66,Entire home/apt,EXTRAMURS,0
174.0,4,2.0,1.0,43,4.95,2.31,Entire home/apt,RASCANYA,0
92.0,6,3.0,1.0,36,4.92,4.67,Entire home/apt,POBLATS DE L'OEST,1
50.0,2,1.0,1.0,24,4.79,0.54,Entire home/apt,CIUTAT VELLA,1
150.0,6,1.0,1.5,1,1.0,2.1,Entire home/apt,QUATRE CARRERES,0
220.0,6,2.0,1.0,1,5.0,1.46,Entire home/apt,JESUS,0
89.0,4,1.0,1.0,31,4.81,1.77,Entire home/apt,QUATRE CARRERES,0
129.0,5,2.0,2.0,85,4.85,1.58,Entire home/apt,QUATRE CARRERES,0
279.0,6,3.0,2.0,12,4.5,0.55,Entire home/apt,L'EIXAMPLE,0
35.0,2,1.0,1.0,65,4.63,2.58,Private room,ALGIROS,0
155.0,4,2.0,1.0,32,4.69,0.14,Entire home/apt,CIUTAT VELLA,0
143.0,3,1.0,1.0,6,4.33,0.37,Entire home/apt,CIUTAT VELLA,0
170.0,4,2.0,1.0,32,4.56,0.38,Entire home/apt,CIUTAT VELLA,0
180.0,4,2.0,2.0,2,4.5,0.38,Entire home/apt,CIUTAT VELLA,0
175.0,5,2.0,1.0,9,4.56,0.3,Entire home/apt,CIUTAT VELLA,0
130.0,4,1.0,1.0,4,4.75,1.24,Entire home/apt,CIUTAT VELLA,0
347.0,8,5.0,2.5,30,4.4,0.67,Entire home/apt,L'EIXAMPLE,0
165.0,4,2.0,1.0,59,4.39,0.37,Entire home/apt,CIUTAT VELLA,0
170.0,4,2.0,1.5,30,4.53,0.37,Entire home/apt,CIUTAT VELLA,0
180.0,4,2.0,1.0,50,4.4,0.37,Entire home/apt,CIUTAT VELLA,0
109.0,2,3.0,1.0,12,4.42,0.39,Entire home/apt,EXTRAMURS,0
143.0,6,3.0,2.0,5,3.8,0.68,Entire home/apt,CIUTAT VELLA,0
112.0,3,1.0,1.0,169,4.71,1.99,Entire home/apt,CAMINS AL GRAU,0
120.0,5,2.0,1.0,14,4.57,2.52,Entire home/apt,CAMINS AL GRAU,1
135.0,5,2.0,2.0,35,4.86,3.12,Entire home/apt,BENICALAP,1
145.0,4,1.0,1.0,8,4.0,4.43,Entire home/apt,POBLATS MARITIMS,0
108.0,4,2.0,2.0,17,4.65,1.31,Entire home/apt,QUATRE CARRERES,0
174.0,5,3.0,1.0,13,4.77,1.58,Entire home/apt,L'EIXAMPLE,0
48.0,1,1.0,1.0,142,4.95,3.29,Private room,CAMINS AL GRAU,1
135.0,4,1.0,1.0,69,4.9,1.87,Entire home/apt,QUATRE CARRERES,1
114.0,2,1.0,1.0,16,4.5,0.42,Entire home/apt,CIUTAT VELLA,0
74.0,4,1.0,1.0,113,4.64,4.37,Entire home/apt,POBLATS MARITIMS,0
131.0,4,2.0,1.0,74,4.51,0.61,Entire home/apt,CIUTAT VELLA,0
45.0,2,0.0,1.5,50,4.52,3.5,Private room,POBLATS MARITIMS,0
120.0,4,3.0,1.0,39,4.67,0.71,Entire home/apt,L'EIXAMPLE,0
56.0,4,2.0,2.0,9,4.89,1.98,Entire home/apt,LA SAIDIA,1
272.0,4,1.0,1.0,85,4.82,0.79,Entire home/apt,CIUTAT VELLA,1
131.0,7,4.0,2.5,7,4.57,3.99,Entire home/apt,POBLATS MARITIMS,0
288.0,8,4.0,2.0,4,4.75,19.6,Entire home/apt,POBLATS DEL SUD,0
66.0,2,1.0,1.0,102,4.77,1.05,Entire home/apt,EXTRAMURS,0
54.0,1,1.0,1.0,122,4.98,3.25,Private room,CAMINS AL GRAU,1
92.0,6,2.0,1.0,190,4.79,1.65,Entire home/apt,PATRAIX,0
115.0,4,2.0,1.0,53,4.92,1.21,Entire home/apt,L'EIXAMPLE,1
160.0,6,3.0,2.0,52,4.81,0.78,Entire home/apt,CIUTAT VELLA,1
60.0,2,1.0,1.0,1,5.0,0.65,Entire home/apt,CIUTAT VELLA,1
110.0,4,2.0,2.5,250,4.7,0.95,Entire home/apt,EXTRAMURS,0
144.0,6,1.0,2.0,113,4.87,0.93,Entire home/apt,CIUTAT VELLA,1
237.0,2,1.0,1.0,42,4.48,0.3,Private room,CIUTAT VELLA,0
237.0,2,1.0,1.0,36,4.56,0.49,Private room,CIUTAT VELLA,0
210.0,2,1.0,1.0,18,5.0,0.61,Private room,EXTRAMURS,0
315.0,2,1.0,1.0,88,4.61,1.11,Private room,CIUTAT VELLA,0
94.0,4,2.0,1.0,10,4.7,0.89,Entire home/apt,L'EIXAMPLE,0
67.0,2,1.0,1.0,97,4.76,2.87,Entire home/apt,CAMINS AL GRAU,1
86.0,2,0.0,1.5,127,4.42,3.9,Entire home/apt,POBLATS MARITIMS,0
243.0,8,3.0,2.0,28,4.32,4.54,Entire home/apt,POBLATS MARITIMS,0
109.0,2,1.0,1.0,182,4.96,0.99,Entire home/apt,CIUTAT VELLA,0
281.0,6,3.0,3.0,18,4.28,3.91,Entire home/apt,POBLATS MARITIMS,1
105.0,6,2.0,2.0,18,4.89,1.21,Entire home/apt,L'EIXAMPLE,0
184.0,4,2.0,2.0,24,4.88,0.59,Entire home/apt,EXTRAMURS,1
115.0,3,1.0,1.0,136,4.85,0.96,Entire home/apt,CIUTAT VELLA,1
237.0,2,1.0,1.0,37,4.51,0.58,Private room,CIUTAT VELLA,0
96.0,5,2.0,1.0,111,4.77,0.48,Entire home/apt,CIUTAT VELLA,0
127.0,5,3.0,1.0,111,4.82,0.48,Entire home/apt,CIUTAT VELLA,0
113.0,4,1.0,1.0,105,4.87,0.48,Entire home/apt,CIUTAT VELLA,0
126.0,5,3.0,2.0,5,5.0,1.98,Entire home/apt,QUATRE CARRERES,0
144.0,6,2.0,2.0,135,4.83,1.26,Entire home/apt,L'EIXAMPLE,1
128.0,4,1.0,1.0,120,4.93,0.4,Entire home/apt,CIUTAT VELLA,0
135.0,5,3.0,1.0,119,4.87,0.52,Entire home/apt,CIUTAT VELLA,0
56.0,5,3.0,2.0,6,5.0,20.35,Entire home/apt,POBLATS DEL SUD,0
60.0,2,1.0,1.0,165,4.76,2.2,Private room,JESUS,0
115.0,4,1.0,1.0,75,4.56,0.18,Entire home/apt,CIUTAT VELLA,0
52.0,2,1.0,1.0,94,4.9,1.26,Private room,L'EIXAMPLE,1
103.0,4,1.0,1.0,113,4.89,0.47,Entire home/apt,CIUTAT VELLA,0
62.0,3,2.0,1.0,136,4.65,2.18,Private room,PATRAIX,0
100.0,6,3.0,2.0,93,4.82,1.67,Entire home/apt,EL PLA DEL REAL,1
72.0,2,1.0,1.0,45,4.82,0.42,Private room,CIUTAT VELLA,1
109.0,4,2.0,1.0,6,4.5,3.06,Entire home/apt,CAMPANAR,0
103.0,2,1.0,1.0,70,4.67,2.02,Entire home/apt,JESUS,0
120.0,3,2.0,1.0,15,4.73,3.95,Entire home/apt,POBLATS MARITIMS,0
143.0,5,3.0,1.0,123,4.89,0.51,Entire home/apt,CIUTAT VELLA,0
133.0,5,3.0,1.0,134,4.95,0.61,Entire home/apt,CIUTAT VELLA,0
140.0,6,3.0,2.0,77,4.65,2.71,Entire home/apt,CAMINS AL GRAU,0
54.0,2,1.0,1.0,158,4.75,2.31,Private room,PATRAIX,0
69.0,3,2.0,1.0,132,4.67,2.32,Private room,JESUS,0
84.0,4,2.0,2.0,2,5.0,2.14,Entire home/apt,PATRAIX,0
67.0,3,2.0,1.0,157,4.68,2.27,Private room,JESUS,0
54.0,2,1.0,1.0,147,4.56,2.23,Private room,PATRAIX,0
51.0,2,1.0,1.0,136,4.68,2.32,Private room,PATRAIX,0
105.0,3,1.0,1.0,69,4.77,3.79,Entire home/apt,POBLATS MARITIMS,1
30.0,1,1.0,1.0,44,4.89,2.64,Private room,BENICALAP,0
83.0,3,1.0,1.0,184,4.68,1.86,Entire home/apt,CAMINS AL GRAU,0
115.0,2,1.0,1.5,25,5.0,2.46,Entire home/apt,QUATRE CARRERES,1
173.0,5,3.0,2.0,17,4.76,2.87,Entire home/apt,CAMINS AL GRAU,1
93.0,4,1.0,1.5,77,4.52,0.93,Entire home/apt,CIUTAT VELLA,0
63.0,1,1.0,1.0,46,4.91,1.32,Private room,L'EIXAMPLE,1
35.0,2,1.0,1.0,1,5.0,2.97,Private room,BENICALAP,0
59.0,2,1.0,1.0,76,4.87,2.07,Private room,L'OLIVERETA,1
170.0,4,1.0,1.0,58,4.95,1.06,Entire home/apt,L'EIXAMPLE,1
195.0,4,2.0,2.0,71,4.92,0.9,Entire home/apt,CIUTAT VELLA,1
90.0,2,1.0,1.0,3,2.67,0.95,Entire home/apt,CIUTAT VELLA,0
115.0,4,1.0,2.0,2,5.0,6.13,Entire home/apt,POBLATS DEL SUD,0
160.0,5,3.0,2.0,25,4.76,2.86,Entire home/apt,CAMINS AL GRAU,0
108.0,4,2.0,2.0,49,4.96,1.62,Entire home/apt,PATRAIX,1
190.0,6,3.0,1.0,15,4.87,1.97,Entire home/apt,CAMPANAR,0
100.0,2,1.0,1.0,15,4.93,1.75,Entire home/apt,CAMINS AL GRAU,0
118.0,2,1.0,1.0,135,4.87,0.62,Entire home/apt,EXTRAMURS,1
122.0,2,1.0,1.0,30,4.3,10.29,Entire home/apt,POBLATS DEL SUD,0
70.0,2,1.0,1.0,19,4.95,2.82,Entire home/apt,BENICALAP,1
160.0,4,2.0,1.0,87,4.78,0.83,Entire home/apt,CIUTAT VELLA,1
75.0,2,0.0,1.0,127,4.76,3.88,Entire home/apt,POBLATS MARITIMS,0
111.0,4,1.0,1.0,52,4.4,4.37,Entire home/apt,POBLATS MARITIMS,0
310.0,8,3.0,2.0,80,4.85,1.94,Entire home/apt,CAMPANAR,0
73.0,2,1.0,1.0,74,4.53,1.73,Private room,L'OLIVERETA,0
55.0,1,1.0,1.0,51,4.92,0.85,Private room,CIUTAT VELLA,1
160.0,4,2.0,1.5,4,5.0,3.66,Entire home/apt,POBLATS MARITIMS,0
114.0,4,1.0,1.0,109,4.77,1.54,Entire home/apt,QUATRE CARRERES,0
58.0,4,3.0,1.0,15,4.93,2.62,Entire home/apt,CAMINS AL GRAU,1
77.0,2,1.0,1.0,115,4.87,3.99,Entire home/apt,POBLATS MARITIMS,1
55.0,2,1.0,1.0,88,4.86,3.77,Private room,POBLATS DE L'OEST,1
104.0,2,1.0,1.0,41,4.29,3.75,Entire home/apt,POBLATS MARITIMS,0
33.0,1,1.0,2.0,31,4.84,1.36,Private room,LA SAIDIA,0
121.0,3,1.0,1.0,59,4.71,1.57,Entire home/apt,QUATRE CARRERES,1
171.0,4,2.0,2.0,141,4.99,0.53,Entire home/apt,EXTRAMURS,1
118.0,3,1.0,1.0,45,4.87,1.73,Entire home/apt,QUATRE CARRERES,1
140.0,5,3.0,1.0,27,4.15,3.91,Entire home/apt,POBLATS MARITIMS,0
161.0,2,1.0,1.0,17,4.65,1.11,Entire home/apt,CIUTAT VELLA,0
111.0,2,1.0,1.0,82,4.73,4.08,Entire home/apt,POBLATS MARITIMS,0
69.0,2,1.0,1.0,118,4.85,3.31,Entire home/apt,JESUS,1
113.0,4,0.0,1.0,61,4.61,3.56,Entire home/apt,POBLATS MARITIMS,0
143.0,7,2.0,1.0,95,4.62,3.56,Entire home/apt,POBLATS MARITIMS,0
134.0,4,0.0,1.0,8,4.38,3.56,Entire home/apt,POBLATS MARITIMS,0
94.0,4,2.0,1.0,91,4.79,1.28,Entire home/apt,L'EIXAMPLE,0
35.0,2,1.0,1.5,68,4.87,1.54,Private room,PATRAIX,1
99.0,2,0.0,1.0,65,4.85,1.09,Entire home/apt,CIUTAT VELLA,1
331.0,2,1.0,1.0,27,4.37,0.39,Private room,L'EIXAMPLE,0
285.0,2,1.0,1.0,28,4.71,0.42,Private room,L'EIXAMPLE,0
97.0,3,1.0,1.5,66,4.68,0.89,Entire home/apt,EXTRAMURS,0
43.0,4,1.0,1.0,85,4.51,1.4,Entire home/apt,QUATRE CARRERES,0
120.0,6,3.0,1.0,15,4.93,3.56,Entire home/apt,POBLATS MARITIMS,1
100.0,3,3.0,1.5,12,5.0,1.22,Entire home/apt,EXTRAMURS,1
247.0,8,3.0,1.0,11,5.0,1.45,Entire home/apt,PATRAIX,0
121.0,4,2.0,2.0,90,4.87,0.98,Entire home/apt,EXTRAMURS,1
132.0,2,1.0,1.0,10,4.7,4.42,Entire home/apt,POBLATS MARITIMS,0
244.0,6,2.0,2.0,11,4.73,1.74,Entire home/apt,EL PLA DEL REAL,0
47.0,2,1.0,1.0,79,4.66,1.08,Private room,L'EIXAMPLE,0
74.0,2,1.0,1.0,8,4.25,1.21,Entire home/apt,PATRAIX,0
115.0,4,3.0,1.5,81,4.89,2.99,Entire home/apt,RASCANYA,1
191.0,6,2.0,1.0,71,4.79,0.68,Entire home/apt,CIUTAT VELLA,0
285.0,2,1.0,2.0,17,4.71,1.43,Entire home/apt,L'OLIVERETA,0
60.0,2,1.0,1.5,115,4.95,1.2,Private room,EXTRAMURS,1
37.0,1,1.0,1.0,69,4.81,1.6,Private room,QUATRE CARRERES,0
30.0,1,1.0,1.0,1,5.0,1.91,Private room,L'OLIVERETA,0
150.0,6,3.0,2.0,65,4.72,2.41,Entire home/apt,CAMINS AL GRAU,0
60.0,2,1.0,1.0,2,3.0,2.68,Private room,RASCANYA,0
98.0,4,1.0,2.0,34,4.94,0.34,Entire home/apt,CIUTAT VELLA,1
258.0,8,3.0,2.0,184,4.89,0.74,Entire home/apt,CIUTAT VELLA,1
87.0,3,2.0,1.0,7,4.71,1.49,Entire home/apt,PATRAIX,1
285.0,2,1.0,1.0,24,4.63,0.3,Private room,CIUTAT VELLA,0
166.0,6,3.0,1.5,48,4.79,13.29,Entire home/apt,POBLATS DEL SUD,0
95.0,7,3.0,1.0,20,4.8,1.32,Entire home/apt,EXTRAMURS,0
80.0,4,2.0,1.0,15,4.8,0.66,Entire home/apt,CIUTAT VELLA,0
77.0,2,1.0,1.0,40,4.85,1.14,Private room,L'EIXAMPLE,0
50.0,2,1.0,1.0,104,4.92,2.74,Private room,CAMINS AL GRAU,1
40.0,2,1.0,1.0,4,5.0,1.92,Private room,JESUS,1
224.0,6,2.0,1.0,58,4.83,0.87,Entire home/apt,CIUTAT VELLA,1
128.0,3,1.0,1.0,50,4.54,0.82,Entire home/apt,CIUTAT VELLA,0
76.0,3,1.0,1.0,23,4.83,1.06,Entire home/apt,EXTRAMURS,1
103.0,4,1.0,1.0,126,4.85,3.04,Entire home/apt,BENICALAP,1
180.0,10,5.0,2.0,7,4.29,3.02,Entire home/apt,ALGIROS,0
46.0,1,1.0,1.0,52,4.69,13.71,Private room,POBLATS DEL SUD,0
82.0,2,1.0,2.0,26,4.46,0.62,Private room,L'EIXAMPLE,0
129.0,4,2.0,2.0,79,4.94,3.23,Entire home/apt,BENICALAP,1
87.0,4,1.0,1.0,202,4.9,0.9,Entire home/apt,CIUTAT VELLA,1
104.0,4,1.0,1.0,32,4.66,0.28,Entire home/apt,CIUTAT VELLA,0
79.0,6,2.0,1.0,50,4.78,1.51,Entire home/apt,JESUS,1
48.0,2,1.0,1.0,59,4.56,1.64,Private room,LA SAIDIA,0
119.0,5,2.0,1.5,61,4.84,2.22,Entire home/apt,JESUS,0
201.0,4,2.0,1.0,2,5.0,4.08,Entire home/apt,POBLATS MARITIMS,0
65.0,2,1.0,1.5,160,4.86,1.64,Private room,JESUS,1
123.0,3,2.0,1.0,5,5.0,1.4,Entire home/apt,QUATRE CARRERES,0
219.0,4,2.0,1.0,1,5.0,4.06,Entire home/apt,POBLATS MARITIMS,0
123.0,3,1.0,1.0,2,5.0,4.07,Entire home/apt,POBLATS MARITIMS,0
56.0,1,1.0,1.0,74,4.95,0.49,Private room,EXTRAMURS,1
82.0,4,1.0,1.0,27,4.89,1.77,Entire home/apt,L'OLIVERETA,1
332.0,2,1.0,1.0,23,4.78,0.94,Private room,CIUTAT VELLA,0
332.0,2,1.0,1.0,22,4.55,0.91,Private room,CIUTAT VELLA,0
300.0,2,1.0,2.0,124,4.9,0.42,Entire home/apt,CIUTAT VELLA,0
39.0,2,1.0,1.0,1,1.0,1.95,Private room,CAMPANAR,0
80.0,2,4.0,1.0,10,4.0,0.25,Private room,CIUTAT VELLA,0
54.0,1,1.0,1.0,3,5.0,0.53,Private room,CIUTAT VELLA,0
47.0,2,1.0,1.0,38,4.87,2.25,Private room,LA SAIDIA,0
224.0,4,2.0,1.5,95,4.87,4.0,Entire home/apt,POBLATS MARITIMS,1
43.0,2,1.0,1.0,28,4.64,2.25,Private room,LA SAIDIA,0
135.0,6,3.0,1.0,35,4.86,2.82,Entire home/apt,CAMINS AL GRAU,1
43.0,2,1.0,1.0,28,4.82,2.24,Private room,LA SAIDIA,0
43.0,2,1.0,1.0,33,4.88,2.44,Private room,RASCANYA,0
116.0,4,1.0,1.0,3,4.67,1.56,Entire home/apt,QUATRE CARRERES,0
48.0,2,1.0,1.0,41,4.63,2.23,Private room,LA SAIDIA,0
108.0,2,1.0,1.0,100,4.94,1.78,Entire home/apt,QUATRE CARRERES,1
42.0,2,1.0,2.0,5,3.2,1.71,Private room,QUATRE CARRERES,0
50.0,2,1.0,1.0,20,4.8,0.47,Entire home/apt,CIUTAT VELLA,1
38.0,4,1.0,1.5,10,4.3,3.17,Private room,JESUS,0
45.0,2,1.0,1.0,42,4.76,13.75,Private room,POBLATS DEL SUD,1
34.0,2,1.0,1.0,20,5.0,1.63,Private room,LA SAIDIA,0
225.0,6,3.0,1.5,38,4.87,3.57,Entire home/apt,POBLATS MARITIMS,1
133.0,4,1.0,1.0,150,4.96,0.28,Entire home/apt,CIUTAT VELLA,1
108.0,2,1.0,1.0,50,4.94,0.51,Entire home/apt,CIUTAT VELLA,1
114.0,4,1.0,1.0,54,4.63,3.82,Entire home/apt,POBLATS MARITIMS,1
38.0,1,1.0,1.0,53,4.7,1.54,Private room,LA SAIDIA,0
39.0,1,1.0,1.0,15,4.93,3.3,Private room,POBLATS MARITIMS,1
65.0,2,1.0,1.0,82,4.89,0.41,Entire home/apt,CIUTAT VELLA,1
57.0,2,1.0,1.0,60,4.95,3.22,Private room,BENICALAP,1
227.0,6,3.0,2.0,125,4.94,0.47,Entire home/apt,EXTRAMURS,1
135.0,4,1.0,1.0,97,4.84,1.22,Entire home/apt,L'EIXAMPLE,0
67.0,3,1.0,1.0,121,4.81,3.13,Entire home/apt,PATRAIX,1
134.0,6,3.0,1.0,16,4.44,2.87,Entire home/apt,CAMINS AL GRAU,0
120.0,5,3.0,1.0,36,4.89,0.43,Entire home/apt,CIUTAT VELLA,1
76.0,2,1.0,1.0,93,4.85,1.8,Entire home/apt,QUATRE CARRERES,1
58.0,2,1.0,1.0,196,4.67,2.35,Entire home/apt,RASCANYA,0
114.0,4,1.0,1.0,112,4.88,1.25,Entire home/apt,L'EIXAMPLE,0
45.0,2,1.0,1.0,79,4.84,2.1,Private room,JESUS,1
93.0,4,1.0,1.0,29,4.76,3.67,Entire home/apt,POBLATS MARITIMS,0
125.0,5,4.0,1.5,19,4.79,1.44,Entire home/apt,QUATRE CARRERES,1
32.0,6,3.0,1.0,15,4.2,4.18,Entire home/apt,POBLATS MARITIMS,0
31.0,2,1.0,1.0,161,4.71,1.9,Private room,QUATRE CARRERES,0
136.0,4,1.0,1.0,25,4.96,3.59,Entire home/apt,POBLATS MARITIMS,0
164.0,5,2.0,1.0,95,4.89,0.87,Entire home/apt,L'EIXAMPLE,1
111.0,2,1.0,1.0,33,4.42,0.81,Entire home/apt,CIUTAT VELLA,0
38.0,1,1.0,1.0,42,4.9,1.53,Private room,QUATRE CARRERES,1
104.0,6,3.0,1.0,9,4.67,3.57,Entire home/apt,POBLATS MARITIMS,0
100.0,2,0.0,1.0,137,4.82,0.49,Entire home/apt,CIUTAT VELLA,0
107.0,6,3.0,2.0,39,4.67,2.97,Entire home/apt,CAMINS AL GRAU,0
104.0,2,1.0,1.0,49,4.43,3.92,Entire home/apt,POBLATS MARITIMS,0
162.0,4,1.0,1.0,18,4.78,1.8,Entire home/apt,L'OLIVERETA,0
151.0,4,1.0,1.0,38,4.92,1.67,Entire home/apt,L'OLIVERETA,0
111.0,4,1.0,1.0,92,4.9,1.23,Entire home/apt,L'EIXAMPLE,1
170.0,5,3.0,2.0,5,4.4,0.69,Entire home/apt,CIUTAT VELLA,0
120.0,5,0.0,1.0,218,4.64,2.44,Entire home/apt,CAMINS AL GRAU,0
119.0,4,0.0,1.0,24,4.67,0.44,Entire home/apt,CIUTAT VELLA,0
98.0,4,2.0,1.0,96,4.9,2.55,Entire home/apt,BENICALAP,1
38.0,2,1.0,1.0,40,4.93,2.67,Private room,RASCANYA,1
148.0,4,2.0,2.0,66,4.83,0.4,Entire home/apt,CIUTAT VELLA,1
166.0,4,1.0,1.0,1,4.0,1.31,Entire home/apt,EXTRAMURS,0
125.0,6,2.0,1.0,87,4.89,0.6,Entire home/apt,L'EIXAMPLE,0
257.0,6,3.0,2.0,3,4.33,2.79,Entire home/apt,L'OLIVERETA,0
204.0,4,2.0,2.0,18,4.94,0.27,Entire home/apt,CIUTAT VELLA,0
85.0,2,1.0,1.0,11,4.82,1.16,Private room,L'EIXAMPLE,0
59.0,2,1.0,1.0,27,4.96,1.65,Private room,PATRAIX,1
70.0,2,1.0,1.0,63,4.86,1.65,Private room,LA SAIDIA,1
48.0,2,1.0,1.0,32,4.88,2.35,Private room,BENICALAP,0
79.0,1,1.0,1.5,11,5.0,4.16,Private room,POBLATS MARITIMS,0
42.0,1,1.0,1.0,79,4.81,1.42,Private room,LA SAIDIA,1
111.0,3,1.0,1.5,89,4.82,3.9,Entire home/apt,POBLATS MARITIMS,1
132.0,2,0.0,1.0,21,4.95,2.16,Entire home/apt,LA SAIDIA,1
128.0,7,4.0,1.0,3,3.67,3.16,Entire home/apt,ALGIROS,0
150.0,6,2.0,2.0,49,4.88,1.7,Entire home/apt,QUATRE CARRERES,1
86.0,2,1.0,1.5,56,4.68,2.27,Entire home/apt,ALGIROS,0
53.0,1,1.0,1.5,25,4.56,1.0,Private room,L'EIXAMPLE,0
241.0,8,4.0,2.0,109,4.79,1.3,Entire home/apt,QUATRE CARRERES,1
158.0,4,1.0,1.0,6,4.83,2.72,Entire home/apt,CAMINS AL GRAU,0
100.0,4,2.0,1.0,18,4.72,1.13,Entire home/apt,EXTRAMURS,1
110.0,4,2.0,1.0,28,4.93,3.02,Entire home/apt,CAMINS AL GRAU,1
222.0,5,3.0,3.0,100,4.91,0.49,Entire home/apt,CIUTAT VELLA,1
138.0,2,1.0,1.0,1,5.0,0.54,Private room,EXTRAMURS,1
90.0,4,2.0,1.0,8,4.88,2.83,Entire home/apt,BENIMACLET,0
194.0,4,2.0,2.0,21,4.95,0.7,Entire home/apt,CIUTAT VELLA,1
239.0,8,3.0,1.0,60,4.98,17.15,Entire home/apt,POBLATS DEL SUD,1
71.0,2,1.0,1.0,27,4.78,3.84,Private room,POBLATS MARITIMS,1
70.0,4,2.0,1.5,11,5.0,1.32,Entire home/apt,CIUTAT VELLA,1
113.0,4,1.0,1.0,16,5.0,3.96,Entire home/apt,POBLATS MARITIMS,1
39.0,2,1.0,1.0,75,4.68,2.14,Private room,BENIMACLET,0
63.0,1,1.0,1.0,73,4.77,0.97,Private room,L'EIXAMPLE,0
91.0,3,1.0,1.0,32,4.53,0.23,Entire home/apt,CIUTAT VELLA,0
150.0,3,1.0,1.0,42,4.29,0.85,Entire home/apt,EXTRAMURS,0
75.0,3,1.0,1.0,5,4.6,0.53,Entire home/apt,CIUTAT VELLA,0
100.0,2,1.0,1.0,34,4.5,0.31,Entire home/apt,CIUTAT VELLA,0
120.0,4,1.0,1.0,114,4.89,0.62,Entire home/apt,CIUTAT VELLA,0
143.0,6,2.0,2.0,116,4.83,1.58,Entire home/apt,QUATRE CARRERES,0
170.0,6,3.0,1.0,6,4.33,2.99,Entire home/apt,ALGIROS,0
120.0,4,1.0,1.0,25,4.68,20.74,Entire home/apt,POBLATS DEL SUD,1
95.0,5,3.0,1.0,10,4.0,1.95,Entire home/apt,CAMINS AL GRAU,0
200.0,5,2.0,1.0,62,4.65,2.3,Entire home/apt,CAMINS AL GRAU,0
81.0,4,2.0,1.5,55,4.38,1.66,Entire home/apt,QUATRE CARRERES,0
117.0,4,1.0,1.0,50,4.84,2.58,Entire home/apt,CAMINS AL GRAU,0
136.0,6,2.0,2.0,7,4.43,3.22,Entire home/apt,BENICALAP,0
84.0,2,1.0,1.0,135,4.68,1.45,Entire home/apt,QUATRE CARRERES,0
30.0,1,1.0,1.0,74,4.69,2.22,Private room,LA SAIDIA,0
55.0,2,1.0,1.0,34,4.79,2.35,Private room,CAMINS AL GRAU,0
90.0,3,1.0,1.0,12,4.5,0.64,Entire home/apt,CIUTAT VELLA,0
54.0,2,1.0,1.0,26,4.92,3.35,Private room,BENICALAP,0
108.0,4,1.0,1.0,66,4.83,2.59,Entire home/apt,CAMINS AL GRAU,0
114.0,4,1.0,2.0,7,3.86,1.33,Entire home/apt,PATRAIX,0
47.0,2,1.0,2.5,4,4.25,0.29,Private room,CIUTAT VELLA,1
37.0,1,1.0,2.0,21,4.76,4.44,Private room,POBLATS MARITIMS,0
49.0,2,1.0,1.0,14,5.0,1.74,Private room,LA SAIDIA,1
140.0,6,1.0,1.0,3,4.33,2.34,Entire home/apt,LA SAIDIA,0
180.0,4,2.0,2.0,73,4.79,1.94,Entire home/apt,CAMINS AL GRAU,1
110.0,4,2.0,1.0,59,4.97,4.12,Entire home/apt,POBLATS MARITIMS,1
53.0,6,3.0,1.5,27,4.96,6.13,Entire home/apt,POBLATS DEL SUD,1
134.0,4,3.0,1.0,19,4.53,2.28,Entire home/apt,ALGIROS,1
38.0,2,1.0,1.0,59,4.64,2.14,Private room,BENIMACLET,0
79.0,3,1.0,1.0,9,4.44,1.84,Private room,LA SAIDIA,0
48.0,1,1.0,2.0,13,4.38,3.48,Private room,BENICALAP,1
33.0,2,1.0,1.0,15,4.53,1.59,Private room,L'OLIVERETA,0
106.0,3,1.0,1.0,111,4.87,1.2,Entire home/apt,EXTRAMURS,1
128.0,3,1.0,1.0,221,4.83,3.28,Private room,CAMINS AL GRAU,1
144.0,4,1.0,1.0,77,4.78,3.28,Private room,CAMINS AL GRAU,1
130.0,3,1.0,1.0,3,3.0,3.25,Private room,CAMINS AL GRAU,1
153.0,4,1.0,1.0,3,5.0,3.28,Private room,CAMINS AL GRAU,1
140.0,3,1.0,1.0,20,5.0,3.36,Private room,CAMINS AL GRAU,1
170.0,4,1.0,1.0,16,4.69,3.28,Private room,CAMINS AL GRAU,1
184.0,5,1.0,1.0,18,4.89,3.17,Private room,CAMINS AL GRAU,1
34.0,1,1.0,1.0,37,4.86,1.85,Private room,CAMINS AL GRAU,1
90.0,4,2.0,1.0,11,4.09,1.81,Entire home/apt,QUATRE CARRERES,0
81.0,4,1.0,1.0,40,4.75,2.33,Entire home/apt,CAMINS AL GRAU,0
285.0,2,1.0,1.0,26,4.5,0.8,Private room,CIUTAT VELLA,0
68.0,3,1.0,1.0,34,4.26,0.93,Entire home/apt,L'EIXAMPLE,0
131.0,4,2.0,1.0,24,4.25,3.93,Entire home/apt,POBLATS MARITIMS,0
171.0,8,3.0,2.0,39,4.82,2.51,Entire home/apt,CAMINS AL GRAU,1
99.0,2,1.0,1.0,10,4.5,3.9,Entire home/apt,POBLATS MARITIMS,0
57.0,1,1.0,1.0,16,5.0,1.56,Private room,EL PLA DEL REAL,1
197.0,4,2.0,1.0,29,4.38,3.79,Entire home/apt,POBLATS MARITIMS,0
144.0,4,2.0,1.0,37,4.24,3.92,Entire home/apt,POBLATS MARITIMS,0
155.0,4,2.0,1.0,28,4.29,3.9,Entire home/apt,POBLATS MARITIMS,0
186.0,4,2.0,1.5,12,4.5,0.69,Entire home/apt,EXTRAMURS,1
53.0,4,2.0,1.0,7,5.0,3.0,Entire home/apt,RASCANYA,0
132.0,4,2.0,1.0,25,4.8,0.37,Entire home/apt,CIUTAT VELLA,1
45.0,2,1.0,1.5,34,4.82,3.09,Private room,ALGIROS,0
59.0,2,1.0,1.0,89,4.74,1.12,Private room,L'EIXAMPLE,1
55.0,2,1.0,1.0,55,4.6,2.3,Private room,L'OLIVERETA,0
87.0,2,1.0,1.0,77,4.97,0.85,Entire home/apt,CIUTAT VELLA,1
92.0,4,2.0,2.0,6,4.17,1.06,Entire home/apt,L'EIXAMPLE,0
111.0,4,2.0,1.0,10,4.9,2.7,Entire home/apt,RASCANYA,1
53.0,2,1.0,1.0,64,4.81,1.12,Private room,L'EIXAMPLE,1
59.0,1,1.0,1.0,92,4.98,0.37,Private room,EXTRAMURS,1
142.0,4,1.0,1.0,7,5.0,2.5,Entire home/apt,RASCANYA,0
56.0,3,1.0,1.0,37,4.76,2.39,Private room,CAMINS AL GRAU,0
109.0,2,1.0,1.0,4,5.0,4.23,Private room,POBLATS MARITIMS,0
119.0,2,1.0,2.0,4,5.0,4.15,Private room,POBLATS MARITIMS,0
102.0,2,1.0,2.0,5,4.0,4.26,Private room,POBLATS MARITIMS,0
123.0,2,1.0,2.0,1,5.0,4.12,Private room,POBLATS MARITIMS,0
109.0,2,1.0,1.0,9,5.0,4.27,Private room,POBLATS MARITIMS,0
150.0,4,2.0,2.0,3,5.0,1.92,Entire home/apt,L'OLIVERETA,0
109.0,3,1.0,2.0,12,4.67,0.32,Entire home/apt,EXTRAMURS,0
74.0,2,1.0,1.0,9,5.0,1.79,Entire home/apt,LA SAIDIA,1
48.0,1,1.0,2.0,19,4.89,3.44,Private room,BENICALAP,1
150.0,2,1.0,1.0,9,4.67,2.18,Private room,QUATRE CARRERES,0
135.0,6,3.0,2.0,5,4.8,4.4,Entire home/apt,POBLATS MARITIMS,0
149.0,7,4.0,2.0,9,4.78,3.88,Entire home/apt,POBLATS MARITIMS,1
205.0,5,2.0,2.0,45,4.89,2.38,Entire home/apt,QUATRE CARRERES,1
59.0,3,1.0,1.0,42,4.86,1.2,Private room,PATRAIX,1
123.0,7,4.0,2.0,2,5.0,2.96,Entire home/apt,ALGIROS,0
250.0,8,4.0,2.0,15,4.87,3.37,Entire home/apt,POBLATS MARITIMS,1
53.0,1,1.0,1.0,13,4.85,3.9,Private room,POBLATS MARITIMS,1
65.0,2,1.0,2.0,11,4.73,3.59,Private room,POBLATS DE L'OEST,1
40.0,2,1.0,1.0,17,4.94,2.44,Private room,L'OLIVERETA,0
54.0,2,1.0,1.0,58,4.81,0.81,Private room,L'EIXAMPLE,0
90.0,2,1.0,1.0,5,4.6,1.49,Private room,L'OLIVERETA,0
80.0,2,1.0,1.0,3,5.0,1.3,Private room,L'OLIVERETA,0
39.0,2,1.0,1.5,100,4.84,1.86,Private room,JESUS,1
144.0,4,2.0,1.0,40,4.53,0.84,Entire home/apt,L'EIXAMPLE,0
127.0,4,2.0,2.0,91,4.85,1.86,Entire home/apt,PATRAIX,0
64.0,2,1.0,1.0,3,4.33,1.75,Entire home/apt,CAMPANAR,0
147.0,5,1.0,1.0,13,4.23,2.38,Entire home/apt,LA SAIDIA,0
140.0,6,1.0,1.0,13,4.46,2.38,Entire home/apt,LA SAIDIA,0
50.0,2,1.0,1.0,1,5.0,0.62,Private room,EXTRAMURS,0
141.0,4,2.0,1.0,79,4.81,1.63,Entire home/apt,QUATRE CARRERES,0
255.0,10,3.0,2.0,100,4.88,1.94,Entire home/apt,LA SAIDIA,1
154.0,6,3.0,1.0,12,4.42,2.01,Entire home/apt,L'OLIVERETA,0
334.0,12,4.0,2.0,60,4.68,4.33,Entire home/apt,POBLATS MARITIMS,0
155.0,6,3.0,2.0,69,4.86,3.25,Entire home/apt,CAMINS AL GRAU,1
362.0,8,4.0,2.0,18,4.72,1.64,Entire home/apt,EL PLA DEL REAL,0
175.0,4,2.0,1.0,18,4.83,4.11,Entire home/apt,POBLATS MARITIMS,0
103.0,4,1.0,1.0,121,4.78,1.76,Entire home/apt,QUATRE CARRERES,0
69.0,3,1.0,1.0,23,4.65,0.89,Entire home/apt,L'EIXAMPLE,0
80.0,4,2.0,1.0,2,4.0,2.15,Entire home/apt,L'OLIVERETA,0
186.0,5,2.0,1.0,51,4.75,0.86,Entire home/apt,EXTRAMURS,0
104.0,4,1.0,1.0,59,4.73,2.66,Entire home/apt,CAMINS AL GRAU,0
296.0,8,4.0,4.0,7,4.43,2.71,Entire home/apt,ALGIROS,0
142.0,4,1.0,1.0,2,5.0,1.79,Entire home/apt,L'OLIVERETA,0
162.0,4,1.0,1.0,3,4.33,1.82,Entire home/apt,L'OLIVERETA,0
135.0,4,1.0,1.0,2,4.5,1.69,Entire home/apt,L'OLIVERETA,0
182.0,4,1.0,1.0,3,5.0,1.82,Entire home/apt,L'OLIVERETA,0
162.0,4,1.0,1.0,1,5.0,1.85,Entire home/apt,L'OLIVERETA,0
65.0,2,1.0,1.0,33,4.79,1.81,Entire home/apt,EL PLA DEL REAL,1
63.0,2,1.0,1.5,32,4.91,2.26,Private room,CAMINS AL GRAU,1
130.0,5,3.0,1.0,6,4.5,1.61,Entire home/apt,QUATRE CARRERES,0
82.0,2,1.0,1.0,129,4.74,1.45,Entire home/apt,QUATRE CARRERES,0
31.0,1,1.0,1.5,22,4.77,3.12,Private room,ALGIROS,0
218.0,5,5.0,2.0,13,4.38,2.56,Entire home/apt,CAMINS AL GRAU,0
46.0,2,1.0,1.5,1,5.0,0.45,Private room,EXTRAMURS,0
40.0,2,0.0,0.0,18,4.83,3.85,Private room,POBLATS MARITIMS,1
109.0,6,1.0,1.0,96,4.92,4.56,Entire home/apt,POBLATS MARITIMS,1
100.0,6,1.0,1.0,133,4.93,4.52,Entire home/apt,POBLATS MARITIMS,1
103.0,6,1.0,1.0,99,4.89,4.41,Entire home/apt,POBLATS MARITIMS,1
125.0,4,2.0,1.0,65,4.89,1.64,Entire home/apt,EXTRAMURS,1
80.0,3,1.0,1.0,29,4.9,3.04,Entire home/apt,CAMINS AL GRAU,1
60.0,2,1.0,1.0,13,4.92,4.22,Entire home/apt,POBLATS MARITIMS,1
107.0,6,2.0,1.0,114,4.94,1.9,Entire home/apt,CAMPANAR,1
33.0,1,1.0,1.0,31,4.68,13.63,Private room,POBLATS DEL SUD,0
37.0,1,1.0,1.0,25,4.64,13.58,Private room,POBLATS DEL SUD,0
50.0,2,0.0,1.0,65,4.82,4.1,Private room,POBLATS MARITIMS,1
178.0,6,3.0,2.0,43,4.63,3.92,Entire home/apt,POBLATS MARITIMS,0
110.0,4,1.0,1.0,8,4.38,1.41,Entire home/apt,QUATRE CARRERES,0
136.0,2,1.0,1.0,38,4.66,1.42,Entire home/apt,QUATRE CARRERES,0
133.0,4,2.0,1.0,124,4.87,0.51,Entire home/apt,EXTRAMURS,1
143.0,8,4.0,2.0,76,4.32,0.48,Entire home/apt,EXTRAMURS,0
105.0,4,0.0,1.0,80,4.86,0.76,Entire home/apt,CIUTAT VELLA,1
44.0,2,1.0,1.0,70,4.64,3.09,Private room,ALGIROS,0
78.0,4,1.0,1.0,128,4.63,0.31,Entire home/apt,EXTRAMURS,0
129.0,4,1.0,2.0,40,4.38,1.79,Entire home/apt,CAMINS AL GRAU,0
345.0,11,5.0,4.0,97,4.88,3.01,Entire home/apt,CAMINS AL GRAU,1
137.0,2,1.0,1.0,7,4.71,1.07,Entire home/apt,CIUTAT VELLA,1
90.0,2,1.0,1.0,9,5.0,2.04,Private room,QUATRE CARRERES,0
72.0,2,1.0,1.0,55,4.51,1.27,Entire home/apt,L'EIXAMPLE,0
50.0,2,1.0,1.0,2,4.0,0.85,Entire home/apt,EXTRAMURS,0
84.0,4,1.0,1.0,160,4.74,1.76,Entire home/apt,QUATRE CARRERES,0
99.0,3,1.0,1.0,48,4.83,3.81,Entire home/apt,POBLATS MARITIMS,1
105.0,4,1.0,1.0,50,4.9,3.36,Entire home/apt,CAMINS AL GRAU,1
45.0,2,2.0,1.0,93,4.97,0.33,Private room,CIUTAT VELLA,1
140.0,2,0.0,1.0,17,4.94,3.74,Entire home/apt,POBLATS MARITIMS,1
50.0,3,1.0,1.0,91,4.87,4.22,Private room,POBLATS MARITIMS,1
76.0,3,1.0,1.5,93,4.74,3.11,Entire home/apt,CAMINS AL GRAU,0
53.0,1,1.0,1.0,4,5.0,2.24,Entire home/apt,CAMINS AL GRAU,1
65.0,1,1.0,1.0,2,4.0,2.14,Entire home/apt,CAMINS AL GRAU,1
175.0,2,1.0,1.0,14,4.86,0.24,Entire home/apt,CIUTAT VELLA,1
141.0,5,3.0,2.0,10,4.5,1.5,Entire home/apt,QUATRE CARRERES,1
95.0,2,1.0,2.0,23,4.39,0.68,Private room,L'EIXAMPLE,0
55.0,2,1.0,1.0,39,4.41,0.87,Entire home/apt,L'EIXAMPLE,0
67.0,4,1.0,1.0,29,4.52,0.96,Entire home/apt,L'EIXAMPLE,0
113.0,4,2.0,1.0,133,4.68,1.56,Entire home/apt,QUATRE CARRERES,0
110.0,2,1.0,2.0,9,4.78,0.96,Entire home/apt,L'EIXAMPLE,1
34.0,2,2.0,2.0,5,5.0,3.2,Private room,ALGIROS,1
80.0,2,1.0,2.0,30,4.23,0.7,Private room,L'EIXAMPLE,0
42.0,2,1.0,1.0,25,4.84,1.94,Private room,L'OLIVERETA,0
216.0,6,3.0,2.0,9,4.78,0.98,Entire home/apt,EXTRAMURS,0
32.0,3,1.0,1.0,85,4.65,2.62,Private room,RASCANYA,0
102.0,2,1.0,2.0,12,5.0,0.96,Entire home/apt,L'EIXAMPLE,1
81.0,2,1.0,1.0,37,4.89,1.03,Private room,L'EIXAMPLE,1
128.0,2,1.0,1.0,46,4.96,0.93,Entire home/apt,L'EIXAMPLE,0
170.0,4,2.0,1.0,29,4.86,4.24,Entire home/apt,POBLATS MARITIMS,1
53.0,1,1.0,1.0,2,5.0,2.14,Entire home/apt,CAMINS AL GRAU,1
60.0,2,1.0,1.0,26,5.0,2.06,Private room,QUATRE CARRERES,0
53.0,1,1.0,1.0,2,5.0,2.14,Entire home/apt,CAMINS AL GRAU,1
69.0,2,1.0,2.0,1,4.0,0.19,Private room,CIUTAT VELLA,0
49.0,2,0.0,1.0,15,4.33,3.95,Entire home/apt,POBLATS MARITIMS,0
201.0,6,3.0,2.0,106,4.72,0.41,Entire home/apt,CIUTAT VELLA,0
60.0,2,1.0,1.0,32,4.91,2.06,Private room,QUATRE CARRERES,0
48.0,2,1.0,2.0,1,3.0,0.3,Private room,CIUTAT VELLA,0
126.0,2,1.0,1.0,25,4.8,10.27,Entire home/apt,POBLATS DEL SUD,0
60.0,2,1.0,1.0,47,4.91,1.54,Private room,CAMPANAR,0
234.0,5,2.0,1.0,5,4.4,4.31,Entire home/apt,POBLATS MARITIMS,0
63.0,2,4.0,2.5,1,5.0,0.39,Private room,L'EIXAMPLE,0
100.0,4,2.0,1.0,57,4.84,1.74,Entire home/apt,EXTRAMURS,1
31.0,2,1.0,1.0,10,4.7,2.32,Private room,LA SAIDIA,0
43.0,1,1.0,1.0,32,4.91,3.1,Private room,JESUS,0
60.0,2,1.0,1.0,80,4.94,0.63,Private room,EXTRAMURS,1
115.0,2,1.0,1.0,19,5.0,2.33,Private room,CAMINS AL GRAU,1
108.0,2,1.0,1.0,46,4.72,0.55,Entire home/apt,CIUTAT VELLA,0
65.0,3,1.0,1.0,16,4.5,0.62,Private room,EXTRAMURS,0
104.0,6,3.0,2.0,23,4.87,2.21,Entire home/apt,BENIMACLET,0
85.0,3,2.0,1.0,88,4.7,0.56,Entire home/apt,EXTRAMURS,0
33.0,1,1.0,1.0,39,4.92,4.27,Private room,QUATRE CARRERES,1
176.0,4,2.0,1.0,17,4.94,3.91,Entire home/apt,POBLATS MARITIMS,1
118.0,8,4.0,2.0,1,5.0,0.09,Entire home/apt,CIUTAT VELLA,0
106.0,7,5.0,2.0,7,4.43,2.49,Entire home/apt,CAMINS AL GRAU,0
56.0,1,1.0,1.0,1,5.0,2.2,Private room,ALGIROS,0
153.0,4,2.0,1.0,30,4.43,3.77,Entire home/apt,POBLATS MARITIMS,0
70.0,3,0.0,1.0,131,4.76,3.6,Entire home/apt,POBLATS MARITIMS,0
99.0,7,3.0,2.0,15,4.93,3.25,Entire home/apt,JESUS,0
63.0,2,1.0,1.0,4,5.0,2.01,Private room,QUATRE CARRERES,0
89.0,3,0.0,1.0,128,4.73,3.5,Entire home/apt,CAMINS AL GRAU,0
89.0,3,0.0,1.0,126,4.69,3.65,Entire home/apt,POBLATS MARITIMS,0
93.0,5,3.0,1.0,20,4.9,1.83,Entire home/apt,L'OLIVERETA,1
81.0,3,0.0,1.0,132,4.79,3.51,Entire home/apt,CAMINS AL GRAU,0
146.0,5,3.0,1.0,25,4.68,2.0,Entire home/apt,L'OLIVERETA,0
126.0,6,2.0,1.0,70,4.36,0.88,Entire home/apt,EXTRAMURS,0
85.0,3,1.0,1.0,52,4.6,3.03,Entire home/apt,CAMINS AL GRAU,0
47.0,1,1.0,1.0,4,4.5,2.14,Entire home/apt,CAMINS AL GRAU,1
33.0,1,1.0,1.0,22,5.0,5.04,Private room,POBLATS DE L'OEST,0
93.0,4,2.0,1.0,49,4.86,1.12,Entire home/apt,L'EIXAMPLE,1
68.0,1,1.0,2.0,43,4.56,0.74,Private room,L'EIXAMPLE,0
89.0,2,1.0,2.0,21,4.81,0.82,Private room,L'EIXAMPLE,0
147.0,6,3.0,1.0,57,4.32,0.09,Entire home/apt,CIUTAT VELLA,0
109.0,3,2.0,1.0,15,4.93,4.07,Entire home/apt,POBLATS MARITIMS,1
62.0,2,1.0,2.0,25,4.36,3.6,Private room,POBLATS MARITIMS,0
113.0,4,1.0,1.0,40,4.85,1.71,Entire home/apt,QUATRE CARRERES,0
114.0,4,1.0,1.0,44,4.86,1.88,Entire home/apt,QUATRE CARRERES,0
49.0,2,1.0,1.0,12,4.0,3.97,Private room,POBLATS DEL SUD,0
90.0,6,2.0,1.0,12,4.67,0.87,Entire home/apt,L'EIXAMPLE,0
105.0,4,0.0,1.0,39,4.69,2.21,Entire home/apt,L'OLIVERETA,0
97.0,4,0.0,1.0,23,4.74,2.17,Entire home/apt,L'OLIVERETA,0
95.0,3,0.0,1.0,24,4.67,2.19,Entire home/apt,L'OLIVERETA,0
116.0,5,2.0,1.0,28,4.57,4.19,Entire home/apt,POBLATS MARITIMS,0
116.0,5,3.0,1.0,4,4.5,4.01,Entire home/apt,POBLATS MARITIMS,0
85.0,4,1.0,1.0,38,4.92,3.14,Entire home/apt,CAMINS AL GRAU,1
63.0,2,1.0,1.0,5,4.4,3.78,Private room,POBLATS MARITIMS,0
72.0,2,2.0,1.5,5,4.8,0.95,Entire home/apt,CIUTAT VELLA,0
80.0,3,1.0,1.0,91,4.79,2.22,Entire home/apt,ALGIROS,1
42.0,2,1.0,1.0,12,4.83,0.53,Private room,CIUTAT VELLA,0
122.0,2,0.0,1.0,85,4.92,0.3,Entire home/apt,CIUTAT VELLA,1
85.0,2,1.0,1.0,63,4.65,2.68,Entire home/apt,CAMINS AL GRAU,0
174.0,6,2.0,2.0,93,4.84,1.36,Entire home/apt,QUATRE CARRERES,1
112.0,2,1.0,1.0,56,4.89,0.96,Entire home/apt,L'EIXAMPLE,0
148.0,6,1.0,1.0,3,4.67,2.38,Entire home/apt,LA SAIDIA,0
117.0,7,4.0,2.0,5,4.4,3.75,Entire home/apt,POBLATS MARITIMS,1
40.0,2,1.0,1.0,6,4.33,2.8,Private room,ALGIROS,0
144.0,8,3.0,2.0,15,4.8,3.71,Entire home/apt,POBLATS MARITIMS,0
102.0,6,3.0,1.0,35,4.83,6.31,Entire home/apt,POBLATS DEL SUD,1
100.0,3,2.0,1.0,5,3.8,2.41,Entire home/apt,BENICALAP,0
47.0,1,1.0,2.0,31,4.84,3.04,Private room,ALGIROS,1
200.0,2,1.0,1.0,17,4.88,0.26,Entire home/apt,CIUTAT VELLA,0
55.0,1,1.0,1.0,31,5.0,0.46,Private room,L'EIXAMPLE,0
36.0,2,1.0,1.0,119,4.87,3.25,Private room,QUATRE CARRERES,1
114.0,5,2.0,1.0,28,4.89,1.48,Entire home/apt,LA SAIDIA,1
84.0,3,0.0,1.0,71,4.69,3.06,Entire home/apt,CAMINS AL GRAU,0
50.0,3,3.0,2.0,13,4.08,0.48,Private room,CIUTAT VELLA,0
48.0,2,1.0,2.0,13,4.85,3.28,Private room,CAMINS AL GRAU,0
154.0,6,3.0,1.0,3,4.0,2.97,Entire home/apt,CAMINS AL GRAU,0
121.0,6,2.0,1.0,76,4.74,0.94,Entire home/apt,CIUTAT VELLA,1
203.0,4,2.0,2.0,19,5.0,0.46,Entire home/apt,EXTRAMURS,1
58.0,1,1.0,1.0,76,4.92,3.56,Private room,POBLATS MARITIMS,1
135.0,5,3.0,1.5,63,4.94,1.71,Entire home/apt,EXTRAMURS,1
125.0,4,1.0,1.0,20,4.45,3.15,Entire home/apt,CAMINS AL GRAU,0
93.0,5,3.0,1.0,9,4.22,4.07,Entire home/apt,POBLATS MARITIMS,0
248.0,2,1.0,1.5,3,5.0,1.06,Private room,L'EIXAMPLE,0
137.0,4,0.0,1.0,31,4.58,3.13,Entire home/apt,CAMINS AL GRAU,0
154.0,6,3.0,1.0,61,4.33,4.28,Entire home/apt,POBLATS MARITIMS,0
33.0,1,1.0,0.5,7,4.86,3.3,Private room,ALGIROS,1
130.0,6,4.0,2.0,1,1.0,2.2,Entire home/apt,BENIMACLET,0
35.0,2,1.0,1.5,29,5.0,1.86,Private room,QUATRE CARRERES,0
194.0,8,5.0,2.0,2,4.0,1.97,Entire home/apt,EL PLA DEL REAL,0
92.0,4,1.0,1.0,29,4.9,3.28,Entire home/apt,CAMINS AL GRAU,1
111.0,5,3.0,1.0,45,4.2,0.88,Entire home/apt,L'EIXAMPLE,0
120.0,4,2.0,2.0,10,4.7,3.63,Entire home/apt,POBLATS MARITIMS,0
111.0,2,1.0,1.5,13,4.62,4.25,Private room,POBLATS MARITIMS,1
72.0,4,1.0,1.0,4,5.0,4.33,Entire home/apt,POBLATS MARITIMS,1
40.0,2,1.0,1.0,9,4.89,2.49,Private room,JESUS,0
41.0,2,1.0,2.0,21,4.1,0.85,Private room,L'EIXAMPLE,0
40.0,2,2.0,3.0,36,4.36,0.96,Private room,L'EIXAMPLE,0
85.0,4,1.0,1.5,42,4.83,1.43,Entire home/apt,PATRAIX,0
146.0,4,2.0,2.0,21,4.95,2.17,Entire home/apt,L'OLIVERETA,1
152.0,6,3.0,1.0,50,4.56,2.82,Entire home/apt,CAMINS AL GRAU,0
46.0,1,1.0,1.0,48,4.63,3.65,Private room,POBLATS MARITIMS,0
46.0,1,1.0,1.0,56,4.89,3.74,Private room,POBLATS MARITIMS,0
37.0,1,2.0,3.0,35,4.97,4.04,Private room,POBLATS MARITIMS,0
106.0,5,3.0,1.0,13,4.54,2.23,Entire home/apt,BENIMACLET,0
170.0,4,2.0,2.0,4,4.75,1.11,Entire home/apt,L'EIXAMPLE,0
129.0,2,1.0,1.0,53,4.94,0.81,Entire home/apt,CIUTAT VELLA,1
83.0,2,1.0,1.0,59,4.71,0.56,Entire home/apt,CIUTAT VELLA,0
148.0,5,2.0,2.0,34,4.53,1.68,Entire home/apt,LA SAIDIA,0
116.0,6,3.0,2.0,6,5.0,21.74,Entire home/apt,POBLATS DEL SUD,0
61.0,3,0.0,1.0,2,4.5,2.19,Entire home/apt,QUATRE CARRERES,0
122.0,4,3.0,1.5,39,4.54,1.32,Entire home/apt,LA SAIDIA,0
154.0,6,2.0,1.0,6,4.83,1.55,Entire home/apt,CAMPANAR,1
112.0,4,0.0,1.0,70,4.53,1.01,Entire home/apt,L'EIXAMPLE,0
91.0,2,1.0,1.0,89,4.82,4.03,Entire home/apt,POBLATS MARITIMS,1
90.0,2,1.0,1.0,43,4.84,0.24,Entire home/apt,CIUTAT VELLA,0
43.0,1,1.0,2.0,2,5.0,2.21,Private room,ALGIROS,0
80.0,2,1.0,1.0,3,4.67,0.95,Entire home/apt,L'EIXAMPLE,0
92.0,2,1.0,1.0,114,4.88,4.03,Entire home/apt,POBLATS MARITIMS,1
98.0,2,1.0,1.0,97,4.84,3.96,Entire home/apt,POBLATS MARITIMS,1
100.0,4,1.0,1.0,46,4.89,0.9,Entire home/apt,CIUTAT VELLA,1
100.0,2,1.0,1.0,89,4.8,4.03,Entire home/apt,POBLATS MARITIMS,1
398.0,4,2.0,1.0,7,5.0,1.84,Entire home/apt,CAMINS AL GRAU,1
45.0,2,1.0,1.0,7,4.71,1.84,Private room,CAMINS AL GRAU,0
150.0,4,1.0,1.0,50,4.58,4.48,Entire home/apt,POBLATS MARITIMS,0
86.0,2,1.0,1.0,40,4.75,0.43,Entire home/apt,CIUTAT VELLA,0
94.0,1,2.0,1.5,1,3.0,1.45,Private room,LA SAIDIA,0
100.0,5,3.0,1.5,45,4.76,1.7,Entire home/apt,EXTRAMURS,1
100.0,3,2.0,1.0,55,4.78,1.16,Entire home/apt,CIUTAT VELLA,1
185.0,4,1.0,1.0,12,4.75,0.22,Entire home/apt,CIUTAT VELLA,1
135.0,7,3.0,2.0,14,4.57,2.48,Entire home/apt,BENICALAP,0
171.0,5,3.0,1.5,105,4.94,1.42,Entire home/apt,QUATRE CARRERES,1
82.0,4,2.0,1.0,25,4.84,4.1,Entire home/apt,POBLATS MARITIMS,0
129.0,4,1.0,1.0,3,4.67,0.95,Entire home/apt,L'EIXAMPLE,0
88.0,4,2.0,1.0,16,4.94,1.87,Entire home/apt,LA SAIDIA,0
142.0,6,5.0,2.0,4,4.75,2.46,Entire home/apt,ALGIROS,0
83.0,4,1.0,1.0,50,4.58,1.41,Entire home/apt,PATRAIX,0
45.0,2,1.0,1.0,9,5.0,4.36,Entire home/apt,POBLATS DEL SUD,1
113.0,3,0.0,1.0,160,4.88,1.49,Entire home/apt,QUATRE CARRERES,1
155.0,12,7.0,3.0,3,3.67,2.44,Entire home/apt,ALGIROS,0
142.0,6,5.0,2.0,1,5.0,2.65,Entire home/apt,ALGIROS,0
100.0,4,1.0,1.5,2,3.5,2.46,Entire home/apt,QUATRE CARRERES,0
90.0,2,1.0,1.0,15,5.0,2.26,Private room,LA SAIDIA,0
80.0,1,1.0,1.0,2,5.0,2.2,Private room,BENIMACLET,1
99.0,3,1.0,1.0,45,4.6,0.96,Entire home/apt,CIUTAT VELLA,1
102.0,3,1.0,1.0,197,4.76,0.74,Entire home/apt,CIUTAT VELLA,1
171.0,8,5.0,2.0,2,4.0,2.1,Entire home/apt,ALGIROS,0
104.0,3,0.0,1.0,157,4.83,1.51,Entire home/apt,QUATRE CARRERES,1
263.0,4,2.0,2.0,13,5.0,3.82,Entire home/apt,POBLATS MARITIMS,0
104.0,3,0.0,1.0,145,4.89,1.5,Entire home/apt,QUATRE CARRERES,1
71.0,2,1.0,1.0,25,4.32,3.89,Private room,POBLATS MARITIMS,0
130.0,2,1.0,1.0,8,5.0,4.1,Private room,POBLATS MARITIMS,1
141.0,4,3.0,2.0,44,4.61,3.91,Entire home/apt,POBLATS MARITIMS,0
53.0,1,1.0,1.5,13,4.92,1.69,Private room,CAMPANAR,0
58.0,3,1.0,1.0,39,4.26,2.16,Private room,CAMINS AL GRAU,0
130.0,7,3.0,1.0,10,4.8,4.32,Entire home/apt,POBLATS MARITIMS,0
38.0,1,4.0,2.0,2,4.0,3.98,Private room,POBLATS MARITIMS,0
99.0,6,3.0,2.0,5,4.8,2.53,Entire home/apt,PATRAIX,0
41.0,1,1.0,1.0,94,4.84,0.4,Private room,CIUTAT VELLA,1
141.0,4,2.0,1.0,78,4.9,0.17,Entire home/apt,CIUTAT VELLA,1
127.0,6,2.0,2.0,70,4.67,2.65,Entire home/apt,CAMINS AL GRAU,0
131.0,4,2.0,1.0,70,4.79,0.17,Entire home/apt,CIUTAT VELLA,1
139.0,4,2.0,1.0,13,4.46,1.76,Entire home/apt,QUATRE CARRERES,0
190.0,4,3.0,2.0,6,5.0,1.01,Entire home/apt,L'EIXAMPLE,0
113.0,3,1.0,1.0,1,5.0,1.85,Entire home/apt,QUATRE CARRERES,0
115.0,6,2.0,2.0,25,4.76,4.18,Entire home/apt,POBLATS MARITIMS,0
77.0,2,1.0,1.0,84,4.89,4.16,Entire home/apt,POBLATS DEL SUD,0
111.0,2,1.0,1.0,19,4.79,4.22,Private room,POBLATS MARITIMS,1
94.0,2,1.0,1.0,35,4.46,2.82,Entire home/apt,CAMINS AL GRAU,0
81.0,5,2.0,1.0,53,4.83,1.31,Entire home/apt,L'EIXAMPLE,1
37.0,2,1.0,1.0,5,4.6,2.16,Private room,QUATRE CARRERES,0
135.0,6,2.0,2.0,69,4.9,2.28,Entire home/apt,ALGIROS,1
194.0,6,4.0,2.0,2,5.0,3.05,Entire home/apt,CAMPANAR,0
128.0,8,5.0,2.0,1,5.0,2.2,Entire home/apt,BENIMACLET,0
128.0,4,1.0,1.0,9,5.0,1.42,Entire home/apt,CAMPANAR,0
85.0,6,3.0,2.0,49,4.57,4.12,Entire home/apt,POBLATS MARITIMS,0
58.0,3,2.0,1.0,4,4.75,1.76,Entire home/apt,QUATRE CARRERES,0
165.0,6,2.0,2.0,9,4.0,1.05,Entire home/apt,EXTRAMURS,0
34.0,2,1.0,1.0,10,4.4,1.71,Private room,QUATRE CARRERES,0
101.0,2,1.0,1.0,8,4.88,4.11,Private room,POBLATS MARITIMS,1
105.0,2,1.0,1.0,13,4.77,4.08,Private room,POBLATS MARITIMS,1
114.0,2,1.0,1.0,14,4.71,4.24,Private room,POBLATS MARITIMS,1
45.0,2,1.0,1.5,3,3.33,2.5,Private room,ALGIROS,0
31.0,2,1.0,1.0,1,5.0,1.54,Private room,QUATRE CARRERES,1
36.0,2,1.0,1.0,5,3.8,2.02,Private room,L'OLIVERETA,0
130.0,4,1.0,1.0,6,4.83,3.22,Entire home/apt,CAMINS AL GRAU,0
31.0,2,1.0,1.0,2,5.0,1.67,Private room,QUATRE CARRERES,1
37.0,2,1.0,1.0,1,5.0,1.4,Private room,QUATRE CARRERES,1
151.0,4,1.0,1.0,59,4.53,4.45,Entire home/apt,POBLATS MARITIMS,0
94.0,4,1.0,1.0,26,4.92,3.62,Entire home/apt,POBLATS MARITIMS,1
90.0,4,1.0,1.0,46,4.96,3.62,Entire home/apt,POBLATS MARITIMS,1
110.0,4,1.0,1.0,21,4.95,3.62,Entire home/apt,POBLATS MARITIMS,1
141.0,6,3.0,1.0,51,4.65,4.3,Entire home/apt,POBLATS MARITIMS,0
212.0,6,3.0,2.0,55,4.85,4.23,Entire home/apt,POBLATS MARITIMS,1
140.0,2,1.0,1.0,1,5.0,1.21,Entire home/apt,EXTRAMURS,0
85.0,4,1.0,1.0,44,4.77,3.15,Entire home/apt,POBLATS MARITIMS,1
114.0,6,2.0,1.0,49,4.9,1.8,Entire home/apt,JESUS,1
129.0,4,1.0,1.0,49,4.94,1.44,Entire home/apt,LA SAIDIA,1
39.0,2,1.0,1.0,40,4.48,2.25,Private room,L'OLIVERETA,0
202.0,6,3.0,1.0,8,4.38,4.41,Entire home/apt,POBLATS MARITIMS,0
148.0,8,2.0,1.0,85,4.89,2.2,Entire home/apt,CAMINS AL GRAU,1
123.0,4,2.0,1.0,31,4.81,0.62,Entire home/apt,EXTRAMURS,1
118.0,4,2.0,1.0,3,4.67,1.51,Entire home/apt,QUATRE CARRERES,0
111.0,2,1.0,1.0,211,4.95,3.22,Entire home/apt,RASCANYA,1
33.0,3,1.0,1.0,179,4.9,1.86,Private room,CAMPANAR,1
63.0,2,1.0,1.0,32,5.0,2.95,Private room,RASCANYA,1
166.0,2,0.0,1.0,1,5.0,2.25,Entire home/apt,L'OLIVERETA,0
90.0,4,3.0,1.0,1,3.0,1.69,Entire home/apt,QUATRE CARRERES,0
85.0,2,1.0,1.0,8,4.75,0.8,Entire home/apt,CIUTAT VELLA,0
160.0,5,3.0,1.0,121,4.55,4.13,Entire home/apt,POBLATS MARITIMS,0
160.0,4,2.0,1.0,39,4.92,1.18,Entire home/apt,EXTRAMURS,1
90.0,2,1.0,2.0,31,4.84,4.5,Private room,POBLATS MARITIMS,1
100.0,2,1.0,2.0,6,5.0,1.59,Entire home/apt,QUATRE CARRERES,0
167.0,6,2.0,2.5,56,4.98,2.82,Entire home/apt,CAMINS AL GRAU,1
152.0,5,3.0,1.0,3,3.0,3.71,Private room,POBLATS MARITIMS,0
95.0,3,2.0,1.0,34,4.41,0.33,Private room,CIUTAT VELLA,0
113.0,4,1.0,1.0,7,4.43,22.26,Entire home/apt,POBLATS DEL SUD,0
76.0,2,1.0,1.0,131,4.73,3.25,Entire home/apt,JESUS,0
235.0,6,3.0,2.0,2,5.0,3.95,Entire home/apt,POBLATS MARITIMS,1
95.0,3,1.0,1.0,5,5.0,1.59,Entire home/apt,JESUS,0
109.0,6,1.0,1.0,14,4.86,1.59,Entire home/apt,JESUS,0
127.0,4,1.0,1.0,5,4.6,1.59,Entire home/apt,JESUS,0
149.0,4,1.0,1.0,17,5.0,1.59,Entire home/apt,JESUS,0
97.0,4,1.0,1.0,19,4.89,1.59,Entire home/apt,JESUS,0
99.0,4,1.0,1.0,19,4.68,1.59,Entire home/apt,JESUS,0
104.0,4,1.0,1.0,4,4.75,1.59,Entire home/apt,JESUS,0
44.0,2,1.0,1.0,10,5.0,2.46,Private room,CAMINS AL GRAU,0
158.0,8,3.0,1.0,6,3.67,2.34,Entire home/apt,LA SAIDIA,0
47.0,1,1.0,1.0,2,4.5,3.69,Private room,POBLATS MARITIMS,0
43.0,2,1.0,1.0,47,4.64,0.64,Private room,EXTRAMURS,0
71.0,2,1.0,1.5,11,3.82,2.09,Entire home/apt,ALGIROS,0
100.0,4,1.0,1.0,10,4.9,22.74,Entire home/apt,POBLATS DEL SUD,1
138.0,5,1.0,1.0,62,4.79,2.76,Entire home/apt,CAMINS AL GRAU,1
98.0,2,1.0,1.0,38,4.45,2.69,Entire home/apt,CAMINS AL GRAU,0
90.0,16,2.0,1.0,2,1.5,0.91,Entire home/apt,EXTRAMURS,0
96.0,2,1.0,1.0,1,4.0,1.14,Entire home/apt,L'EIXAMPLE,0
50.0,2,1.0,1.0,4,4.75,2.3,Private room,LA SAIDIA,0
98.0,6,2.0,2.0,57,4.95,4.0,Entire home/apt,POBLATS MARITIMS,1
68.0,3,2.0,1.0,8,4.75,3.92,Entire home/apt,POBLATS MARITIMS,0
77.0,6,3.0,1.0,16,4.5,1.74,Entire home/apt,QUATRE CARRERES,0
62.0,2,1.0,1.0,4,4.25,3.68,Private room,POBLATS MARITIMS,0
135.0,2,1.0,1.0,37,4.78,3.79,Entire home/apt,POBLATS MARITIMS,0
53.0,4,1.0,1.0,57,4.61,4.39,Private room,POBLATS MARITIMS,0
118.0,8,4.0,1.0,5,4.0,2.08,Entire home/apt,ALGIROS,0
87.0,5,2.0,1.0,18,4.33,2.24,Private room,CAMINS AL GRAU,0
113.0,2,1.0,1.0,37,4.57,0.36,Entire home/apt,CIUTAT VELLA,0
106.0,2,1.0,1.0,45,4.4,0.7,Entire home/apt,CIUTAT VELLA,0
85.0,6,3.0,1.0,15,4.4,2.25,Entire home/apt,ALGIROS,0
90.0,3,1.0,1.0,24,4.96,3.79,Entire home/apt,POBLATS MARITIMS,0
135.0,3,1.0,1.0,18,4.61,3.85,Entire home/apt,POBLATS MARITIMS,0
166.0,2,1.0,1.0,8,4.88,0.86,Entire home/apt,L'EIXAMPLE,1
110.0,4,1.0,1.0,36,4.72,3.7,Entire home/apt,POBLATS MARITIMS,0
140.0,4,2.0,2.0,43,4.93,2.31,Entire home/apt,QUATRE CARRERES,0
70.0,6,3.0,2.0,17,4.94,0.7,Entire home/apt,CIUTAT VELLA,0
123.0,4,2.0,2.0,9,4.56,2.37,Entire home/apt,QUATRE CARRERES,0
97.0,5,3.0,1.0,6,4.17,0.21,Entire home/apt,CIUTAT VELLA,0
84.0,4,3.0,1.0,14,4.29,4.04,Entire home/apt,POBLATS MARITIMS,0
149.0,4,2.0,1.0,52,4.54,0.3,Entire home/apt,CIUTAT VELLA,0
45.0,1,1.0,1.0,3,5.0,3.55,Private room,POBLATS MARITIMS,0
70.0,2,1.0,1.0,3,5.0,3.09,Entire home/apt,CAMINS AL GRAU,0
71.0,5,3.0,1.0,128,4.8,1.56,Entire home/apt,QUATRE CARRERES,1
114.0,6,3.0,2.0,1,2.0,1.97,Entire home/apt,LA SAIDIA,0
55.0,2,1.0,1.0,22,4.23,0.75,Entire home/apt,L'EIXAMPLE,0
65.0,4,1.0,1.0,5,5.0,2.75,Entire home/apt,CAMINS AL GRAU,1
73.0,4,2.0,1.0,102,4.69,1.63,Entire home/apt,QUATRE CARRERES,1
53.0,2,1.0,1.0,35,4.91,1.04,Private room,EXTRAMURS,1
50.0,2,1.0,0.5,80,4.86,1.88,Private room,EL PLA DEL REAL,0
37.0,2,1.0,1.0,2,5.0,1.45,Private room,QUATRE CARRERES,1
31.0,2,1.0,1.0,2,5.0,1.6,Private room,QUATRE CARRERES,1
111.0,2,1.0,1.0,81,4.69,1.37,Entire home/apt,LA SAIDIA,1
62.0,2,1.0,1.0,4,5.0,1.53,Entire home/apt,QUATRE CARRERES,1
62.0,2,1.0,1.0,4,5.0,1.47,Entire home/apt,QUATRE CARRERES,1
60.0,1,1.0,1.0,1,5.0,0.53,Entire home/apt,CIUTAT VELLA,1
129.0,6,4.0,2.0,4,4.25,2.17,Entire home/apt,BENIMACLET,0
160.0,8,5.0,2.0,5,4.6,2.04,Entire home/apt,BENIMACLET,0
172.0,6,0.0,1.0,78,4.87,4.16,Entire home/apt,POBLATS MARITIMS,1
75.0,3,1.0,1.0,75,4.81,3.18,Entire home/apt,JESUS,1
92.0,3,1.0,1.0,57,4.82,3.05,Entire home/apt,JESUS,1
145.0,8,6.0,2.0,5,3.6,1.02,Entire home/apt,CIUTAT VELLA,0
210.0,4,3.0,2.0,11,5.0,0.81,Entire home/apt,L'EIXAMPLE,0
168.0,10,7.0,2.0,3,4.0,0.12,Entire home/apt,CIUTAT VELLA,0
96.0,7,4.0,1.5,4,3.75,1.04,Entire home/apt,CIUTAT VELLA,0
45.0,1,1.0,1.0,1,3.0,1.63,Private room,LA SAIDIA,0
32.0,2,0.0,1.0,44,4.93,1.77,Private room,JESUS,0
100.0,4,3.0,1.0,11,4.82,2.13,Entire home/apt,ALGIROS,1
240.0,8,5.0,2.0,1,4.0,4.45,Entire home/apt,POBLATS MARITIMS,0
41.0,1,1.0,1.0,105,4.94,4.3,Private room,POBLATS MARITIMS,1
73.0,5,2.0,1.0,8,4.25,0.58,Entire home/apt,L'EIXAMPLE,0
219.0,10,2.0,2.0,9,4.89,2.1,Entire home/apt,QUATRE CARRERES,0
79.0,2,1.0,1.0,54,4.89,0.65,Private room,CIUTAT VELLA,1
81.0,3,2.0,1.0,13,4.69,0.81,Entire home/apt,EXTRAMURS,0
104.0,5,3.0,1.0,7,4.14,4.24,Entire home/apt,POBLATS MARITIMS,0
33.0,1,1.0,1.0,32,4.59,2.61,Private room,ALGIROS,0
72.0,3,1.0,1.0,102,4.83,1.07,Entire home/apt,EXTRAMURS,1
126.0,4,3.0,2.0,14,5.0,1.64,Entire home/apt,LA SAIDIA,1
56.0,2,1.0,1.0,31,4.87,0.67,Private room,EXTRAMURS,0
75.0,1,1.0,1.0,25,4.84,3.88,Private room,POBLATS MARITIMS,0
107.0,2,1.0,1.0,26,4.08,3.7,Private room,POBLATS MARITIMS,0
152.0,4,3.0,2.0,12,4.42,3.78,Entire home/apt,POBLATS MARITIMS,0
61.0,1,1.0,1.0,10,4.8,3.91,Private room,POBLATS MARITIMS,0
113.0,2,1.0,1.0,56,4.71,0.54,Entire home/apt,CIUTAT VELLA,1
73.0,2,1.0,1.0,3,5.0,0.75,Private room,EXTRAMURS,0
153.0,6,3.0,1.0,145,4.87,4.35,Entire home/apt,POBLATS MARITIMS,1
160.0,4,3.0,2.0,56,4.64,4.37,Entire home/apt,POBLATS MARITIMS,0
145.0,8,6.0,2.5,4,4.5,1.41,Entire home/apt,EXTRAMURS,0
105.0,6,4.0,2.0,3,4.67,2.22,Entire home/apt,BENIMACLET,0
94.0,6,3.0,1.0,23,4.7,4.27,Entire home/apt,POBLATS MARITIMS,1
128.0,4,1.0,1.0,10,4.7,1.43,Entire home/apt,QUATRE CARRERES,0
104.0,3,1.0,1.0,36,4.53,4.01,Entire home/apt,POBLATS MARITIMS,0
82.0,3,1.0,1.0,69,4.68,3.05,Entire home/apt,JESUS,1
75.0,3,1.0,1.0,89,4.82,3.16,Entire home/apt,JESUS,1
70.0,2,1.0,1.0,77,4.96,1.58,Private room,JESUS,1
110.0,2,1.0,1.0,83,4.84,1.46,Entire home/apt,QUATRE CARRERES,0
139.0,6,3.0,2.0,48,4.85,1.76,Entire home/apt,QUATRE CARRERES,0
80.0,4,2.0,2.0,53,4.66,4.33,Entire home/apt,POBLATS MARITIMS,0
60.0,3,1.0,1.5,2,5.0,2.65,Private room,BENIMACLET,0
68.0,2,1.0,0.0,48,4.31,0.71,Entire home/apt,L'EIXAMPLE,0
60.0,3,0.0,0.0,15,4.33,0.89,Entire home/apt,L'EIXAMPLE,0
169.0,6,2.0,2.0,14,4.36,1.47,Entire home/apt,LA SAIDIA,1
169.0,4,2.0,2.0,6,4.5,1.44,Entire home/apt,LA SAIDIA,1
189.0,4,1.0,1.0,15,4.8,1.41,Entire home/apt,LA SAIDIA,1
183.0,2,0.0,1.0,6,4.83,1.62,Entire home/apt,LA SAIDIA,1
198.0,4,1.0,1.0,13,4.69,1.44,Entire home/apt,LA SAIDIA,1
194.0,6,2.0,1.0,17,4.88,1.43,Entire home/apt,LA SAIDIA,1
182.0,4,1.0,1.0,22,4.95,1.65,Entire home/apt,LA SAIDIA,1
110.0,2,0.0,0.0,56,4.73,0.52,Entire home/apt,EXTRAMURS,1
179.0,4,1.0,1.0,22,4.77,1.42,Entire home/apt,LA SAIDIA,1
143.0,3,1.0,1.0,49,4.33,0.98,Entire home/apt,EXTRAMURS,0
194.0,6,2.0,2.0,9,5.0,1.49,Entire home/apt,LA SAIDIA,1
270.0,8,3.0,2.0,35,4.77,1.43,Entire home/apt,LA SAIDIA,1
194.0,6,2.0,1.0,8,5.0,1.61,Entire home/apt,LA SAIDIA,1
183.0,2,0.0,1.0,42,4.86,1.39,Entire home/apt,LA SAIDIA,1
113.0,5,3.0,1.0,6,4.83,2.21,Entire home/apt,ALGIROS,0
134.0,4,1.0,1.0,2,4.5,2.43,Entire home/apt,RASCANYA,0
125.0,4,1.0,2.0,19,4.37,1.09,Entire home/apt,L'EIXAMPLE,0
113.0,5,3.0,1.0,11,4.82,2.04,Entire home/apt,JESUS,0
140.0,4,1.0,1.0,14,4.79,4.19,Entire home/apt,POBLATS MARITIMS,0
82.0,2,1.0,1.0,59,4.69,3.89,Entire home/apt,POBLATS MARITIMS,0
172.0,5,3.0,2.0,40,4.7,3.13,Entire home/apt,CAMINS AL GRAU,0
45.0,2,1.0,1.0,9,4.67,0.97,Private room,L'EIXAMPLE,0
116.0,7,3.0,1.0,59,4.8,1.41,Entire home/apt,LA SAIDIA,0
92.0,4,1.0,1.0,9,4.56,4.14,Entire home/apt,POBLATS MARITIMS,0
162.0,4,2.0,1.0,30,4.53,1.65,Entire home/apt,QUATRE CARRERES,0
103.0,2,1.0,1.0,60,4.8,1.77,Entire home/apt,QUATRE CARRERES,0
95.0,3,2.0,1.0,7,4.71,0.97,Entire home/apt,L'EIXAMPLE,0
48.0,1,1.0,1.0,2,4.5,2.22,Private room,LA SAIDIA,0
62.0,2,0.0,1.0,93,4.73,2.44,Entire home/apt,BENICALAP,0
134.0,4,1.0,1.0,3,5.0,2.48,Entire home/apt,RASCANYA,0
63.0,2,1.0,1.0,17,4.65,0.43,Private room,CIUTAT VELLA,0
141.0,4,2.0,1.0,30,4.6,0.6,Entire home/apt,CIUTAT VELLA,0
115.0,4,0.0,1.0,1,5.0,3.22,Entire home/apt,QUATRE CARRERES,0
45.0,4,1.0,2.5,1,5.0,2.13,Private room,L'OLIVERETA,0
98.0,3,2.0,1.0,37,4.7,1.82,Entire home/apt,JESUS,0
105.0,2,1.0,1.0,213,4.93,3.09,Entire home/apt,RASCANYA,1
52.0,6,3.0,1.0,21,4.29,2.28,Entire home/apt,L'OLIVERETA,0
84.0,4,3.0,1.0,10,4.9,2.32,Entire home/apt,BENIMACLET,0
115.0,4,0.0,1.0,1,5.0,3.26,Entire home/apt,QUATRE CARRERES,0
126.0,3,2.0,1.0,11,4.82,1.0,Entire home/apt,L'EIXAMPLE,1
75.0,4,1.0,2.0,51,4.98,1.58,Entire home/apt,QUATRE CARRERES,1
108.0,4,1.0,1.0,60,4.98,0.75,Entire home/apt,CIUTAT VELLA,0
153.0,6,3.0,2.0,91,4.89,4.31,Entire home/apt,POBLATS MARITIMS,1
76.0,4,2.0,1.0,54,4.8,3.9,Entire home/apt,POBLATS MARITIMS,0
134.0,4,1.0,1.0,2,4.5,2.49,Entire home/apt,RASCANYA,0
133.0,2,1.0,1.0,83,4.86,1.3,Entire home/apt,QUATRE CARRERES,0
46.0,1,1.0,1.0,1,4.0,2.64,Private room,BENIMACLET,0
116.0,6,2.0,1.0,11,4.0,3.98,Entire home/apt,POBLATS MARITIMS,0
145.0,4,2.0,1.0,97,4.82,0.06,Entire home/apt,CIUTAT VELLA,1
35.0,2,1.0,1.0,59,4.83,1.49,Private room,QUATRE CARRERES,1
255.0,6,3.0,2.0,7,4.86,2.97,Entire home/apt,CAMINS AL GRAU,0
184.0,6,3.0,2.0,52,5.0,0.87,Entire home/apt,L'EIXAMPLE,1
116.0,4,2.0,1.5,7,4.86,2.31,Entire home/apt,CAMINS AL GRAU,0
156.0,2,1.0,1.0,1,4.0,0.77,Private room,L'EIXAMPLE,1
123.0,4,1.0,1.0,80,4.88,1.64,Entire home/apt,LA SAIDIA,1
319.0,6,2.0,2.0,63,4.94,4.02,Entire home/apt,POBLATS MARITIMS,1
155.0,2,1.0,1.0,7,4.86,0.91,Private room,L'EIXAMPLE,1
156.0,2,1.0,1.0,22,5.0,0.77,Private room,L'EIXAMPLE,1
300.0,6,3.0,2.5,51,4.88,0.6,Entire home/apt,CIUTAT VELLA,1
128.0,4,1.0,1.0,34,4.82,1.63,Entire home/apt,LA SAIDIA,1
56.0,1,0.0,1.0,5,4.2,0.81,Entire home/apt,CIUTAT VELLA,0
85.0,3,1.0,1.0,13,4.23,1.43,Private room,QUATRE CARRERES,0
36.0,2,1.0,1.5,10,4.4,1.46,Private room,L'OLIVERETA,0
111.0,6,2.0,1.0,29,4.48,4.28,Entire home/apt,POBLATS MARITIMS,0
79.0,2,1.0,1.0,69,4.72,2.27,Entire home/apt,ALGIROS,0
95.0,4,3.0,1.5,34,4.85,1.96,Entire home/apt,LA SAIDIA,1
38.0,2,1.0,1.5,120,4.77,1.69,Private room,CAMPANAR,0
51.0,1,1.0,1.0,4,5.0,0.64,Private room,L'EIXAMPLE,0
48.0,2,1.0,1.0,79,4.57,1.43,Private room,QUATRE CARRERES,0
68.0,2,1.0,1.0,44,4.89,1.64,Private room,QUATRE CARRERES,1
115.0,4,0.0,1.0,4,3.75,3.31,Entire home/apt,QUATRE CARRERES,0
111.0,2,1.0,1.0,83,4.78,1.44,Entire home/apt,LA SAIDIA,1
131.0,6,1.0,1.0,68,4.87,3.99,Entire home/apt,POBLATS MARITIMS,1
31.0,1,1.0,1.0,9,3.56,4.19,Private room,POBLATS MARITIMS,0
85.0,4,1.0,1.0,1,5.0,1.14,Entire home/apt,CIUTAT VELLA,0
65.0,2,1.0,1.0,49,4.96,3.01,Entire home/apt,JESUS,1
140.0,6,2.0,1.0,1,1.0,2.57,Entire home/apt,RASCANYA,0
72.0,3,1.0,1.0,101,4.78,1.16,Entire home/apt,EXTRAMURS,1
66.0,4,1.0,1.0,60,4.63,2.19,Entire home/apt,LA SAIDIA,0
50.0,1,1.0,1.0,10,4.8,3.71,Private room,POBLATS MARITIMS,0
125.0,4,1.0,1.0,21,4.81,4.1,Entire home/apt,POBLATS MARITIMS,0
144.0,3,0.0,1.0,39,4.46,1.62,Entire home/apt,QUATRE CARRERES,0
193.0,4,0.0,1.0,17,4.65,1.49,Entire home/apt,L'EIXAMPLE,0
161.0,4,1.0,1.0,2,2.5,1.52,Entire home/apt,QUATRE CARRERES,0
161.0,4,0.0,1.0,20,4.7,1.51,Entire home/apt,QUATRE CARRERES,0
128.0,4,0.0,1.0,23,4.35,1.4,Entire home/apt,L'EIXAMPLE,0
195.0,4,0.0,1.0,19,4.74,1.56,Entire home/apt,QUATRE CARRERES,0
92.0,2,1.0,1.0,44,4.93,1.73,Entire home/apt,PATRAIX,1
100.0,3,2.0,1.0,33,4.79,6.12,Entire home/apt,POBLATS DEL SUD,0
90.0,2,1.0,1.0,3,3.0,0.82,Entire home/apt,CIUTAT VELLA,0
100.0,3,2.0,1.0,60,4.47,1.55,Entire home/apt,QUATRE CARRERES,0
249.0,11,2.0,1.0,10,4.1,2.35,Entire home/apt,RASCANYA,0
250.0,6,3.0,1.0,48,4.71,4.37,Entire home/apt,POBLATS MARITIMS,1
59.0,3,3.0,1.0,15,4.13,4.4,Entire home/apt,POBLATS MARITIMS,0
75.0,2,1.0,1.0,6,4.83,0.31,Entire home/apt,EXTRAMURS,0
57.0,2,1.0,0.5,61,4.56,4.4,Entire home/apt,POBLATS DEL SUD,0
275.0,5,3.0,2.0,9,5.0,1.16,Entire home/apt,CIUTAT VELLA,1
95.0,2,1.0,1.0,72,4.54,3.99,Entire home/apt,POBLATS MARITIMS,0
85.0,2,1.0,1.0,48,4.5,3.9,Entire home/apt,POBLATS MARITIMS,0
86.0,2,1.0,1.0,36,4.78,0.7,Entire home/apt,CIUTAT VELLA,1
54.0,2,1.0,1.0,10,4.7,1.7,Entire home/apt,QUATRE CARRERES,0
70.0,2,1.0,1.0,24,4.96,2.31,Private room,QUATRE CARRERES,1
84.0,2,0.0,1.0,27,4.67,0.9,Entire home/apt,CIUTAT VELLA,1
60.0,1,1.0,1.0,54,4.94,2.66,Private room,CAMINS AL GRAU,1
72.0,2,1.0,1.0,19,4.84,2.18,Entire home/apt,LA SAIDIA,1
283.0,4,3.0,1.5,19,4.84,3.96,Entire home/apt,POBLATS MARITIMS,0
180.0,6,3.0,2.0,9,4.22,1.57,Entire home/apt,QUATRE CARRERES,0
88.0,4,1.0,1.0,22,4.45,1.21,Entire home/apt,EXTRAMURS,0
90.0,4,1.0,1.0,14,4.29,1.35,Entire home/apt,JESUS,0
91.0,4,1.0,1.0,43,4.72,1.32,Entire home/apt,JESUS,0
94.0,4,1.0,1.0,27,4.48,1.24,Entire home/apt,EXTRAMURS,0
93.0,4,1.0,1.0,21,4.57,1.28,Entire home/apt,EXTRAMURS,0
113.0,5,1.0,1.0,29,4.59,1.28,Entire home/apt,EXTRAMURS,0
69.0,2,1.0,1.0,13,4.62,2.13,Entire home/apt,LA SAIDIA,1
213.0,6,2.0,2.0,50,4.54,0.05,Entire home/apt,CIUTAT VELLA,0
109.0,5,3.0,2.0,94,4.84,0.56,Entire home/apt,CIUTAT VELLA,0
36.0,2,1.0,1.0,3,4.67,2.03,Private room,L'OLIVERETA,0
58.0,2,1.0,1.0,141,4.81,2.41,Private room,BENICALAP,1
35.0,1,1.0,1.0,23,4.87,2.94,Private room,RASCANYA,1
120.0,2,1.0,1.0,89,4.73,1.05,Entire home/apt,CIUTAT VELLA,1
108.0,3,1.0,1.0,45,4.93,4.06,Entire home/apt,POBLATS MARITIMS,0
81.0,2,1.0,1.0,91,4.87,1.91,Private room,PATRAIX,1
109.0,4,2.0,2.0,100,4.91,1.53,Entire home/apt,EL PLA DEL REAL,1
53.0,2,1.0,1.0,98,4.89,3.9,Private room,POBLATS MARITIMS,1
122.0,4,2.0,1.0,63,4.59,4.31,Entire home/apt,POBLATS MARITIMS,0
85.0,6,2.0,1.0,23,4.43,3.83,Entire home/apt,POBLATS MARITIMS,0
137.0,2,1.0,1.0,5,5.0,2.21,Private room,QUATRE CARRERES,1
88.0,4,1.0,1.0,116,4.79,4.46,Entire home/apt,POBLATS MARITIMS,0
62.0,4,1.0,1.0,77,4.56,4.63,Entire home/apt,POBLATS MARITIMS,0
90.0,4,1.0,1.0,76,4.54,4.57,Entire home/apt,POBLATS MARITIMS,0
35.0,1,1.0,1.0,36,4.69,3.09,Private room,BENICALAP,0
140.0,6,1.0,1.0,1,5.0,2.49,Entire home/apt,RASCANYA,0
94.0,5,1.0,1.0,19,4.16,0.41,Entire home/apt,CIUTAT VELLA,0
106.0,6,0.0,0.0,20,4.25,1.8,Entire home/apt,CAMINS AL GRAU,0
107.0,6,1.0,2.0,24,4.54,1.8,Entire home/apt,CAMINS AL GRAU,0
59.0,1,1.0,1.0,3,5.0,0.32,Private room,CIUTAT VELLA,1
115.0,5,2.0,1.0,65,4.83,1.21,Entire home/apt,EXTRAMURS,0
115.0,6,3.0,1.0,20,4.5,1.86,Entire home/apt,JESUS,0
62.0,2,1.0,1.0,74,4.7,1.13,Private room,CIUTAT VELLA,0
30.0,2,1.0,2.0,131,4.38,0.73,Private room,EXTRAMURS,0
53.0,1,1.0,1.0,8,5.0,3.58,Private room,POBLATS MARITIMS,0
125.0,4,0.0,1.0,18,4.39,4.39,Entire home/apt,POBLATS MARITIMS,0
118.0,4,0.0,1.0,29,4.59,4.32,Entire home/apt,POBLATS MARITIMS,0
53.0,2,1.0,1.5,14,4.93,3.11,Private room,BENICALAP,1
99.0,4,1.0,1.0,19,4.74,1.42,Entire home/apt,QUATRE CARRERES,1
130.0,4,1.0,1.0,26,4.85,3.98,Entire home/apt,POBLATS MARITIMS,0
133.0,4,2.0,1.0,79,4.87,0.86,Entire home/apt,EXTRAMURS,1
70.0,2,1.0,1.0,22,4.59,0.54,Private room,CIUTAT VELLA,0
395.0,9,2.0,1.0,52,4.79,4.42,Entire home/apt,POBLATS MARITIMS,1
56.0,1,1.0,1.0,3,5.0,0.85,Private room,L'EIXAMPLE,0
149.0,2,1.0,1.5,19,4.84,4.09,Entire home/apt,POBLATS MARITIMS,1
48.0,2,1.0,2.0,6,4.67,1.69,Entire home/apt,EXTRAMURS,0
340.0,6,2.0,1.0,104,4.68,4.45,Entire home/apt,POBLATS MARITIMS,0
155.0,4,1.0,1.0,4,4.5,2.09,Entire home/apt,QUATRE CARRERES,0
106.0,2,1.0,1.0,30,4.87,3.99,Entire home/apt,POBLATS MARITIMS,0
309.0,6,2.0,1.0,13,4.92,0.5,Entire home/apt,EXTRAMURS,0
212.0,5,2.0,1.0,29,4.86,3.92,Entire home/apt,POBLATS MARITIMS,1
93.0,4,2.0,1.0,3,5.0,0.97,Entire home/apt,L'EIXAMPLE,1
109.0,4,0.0,1.0,12,4.58,4.29,Entire home/apt,POBLATS MARITIMS,0
46.0,2,2.0,1.0,45,4.93,1.53,Private room,QUATRE CARRERES,0
97.0,2,0.0,1.0,21,4.76,2.1,Entire home/apt,QUATRE CARRERES,0
116.0,4,1.0,1.0,9,4.44,2.09,Entire home/apt,QUATRE CARRERES,0
180.0,12,2.0,1.5,1,5.0,0.78,Entire home/apt,EXTRAMURS,0
125.0,4,1.0,1.0,4,4.75,2.09,Entire home/apt,QUATRE CARRERES,0
42.0,2,1.0,1.0,50,4.5,1.79,Private room,QUATRE CARRERES,0
41.0,1,1.0,1.0,67,4.93,1.5,Private room,EXTRAMURS,0
135.0,4,1.0,1.0,103,4.91,1.52,Entire home/apt,QUATRE CARRERES,1
40.0,2,1.0,1.5,88,4.81,3.71,Private room,POBLATS MARITIMS,0
34.0,2,1.0,1.0,100,4.68,2.65,Private room,CAMINS AL GRAU,0
32.0,2,1.0,0.0,77,4.65,2.55,Private room,CAMINS AL GRAU,0
42.0,2,1.0,1.5,40,4.73,0.85,Private room,CIUTAT VELLA,0
40.0,3,1.0,1.0,1,4.0,2.41,Private room,RASCANYA,0
42.0,1,1.0,2.0,18,4.44,2.08,Private room,PATRAIX,0
162.0,5,1.0,1.0,23,4.83,2.09,Entire home/apt,QUATRE CARRERES,0
37.0,1,1.0,1.5,4,4.75,2.24,Private room,ALGIROS,0
122.0,4,1.0,1.0,5,5.0,2.1,Entire home/apt,QUATRE CARRERES,0
120.0,4,1.0,1.0,39,4.97,2.09,Entire home/apt,QUATRE CARRERES,0
125.0,4,1.0,1.0,37,4.84,2.08,Entire home/apt,QUATRE CARRERES,0
157.0,4,1.0,1.0,4,4.75,2.09,Entire home/apt,QUATRE CARRERES,0
129.0,4,1.0,1.0,34,4.88,1.96,Entire home/apt,QUATRE CARRERES,0
117.0,4,1.0,1.0,25,4.88,2.1,Entire home/apt,QUATRE CARRERES,0
49.0,3,1.0,1.0,10,4.1,1.16,Private room,L'EIXAMPLE,0
127.0,4,2.0,2.0,42,4.6,2.05,Entire home/apt,L'OLIVERETA,0
124.0,5,2.0,2.0,39,4.95,3.82,Entire home/apt,POBLATS MARITIMS,1
281.0,4,2.0,1.5,15,4.93,4.4,Entire home/apt,POBLATS MARITIMS,1
37.0,2,1.0,1.0,54,4.67,1.92,Private room,LA SAIDIA,0
30.0,2,1.0,1.0,77,4.88,2.36,Private room,RASCANYA,1
312.0,6,3.0,2.0,48,4.63,0.07,Entire home/apt,CIUTAT VELLA,0
292.0,6,4.0,3.0,21,4.71,4.2,Entire home/apt,POBLATS MARITIMS,0
75.0,2,2.0,1.5,5,5.0,0.84,Entire home/apt,CIUTAT VELLA,1
100.0,3,0.0,1.0,12,4.92,2.15,Entire home/apt,QUATRE CARRERES,0
79.0,1,1.0,1.0,9,4.44,0.85,Private room,CIUTAT VELLA,0
90.0,1,1.0,1.0,7,4.57,0.84,Private room,CIUTAT VELLA,0
123.0,4,1.0,1.0,9,4.56,4.28,Entire home/apt,POBLATS MARITIMS,0
115.0,3,2.0,2.0,8,4.38,1.07,Entire home/apt,CIUTAT VELLA,0
122.0,4,1.0,1.0,13,4.85,4.25,Entire home/apt,POBLATS MARITIMS,0
119.0,4,1.0,1.0,14,4.86,4.25,Entire home/apt,POBLATS MARITIMS,0
122.0,4,1.0,1.0,1,5.0,4.2,Entire home/apt,POBLATS MARITIMS,0
73.0,3,2.0,2.0,3,5.0,0.17,Entire home/apt,CIUTAT VELLA,0
135.0,5,3.0,1.5,56,4.8,1.65,Entire home/apt,EXTRAMURS,1
123.0,4,1.0,1.0,1,5.0,4.21,Entire home/apt,POBLATS MARITIMS,0
46.0,2,1.0,1.5,40,4.8,1.53,Private room,QUATRE CARRERES,0
43.0,2,1.0,1.0,56,4.27,1.43,Private room,QUATRE CARRERES,0
180.0,4,2.0,2.0,25,4.92,0.85,Entire home/apt,CIUTAT VELLA,1
135.0,5,2.0,2.0,2,5.0,4.06,Entire home/apt,POBLATS MARITIMS,0
75.0,2,1.0,1.0,12,5.0,0.58,Entire home/apt,EXTRAMURS,1
169.0,4,1.0,1.0,1,3.0,0.79,Entire home/apt,L'EIXAMPLE,0
170.0,4,1.0,1.0,20,4.55,0.79,Entire home/apt,L'EIXAMPLE,0
181.0,4,1.0,1.0,20,4.8,0.79,Entire home/apt,L'EIXAMPLE,0
192.0,4,1.0,1.0,8,4.63,0.79,Entire home/apt,L'EIXAMPLE,0
232.0,6,2.0,1.0,15,4.67,0.79,Entire home/apt,L'EIXAMPLE,0
92.0,4,3.0,2.5,19,4.84,0.4,Entire home/apt,CIUTAT VELLA,0
54.0,2,1.0,1.0,4,4.75,1.06,Private room,EXTRAMURS,1
76.0,5,3.0,1.0,3,5.0,2.31,Entire home/apt,RASCANYA,0
87.0,2,0.0,1.0,82,4.77,0.71,Entire home/apt,CIUTAT VELLA,0
171.0,4,0.0,1.0,6,4.0,0.78,Entire home/apt,CIUTAT VELLA,0
35.0,2,1.0,1.0,31,4.29,1.43,Private room,QUATRE CARRERES,0
60.0,2,1.0,1.0,62,4.92,2.6,Private room,ALGIROS,1
156.0,5,2.0,1.0,39,4.85,3.71,Entire home/apt,POBLATS MARITIMS,1
80.0,2,1.0,1.0,31,4.94,1.83,Private room,CAMINS AL GRAU,1
121.0,6,1.0,1.0,27,4.44,1.8,Entire home/apt,QUATRE CARRERES,0
37.0,2,2.0,2.0,5,4.8,2.32,Private room,CAMINS AL GRAU,0
97.0,5,3.0,1.0,18,4.83,3.97,Entire home/apt,POBLATS MARITIMS,1
356.0,8,4.0,2.5,86,5.0,0.55,Entire home/apt,CIUTAT VELLA,1
84.0,4,2.0,1.0,85,4.94,2.88,Entire home/apt,RASCANYA,1
42.0,2,1.0,1.0,36,4.75,2.28,Private room,CAMINS AL GRAU,1
171.0,6,3.0,2.0,3,5.0,2.56,Entire home/apt,QUATRE CARRERES,0
86.0,4,2.0,1.0,5,4.2,2.48,Entire home/apt,CAMPANAR,0
50.0,1,1.0,1.0,8,5.0,2.46,Private room,CAMINS AL GRAU,0
160.0,6,3.0,1.0,1,3.0,0.25,Entire home/apt,CIUTAT VELLA,0
64.0,2,1.0,1.5,76,4.71,4.24,Private room,POBLATS MARITIMS,0
191.0,4,1.0,1.0,6,5.0,2.6,Entire home/apt,QUATRE CARRERES,0
97.0,4,0.0,1.0,27,4.93,0.72,Entire home/apt,L'EIXAMPLE,1
127.0,6,1.0,1.0,48,4.94,4.04,Entire home/apt,POBLATS MARITIMS,1
145.0,2,1.0,1.0,90,4.89,0.62,Entire home/apt,CIUTAT VELLA,1
74.0,4,1.0,1.0,56,4.66,4.02,Entire home/apt,POBLATS MARITIMS,0
227.0,4,1.0,1.0,5,5.0,2.1,Entire home/apt,QUATRE CARRERES,0
139.0,4,1.0,1.0,81,4.89,3.35,Entire home/apt,ALGIROS,1
203.0,6,1.0,2.0,94,4.72,1.52,Entire home/apt,QUATRE CARRERES,0
179.0,4,1.0,2.0,14,4.79,1.8,Entire home/apt,CAMINS AL GRAU,0
153.0,2,1.0,1.0,101,4.95,0.62,Entire home/apt,CIUTAT VELLA,1
114.0,3,1.0,1.0,39,4.9,0.56,Entire home/apt,CIUTAT VELLA,1
98.0,4,2.0,1.0,4,5.0,1.94,Entire home/apt,L'OLIVERETA,1
181.0,4,1.0,1.0,16,4.69,4.02,Entire home/apt,POBLATS MARITIMS,0
114.0,4,3.0,1.0,49,4.53,2.45,Entire home/apt,CAMINS AL GRAU,0
120.0,3,1.0,1.0,20,4.55,3.89,Entire home/apt,POBLATS MARITIMS,0
85.0,4,2.0,1.0,6,5.0,1.05,Entire home/apt,L'EIXAMPLE,1
87.0,5,3.0,1.0,28,4.32,3.49,Entire home/apt,ALGIROS,0
143.0,4,1.0,1.0,14,4.93,1.22,Entire home/apt,EXTRAMURS,0
36.0,1,1.0,1.0,2,5.0,2.49,Private room,JESUS,0
54.0,2,1.0,1.0,50,4.72,1.83,Private room,EL PLA DEL REAL,0
167.0,8,2.0,1.0,32,4.88,2.27,Entire home/apt,CAMINS AL GRAU,1
58.0,2,1.0,1.0,85,4.94,2.75,Private room,CAMINS AL GRAU,1
80.0,1,1.0,1.0,33,4.79,1.16,Private room,EXTRAMURS,1
114.0,2,1.0,1.0,2,5.0,1.44,Private room,QUATRE CARRERES,1
138.0,6,2.0,2.0,31,4.55,0.34,Entire home/apt,CIUTAT VELLA,0
38.0,1,2.0,1.0,32,4.63,3.1,Private room,CAMINS AL GRAU,0
87.0,2,1.0,1.5,66,4.56,0.77,Entire home/apt,CIUTAT VELLA,0
33.0,2,1.0,1.0,17,4.71,1.53,Private room,LA SAIDIA,0
64.0,2,1.0,1.0,13,4.46,4.34,Private room,POBLATS MARITIMS,1
143.0,3,2.0,1.0,13,5.0,1.06,Entire home/apt,L'EIXAMPLE,1
103.0,2,1.0,1.0,39,4.72,2.49,Entire home/apt,CAMINS AL GRAU,0
95.0,2,1.0,1.0,59,4.78,2.46,Entire home/apt,CAMINS AL GRAU,0
97.0,2,1.0,1.0,45,4.62,2.55,Entire home/apt,CAMINS AL GRAU,0
139.0,6,3.0,2.0,10,4.4,4.55,Entire home/apt,POBLATS MARITIMS,0
49.0,2,1.0,1.0,1,4.0,3.01,Private room,JESUS,0
98.0,2,1.0,0.5,50,4.62,0.42,Entire home/apt,L'EIXAMPLE,0
172.0,4,2.0,2.0,56,4.88,3.9,Entire home/apt,POBLATS MARITIMS,1
129.0,6,3.0,1.5,13,3.92,1.41,Entire home/apt,QUATRE CARRERES,0
170.0,6,3.0,2.0,22,4.68,1.41,Entire home/apt,LA SAIDIA,0
38.0,2,1.0,1.0,20,4.6,1.69,Private room,QUATRE CARRERES,0
127.0,4,1.0,1.0,4,5.0,1.86,Entire home/apt,L'OLIVERETA,0
124.0,4,1.0,1.0,35,4.71,0.81,Entire home/apt,L'EIXAMPLE,0
133.0,2,1.0,1.0,18,4.78,4.0,Entire home/apt,POBLATS MARITIMS,1
108.0,4,1.0,1.0,141,4.52,0.49,Entire home/apt,CIUTAT VELLA,0
127.0,6,2.0,1.0,110,4.4,0.49,Entire home/apt,CIUTAT VELLA,0
120.0,2,0.0,1.0,53,4.64,3.29,Entire home/apt,CAMINS AL GRAU,0
125.0,6,2.0,1.0,52,4.85,2.53,Entire home/apt,CAMINS AL GRAU,0
327.0,1,1.0,1.0,40,4.75,1.26,Private room,CIUTAT VELLA,1
171.0,6,2.0,2.0,131,4.97,3.12,Entire home/apt,BENICALAP,1
30.0,1,1.0,1.0,16,4.81,3.27,Private room,L'OLIVERETA,1
43.0,1,1.0,1.0,42,4.98,1.8,Private room,JESUS,1
81.0,4,1.0,1.0,58,4.81,2.2,Entire home/apt,BENIMACLET,1
76.0,4,2.0,1.0,42,4.52,3.56,Entire home/apt,POBLATS MARITIMS,0
111.0,4,1.0,1.0,1,5.0,0.83,Entire home/apt,L'EIXAMPLE,0
185.0,6,4.0,3.5,5,4.8,1.06,Entire home/apt,L'EIXAMPLE,0
107.0,5,2.0,1.0,12,4.75,4.31,Entire home/apt,POBLATS MARITIMS,0
114.0,4,0.0,1.0,45,4.76,3.91,Entire home/apt,POBLATS MARITIMS,0
103.0,2,1.0,1.0,46,4.61,2.92,Entire home/apt,CAMINS AL GRAU,0
97.0,2,1.0,1.0,45,4.56,2.93,Entire home/apt,CAMINS AL GRAU,0
84.0,3,2.0,1.0,85,4.78,2.23,Entire home/apt,CAMPANAR,1
67.0,2,1.0,1.0,31,4.94,0.65,Private room,CIUTAT VELLA,1
147.0,2,1.0,1.0,12,4.33,0.77,Entire home/apt,L'EIXAMPLE,0
89.0,2,1.0,1.0,6,4.67,0.84,Entire home/apt,CIUTAT VELLA,0
31.0,2,1.0,1.0,15,5.0,2.46,Private room,BENICALAP,0
68.0,3,1.0,1.0,114,4.81,1.15,Entire home/apt,EXTRAMURS,1
36.0,1,1.0,1.0,15,4.87,1.87,Private room,QUATRE CARRERES,0
342.0,7,3.0,1.0,2,5.0,3.92,Entire home/apt,POBLATS MARITIMS,1
363.0,5,2.0,1.0,7,4.43,3.84,Entire home/apt,POBLATS MARITIMS,1
50.0,2,1.0,1.0,6,4.83,1.37,Entire home/apt,PATRAIX,0
73.0,4,1.0,1.0,37,4.3,4.04,Entire home/apt,POBLATS MARITIMS,0
68.0,3,1.0,1.0,28,4.36,0.81,Entire home/apt,L'EIXAMPLE,0
106.0,4,1.0,1.0,98,4.84,1.65,Entire home/apt,EL PLA DEL REAL,1
36.0,2,1.0,1.5,142,4.49,2.69,Private room,L'OLIVERETA,0
45.0,3,1.0,1.5,45,4.73,2.81,Private room,L'OLIVERETA,0
118.0,4,1.0,1.0,72,4.93,3.4,Entire home/apt,CAMINS AL GRAU,1
241.0,10,4.0,2.0,98,4.93,2.48,Entire home/apt,CAMINS AL GRAU,0
94.0,4,0.0,1.0,35,4.66,1.48,Entire home/apt,QUATRE CARRERES,1
35.0,1,0.0,1.0,16,4.75,0.67,Private room,CIUTAT VELLA,1
236.0,8,3.0,2.0,17,4.94,0.31,Entire home/apt,CIUTAT VELLA,1
185.0,6,2.0,2.0,9,5.0,0.31,Entire home/apt,CIUTAT VELLA,1
86.0,3,1.0,1.0,79,4.33,0.72,Entire home/apt,CIUTAT VELLA,0
56.0,2,1.0,1.0,24,4.21,0.37,Entire home/apt,CIUTAT VELLA,0
48.0,2,1.0,1.0,1,5.0,2.76,Private room,RASCANYA,1
51.0,2,1.0,1.0,1,5.0,2.73,Private room,RASCANYA,1
100.0,4,1.0,1.0,67,4.75,3.97,Entire home/apt,POBLATS MARITIMS,1
94.0,4,0.0,1.0,63,4.83,3.98,Entire home/apt,POBLATS MARITIMS,1
230.0,4,2.0,1.5,61,5.0,0.82,Entire home/apt,L'EIXAMPLE,1
30.0,2,1.0,1.5,19,4.84,2.98,Private room,JESUS,0
72.0,2,1.0,1.0,48,4.92,3.53,Private room,POBLATS MARITIMS,1
70.0,2,1.0,1.0,34,4.47,0.97,Entire home/apt,CIUTAT VELLA,1
109.0,4,2.0,1.0,9,4.89,1.81,Entire home/apt,QUATRE CARRERES,1
96.0,2,1.0,1.0,39,4.9,1.41,Entire home/apt,QUATRE CARRERES,1
118.0,4,1.0,1.0,49,4.71,0.33,Entire home/apt,CIUTAT VELLA,0
111.0,6,4.0,1.0,59,4.71,0.69,Entire home/apt,CIUTAT VELLA,0
388.0,6,3.0,2.5,98,4.96,0.47,Entire home/apt,CIUTAT VELLA,1
117.0,2,1.0,1.0,6,4.33,4.0,Entire home/apt,POBLATS MARITIMS,1
39.0,1,1.0,1.0,15,4.87,2.44,Entire home/apt,CAMINS AL GRAU,1
90.0,2,0.0,1.0,3,4.67,2.1,Entire home/apt,QUATRE CARRERES,0
160.0,3,1.0,1.0,83,4.88,0.41,Entire home/apt,CIUTAT VELLA,1
135.0,5,1.0,1.0,32,4.88,2.09,Entire home/apt,QUATRE CARRERES,0
160.0,3,1.0,1.0,121,4.89,0.41,Entire home/apt,CIUTAT VELLA,1
120.0,5,1.0,1.0,49,4.94,2.07,Entire home/apt,QUATRE CARRERES,0
182.0,4,1.0,1.0,2,4.5,3.48,Entire home/apt,POBLATS MARITIMS,0
190.0,4,1.0,1.0,2,3.5,3.59,Entire home/apt,POBLATS MARITIMS,0
41.0,2,1.0,0.5,47,4.72,3.52,Private room,POBLATS MARITIMS,0
131.0,5,1.0,1.0,34,4.94,2.05,Entire home/apt,QUATRE CARRERES,0
99.0,3,0.0,1.0,35,4.69,2.1,Entire home/apt,QUATRE CARRERES,0
125.0,4,2.0,1.0,40,4.85,1.74,Entire home/apt,EXTRAMURS,1
42.0,4,1.0,1.0,33,4.24,1.79,Private room,L'OLIVERETA,0
80.0,4,2.0,1.0,10,4.6,4.37,Entire home/apt,POBLATS MARITIMS,0
46.0,2,2.0,1.0,8,5.0,1.11,Entire home/apt,CIUTAT VELLA,1
80.0,2,1.0,0.0,4,5.0,3.89,Entire home/apt,POBLATS MARITIMS,0
97.0,4,2.0,1.5,60,4.6,1.07,Entire home/apt,EXTRAMURS,0
224.0,5,3.0,1.0,38,4.71,3.48,Entire home/apt,POBLATS MARITIMS,0
58.0,4,0.0,1.0,6,4.67,3.56,Entire home/apt,POBLATS MARITIMS,0
112.0,3,1.0,1.0,45,4.96,2.64,Entire home/apt,CAMINS AL GRAU,1
75.0,7,2.0,1.0,3,4.67,3.56,Entire home/apt,POBLATS MARITIMS,0
107.0,4,0.0,1.0,21,4.52,1.85,Entire home/apt,QUATRE CARRERES,0
93.0,2,1.0,1.0,96,4.85,3.2,Entire home/apt,CAMINS AL GRAU,0
75.0,3,1.0,1.0,57,4.81,3.15,Entire home/apt,JESUS,1
85.0,3,1.0,1.0,60,4.85,3.14,Entire home/apt,JESUS,1
117.0,4,1.0,2.0,59,4.83,1.2,Entire home/apt,L'EIXAMPLE,1
167.0,8,3.0,1.0,21,4.76,1.55,Entire home/apt,CAMPANAR,0
92.0,4,1.0,1.0,10,4.4,2.14,Entire home/apt,ALGIROS,0
46.0,4,1.0,1.0,30,4.53,1.0,Entire home/apt,CIUTAT VELLA,0
34.0,1,1.0,1.0,32,4.69,3.1,Private room,CAMINS AL GRAU,0
105.0,4,1.0,1.0,56,4.82,2.46,Entire home/apt,CAMINS AL GRAU,0
112.0,3,1.0,1.0,62,4.81,2.15,Entire home/apt,ALGIROS,1
94.0,3,1.0,1.0,52,4.71,2.31,Entire home/apt,ALGIROS,1
110.0,2,1.0,1.0,4,4.25,4.25,Private room,POBLATS MARITIMS,0
75.0,7,2.0,1.0,3,5.0,3.56,Entire home/apt,POBLATS MARITIMS,0
62.0,4,0.0,1.0,6,4.83,3.56,Entire home/apt,POBLATS MARITIMS,0
60.0,4,0.0,1.0,2,4.5,3.56,Entire home/apt,POBLATS MARITIMS,0
75.0,7,2.0,1.0,4,5.0,3.56,Entire home/apt,POBLATS MARITIMS,0
31.0,2,1.0,1.0,22,4.23,2.27,Private room,JESUS,0
60.0,2,1.0,1.0,70,4.67,4.21,Private room,POBLATS MARITIMS,0
148.0,4,2.0,1.0,13,4.69,0.19,Entire home/apt,CIUTAT VELLA,1
139.0,4,1.0,1.0,87,4.86,0.36,Entire home/apt,CIUTAT VELLA,1
106.0,2,1.0,1.0,38,4.82,1.59,Entire home/apt,LA SAIDIA,1
45.0,1,1.0,1.0,105,4.83,1.31,Private room,L'EIXAMPLE,1
160.0,4,2.0,1.0,79,4.99,1.3,Entire home/apt,L'EIXAMPLE,1
111.0,4,0.0,1.0,28,4.86,1.85,Entire home/apt,PATRAIX,0
225.0,8,3.0,1.0,25,4.44,1.77,Entire home/apt,QUATRE CARRERES,0
34.0,1,1.0,1.0,3,5.0,4.05,Private room,POBLATS DEL SUD,0
109.0,4,1.0,1.0,79,4.89,2.21,Entire home/apt,ALGIROS,1
155.0,4,3.0,2.0,17,4.88,0.6,Entire home/apt,CIUTAT VELLA,1
63.0,4,2.0,1.0,2,5.0,1.27,Entire home/apt,EXTRAMURS,0
107.0,4,2.0,1.0,18,4.89,0.57,Entire home/apt,CIUTAT VELLA,1
180.0,5,2.0,2.0,45,4.53,0.38,Entire home/apt,CIUTAT VELLA,0
57.0,2,0.0,0.0,2,4.5,2.13,Private room,QUATRE CARRERES,0
150.0,4,2.0,1.0,40,4.3,3.92,Entire home/apt,POBLATS MARITIMS,0
110.0,4,2.0,2.0,41,4.78,0.81,Entire home/apt,CIUTAT VELLA,1
100.0,2,0.0,1.0,8,5.0,2.1,Entire home/apt,QUATRE CARRERES,0
45.0,1,1.0,1.0,3,5.0,1.87,Private room,PATRAIX,0
67.0,3,1.0,1.0,61,4.82,2.9,Entire home/apt,JESUS,1
70.0,3,1.0,1.0,62,4.71,3.12,Entire home/apt,JESUS,1
143.0,4,0.0,1.0,9,4.11,1.72,Entire home/apt,QUATRE CARRERES,0
117.0,2,1.0,1.0,51,4.53,2.97,Entire home/apt,CAMINS AL GRAU,0
103.0,2,1.0,1.0,36,4.61,2.9,Entire home/apt,CAMINS AL GRAU,0
46.0,2,1.0,1.0,75,4.85,2.29,Private room,L'OLIVERETA,1
131.0,4,0.0,1.0,11,3.45,1.86,Entire home/apt,QUATRE CARRERES,0
112.0,2,1.0,1.0,16,4.81,4.04,Entire home/apt,POBLATS MARITIMS,1
111.0,2,1.0,1.0,18,4.89,1.08,Entire home/apt,L'EIXAMPLE,1
400.0,6,3.0,2.0,2,5.0,4.02,Entire home/apt,POBLATS MARITIMS,0
93.0,2,0.0,1.0,36,4.61,2.08,Entire home/apt,QUATRE CARRERES,0
395.0,6,3.0,2.0,1,5.0,3.99,Entire home/apt,POBLATS MARITIMS,0
33.0,2,1.0,1.0,18,4.61,2.67,Private room,CAMINS AL GRAU,0
91.0,2,0.0,1.0,24,4.63,2.08,Entire home/apt,QUATRE CARRERES,0
158.0,4,2.0,1.0,30,5.0,3.56,Entire home/apt,POBLATS MARITIMS,1
84.0,2,0.0,1.0,21,4.9,2.1,Entire home/apt,QUATRE CARRERES,0
113.0,4,1.0,1.0,5,4.8,2.08,Entire home/apt,QUATRE CARRERES,0
74.0,2,1.0,1.0,106,4.9,2.65,Entire home/apt,CAMINS AL GRAU,0
91.0,4,2.0,1.5,22,4.45,2.44,Entire home/apt,QUATRE CARRERES,0
129.0,4,1.0,1.0,32,4.72,2.05,Entire home/apt,QUATRE CARRERES,0
103.0,5,3.0,1.0,9,4.67,3.33,Entire home/apt,POBLATS MARITIMS,0
82.0,2,1.0,0.5,10,5.0,4.37,Entire home/apt,POBLATS MARITIMS,0
102.0,2,1.0,1.0,28,4.96,0.73,Entire home/apt,L'EIXAMPLE,1
121.0,3,1.0,1.0,4,4.75,2.17,Entire home/apt,CAMPANAR,0
173.0,4,1.0,1.0,17,4.82,4.08,Entire home/apt,POBLATS MARITIMS,0
197.0,4,2.0,1.0,44,4.91,4.0,Entire home/apt,POBLATS MARITIMS,0
188.0,4,1.0,1.0,40,4.88,4.11,Entire home/apt,POBLATS MARITIMS,0
141.0,4,2.0,1.0,6,4.83,2.24,Entire home/apt,ALGIROS,1
55.0,2,1.0,1.0,5,5.0,2.11,Private room,ALGIROS,1
51.0,2,1.0,1.0,9,4.78,2.25,Private room,ALGIROS,1
90.0,6,2.0,1.0,93,4.68,2.07,Entire home/apt,QUATRE CARRERES,0
125.0,4,1.0,1.0,59,4.81,1.78,Entire home/apt,QUATRE CARRERES,1
105.0,4,1.0,1.0,49,4.88,2.08,Entire home/apt,ALGIROS,1
400.0,4,1.0,1.0,24,4.83,3.03,Entire home/apt,CAMINS AL GRAU,1
52.0,1,1.0,1.0,5,5.0,0.98,Private room,L'EIXAMPLE,0
90.0,4,1.0,1.0,69,4.67,3.89,Entire home/apt,POBLATS MARITIMS,0
69.0,2,1.0,0.5,17,4.88,0.97,Private room,L'EIXAMPLE,1
360.0,6,3.0,2.0,33,4.82,1.87,Entire home/apt,CAMINS AL GRAU,1
103.0,4,1.0,1.0,58,4.86,2.1,Entire home/apt,QUATRE CARRERES,0
86.0,2,0.0,1.0,72,4.83,3.08,Entire home/apt,CAMINS AL GRAU,1
96.0,4,1.0,1.0,41,4.78,3.06,Entire home/apt,CAMINS AL GRAU,1
51.0,2,1.0,1.0,63,4.65,0.57,Private room,CIUTAT VELLA,0
400.0,4,1.0,1.0,20,4.8,3.02,Entire home/apt,CAMINS AL GRAU,1
96.0,4,1.0,1.0,14,4.86,3.06,Entire home/apt,CAMINS AL GRAU,1
89.0,2,1.0,1.0,16,4.94,3.08,Entire home/apt,CAMINS AL GRAU,1
200.0,4,2.0,2.0,28,4.71,1.04,Entire home/apt,CIUTAT VELLA,0
110.0,2,1.0,1.0,40,4.98,2.55,Entire home/apt,BENIMACLET,1
130.0,6,2.0,1.0,32,4.63,2.47,Entire home/apt,CAMINS AL GRAU,0
140.0,6,2.0,1.0,21,4.71,2.38,Entire home/apt,CAMINS AL GRAU,0
77.0,1,1.0,1.0,7,4.43,2.67,Private room,CAMINS AL GRAU,0
36.0,1,1.0,1.0,28,4.96,0.88,Private room,L'EIXAMPLE,1
152.0,4,1.0,1.0,33,5.0,4.1,Entire home/apt,POBLATS MARITIMS,0
150.0,1,1.0,1.0,1,5.0,1.41,Private room,LA SAIDIA,0
35.0,1,1.0,1.5,4,4.25,2.88,Private room,RASCANYA,0
143.0,4,2.0,1.0,8,5.0,1.0,Entire home/apt,EXTRAMURS,0
71.0,1,2.0,1.0,1,5.0,1.6,Private room,QUATRE CARRERES,0
35.0,2,1.0,2.0,2,4.5,1.86,Private room,EL PLA DEL REAL,0
178.0,4,1.0,1.0,34,4.97,4.39,Entire home/apt,POBLATS MARITIMS,1
96.0,2,1.0,1.0,5,5.0,4.21,Private room,POBLATS MARITIMS,0
140.0,8,3.0,1.0,133,4.75,1.94,Entire home/apt,QUATRE CARRERES,0
50.0,2,1.0,1.0,1,5.0,3.39,Private room,BENICALAP,0
98.0,4,1.0,1.0,65,4.63,4.44,Entire home/apt,POBLATS MARITIMS,0
36.0,1,1.0,1.0,5,5.0,2.99,Private room,RASCANYA,1
57.0,2,1.0,1.0,8,4.63,1.88,Private room,QUATRE CARRERES,0
138.0,8,2.0,1.0,23,4.74,2.92,Entire home/apt,CAMINS AL GRAU,0
94.0,2,1.0,1.5,67,4.79,0.49,Entire home/apt,CIUTAT VELLA,0
170.0,6,3.0,1.0,51,4.73,3.82,Entire home/apt,POBLATS MARITIMS,1
33.0,1,1.0,1.0,10,5.0,2.47,Private room,L'OLIVERETA,1
130.0,4,1.0,1.0,48,4.94,1.45,Entire home/apt,JESUS,1
134.0,2,1.0,1.0,3,4.0,1.61,Entire home/apt,LA SAIDIA,0
147.0,4,1.0,1.0,52,4.44,1.61,Entire home/apt,LA SAIDIA,0
157.0,4,1.0,1.0,47,4.57,1.61,Entire home/apt,LA SAIDIA,0
176.0,4,1.0,1.0,9,4.33,1.61,Entire home/apt,LA SAIDIA,0
90.0,5,3.0,1.0,1,3.0,2.25,Entire home/apt,RASCANYA,0
142.0,4,2.0,2.0,2,4.5,0.77,Entire home/apt,L'EIXAMPLE,0
78.0,4,2.0,1.0,154,4.66,1.71,Entire home/apt,PATRAIX,0
92.0,4,2.0,2.0,1,4.0,3.85,Entire home/apt,POBLATS MARITIMS,0
96.0,4,2.0,1.0,6,4.83,0.33,Entire home/apt,CIUTAT VELLA,1
86.0,4,1.0,1.0,79,4.94,1.58,Entire home/apt,PATRAIX,1
47.0,2,1.0,1.0,113,4.59,1.0,Entire home/apt,EXTRAMURS,0
83.0,2,1.0,1.0,10,5.0,3.56,Entire home/apt,POBLATS MARITIMS,0
44.0,2,2.0,1.0,53,4.79,1.65,Private room,CAMPANAR,1
154.0,8,2.0,1.0,23,4.74,2.37,Entire home/apt,CAMINS AL GRAU,1
45.0,1,1.0,1.0,18,4.89,1.41,Private room,QUATRE CARRERES,1
67.0,4,2.0,1.5,28,4.82,0.6,Entire home/apt,CIUTAT VELLA,1
92.0,2,1.0,1.0,104,4.88,2.56,Entire home/apt,CAMINS AL GRAU,0
70.0,2,1.0,1.0,98,4.85,2.69,Entire home/apt,CAMINS AL GRAU,0
74.0,2,1.0,1.0,99,4.81,2.75,Entire home/apt,CAMINS AL GRAU,0
193.0,8,4.0,2.0,4,5.0,0.68,Entire home/apt,EXTRAMURS,0
36.0,1,1.0,1.0,8,4.5,1.71,Private room,LA SAIDIA,0
160.0,4,2.0,1.0,14,4.86,0.07,Entire home/apt,CIUTAT VELLA,1
127.0,4,2.0,2.0,98,4.98,1.98,Entire home/apt,L'OLIVERETA,1
86.0,2,1.0,1.0,79,4.72,2.58,Entire home/apt,CAMINS AL GRAU,0
74.0,2,1.0,1.0,96,4.8,2.72,Entire home/apt,CAMINS AL GRAU,0
127.0,4,2.0,2.0,82,4.96,2.06,Entire home/apt,L'OLIVERETA,1
94.0,4,1.0,1.0,44,4.8,1.7,Entire home/apt,QUATRE CARRERES,1
97.0,5,2.0,2.0,18,4.39,3.73,Entire home/apt,POBLATS MARITIMS,0
77.0,4,1.0,1.0,36,4.78,1.66,Entire home/apt,QUATRE CARRERES,1
83.0,3,0.0,1.0,39,4.62,1.44,Entire home/apt,PATRAIX,0
76.0,4,2.0,2.0,10,4.8,0.8,Entire home/apt,CIUTAT VELLA,0
108.0,4,0.0,1.0,3,4.67,3.56,Entire home/apt,POBLATS MARITIMS,0
65.0,3,1.0,1.0,9,4.11,0.82,Entire home/apt,L'EIXAMPLE,0
35.0,2,1.0,1.0,10,4.7,2.98,Private room,JESUS,0
135.0,4,2.0,1.0,6,4.33,0.19,Entire home/apt,CIUTAT VELLA,0
92.0,4,1.0,1.0,5,4.0,0.34,Entire home/apt,CIUTAT VELLA,0
41.0,2,0.0,1.0,1,5.0,3.83,Entire home/apt,POBLATS MARITIMS,0
42.0,1,1.0,1.0,49,4.98,1.42,Private room,EXTRAMURS,0
114.0,4,2.0,1.0,37,4.57,3.2,Entire home/apt,CAMINS AL GRAU,0
191.0,5,2.0,1.0,28,4.75,1.93,Entire home/apt,CAMPANAR,0
128.0,4,3.0,2.0,7,4.86,0.57,Entire home/apt,EXTRAMURS,1
57.0,2,1.0,1.0,47,4.85,1.65,Private room,EXTRAMURS,1
218.0,1,1.0,1.5,98,4.83,3.9,Private room,POBLATS MARITIMS,1
104.0,6,3.0,2.0,21,4.86,2.0,Entire home/apt,BENIMACLET,0
98.0,6,2.0,1.5,15,4.27,0.57,Entire home/apt,CIUTAT VELLA,0
114.0,4,1.0,1.0,92,4.35,4.35,Entire home/apt,POBLATS MARITIMS,0
92.0,4,1.0,1.0,31,4.9,3.83,Entire home/apt,POBLATS MARITIMS,1
86.0,4,2.0,1.0,100,4.44,0.49,Entire home/apt,EXTRAMURS,0
98.0,4,1.0,1.0,9,4.56,0.82,Entire home/apt,L'EIXAMPLE,0
137.0,4,1.0,1.0,43,4.84,3.81,Entire home/apt,POBLATS MARITIMS,1
141.0,4,2.0,1.0,30,4.77,1.74,Entire home/apt,QUATRE CARRERES,0
168.0,6,2.0,2.0,15,4.73,2.59,Entire home/apt,JESUS,1
39.0,2,1.0,2.0,89,4.62,0.23,Private room,CIUTAT VELLA,0
38.0,2,1.0,1.0,68,4.91,1.38,Private room,L'EIXAMPLE,1
138.0,6,2.0,1.0,77,4.87,1.04,Entire home/apt,EXTRAMURS,1
89.0,2,1.0,1.0,11,4.64,2.24,Entire home/apt,LA SAIDIA,1
148.0,5,3.0,1.0,11,5.0,2.63,Entire home/apt,CAMINS AL GRAU,0
50.0,2,1.0,1.0,1,5.0,3.07,Private room,RASCANYA,0
237.0,4,2.0,1.0,6,4.83,0.6,Entire home/apt,CIUTAT VELLA,0
125.0,4,0.0,1.0,17,4.65,1.81,Entire home/apt,QUATRE CARRERES,0
250.0,6,3.0,2.0,28,5.0,0.49,Entire home/apt,CIUTAT VELLA,1
76.0,3,1.0,1.0,25,4.12,0.89,Entire home/apt,EXTRAMURS,0
79.0,2,1.0,1.0,73,4.9,1.15,Entire home/apt,EXTRAMURS,1
83.0,3,1.0,1.0,64,4.3,1.19,Entire home/apt,EXTRAMURS,0
87.0,4,3.0,1.0,36,4.39,3.21,Entire home/apt,CAMINS AL GRAU,0
327.0,2,1.0,1.0,36,4.5,1.04,Private room,CIUTAT VELLA,0
108.0,2,1.0,2.0,20,4.9,1.68,Entire home/apt,QUATRE CARRERES,0
85.0,5,2.0,1.0,3,4.33,4.14,Entire home/apt,POBLATS MARITIMS,0
226.0,4,2.0,2.0,6,5.0,0.47,Entire home/apt,CIUTAT VELLA,0
101.0,3,1.0,1.0,5,5.0,3.36,Entire home/apt,ALGIROS,0
75.0,4,2.0,1.0,4,4.0,3.79,Entire home/apt,POBLATS MARITIMS,0
83.0,4,2.0,1.0,3,4.33,2.35,Entire home/apt,BENICALAP,0
121.0,4,1.0,1.0,21,4.67,0.71,Entire home/apt,EXTRAMURS,0
87.0,4,1.0,1.0,4,5.0,3.51,Entire home/apt,POBLATS MARITIMS,0
130.0,2,1.0,1.0,10,5.0,0.77,Entire home/apt,L'EIXAMPLE,1
131.0,5,4.0,2.0,32,4.88,1.42,Entire home/apt,L'OLIVERETA,1
120.0,5,4.0,2.0,3,4.67,1.65,Entire home/apt,QUATRE CARRERES,0
36.0,2,1.0,1.0,12,4.92,3.3,Private room,POBLATS MARITIMS,1
77.0,2,1.0,1.0,9,5.0,2.12,Entire home/apt,CAMINS AL GRAU,1
40.0,1,1.0,1.0,68,4.97,2.71,Private room,CAMINS AL GRAU,1
35.0,2,1.0,1.0,98,4.68,1.21,Private room,L'EIXAMPLE,0
91.0,4,2.0,2.0,23,4.39,1.62,Entire home/apt,L'EIXAMPLE,0
98.0,6,2.0,0.5,3,5.0,1.41,Entire home/apt,QUATRE CARRERES,0
84.0,3,2.0,1.0,5,4.4,1.18,Entire home/apt,CIUTAT VELLA,0
92.0,4,2.0,1.0,6,4.83,2.25,Entire home/apt,RASCANYA,0
45.0,2,1.0,1.0,10,5.0,3.3,Private room,POBLATS MARITIMS,1
59.0,2,1.0,1.0,8,5.0,3.3,Entire home/apt,POBLATS MARITIMS,1
154.0,4,0.0,1.0,26,4.73,0.49,Entire home/apt,EXTRAMURS,0
83.0,4,2.0,1.0,60,4.43,0.73,Entire home/apt,L'EIXAMPLE,0
109.0,4,2.0,1.0,5,5.0,3.25,Entire home/apt,QUATRE CARRERES,1
71.0,4,1.0,1.0,33,4.48,3.72,Entire home/apt,POBLATS MARITIMS,0
68.0,2,1.0,1.0,2,5.0,0.65,Entire home/apt,CIUTAT VELLA,0
84.0,3,1.0,1.0,1,4.0,0.66,Entire home/apt,CIUTAT VELLA,0
84.0,3,1.0,1.0,2,3.5,0.67,Entire home/apt,CIUTAT VELLA,0
78.0,3,1.0,1.0,2,5.0,0.66,Entire home/apt,CIUTAT VELLA,0
127.0,4,1.0,1.5,32,5.0,3.98,Entire home/apt,POBLATS MARITIMS,1
107.0,4,1.0,1.0,46,4.83,2.46,Entire home/apt,CAMPANAR,0
97.0,4,1.0,1.5,16,4.69,1.99,Entire home/apt,ALGIROS,0
48.0,2,1.0,1.0,49,4.78,2.46,Private room,L'OLIVERETA,0
85.0,2,1.0,1.0,4,4.75,0.96,Entire home/apt,CIUTAT VELLA,0
96.0,4,1.0,1.0,46,4.59,1.76,Entire home/apt,PATRAIX,0
95.0,6,3.0,2.5,60,4.75,1.79,Entire home/apt,CAMINS AL GRAU,0
67.0,2,1.0,1.0,20,5.0,2.26,Private room,CAMINS AL GRAU,1
49.0,2,1.0,1.0,60,4.92,2.22,Private room,ALGIROS,1
126.0,2,1.0,1.0,60,4.95,2.75,Entire home/apt,CAMINS AL GRAU,1
80.0,4,2.0,1.0,47,4.64,2.16,Entire home/apt,CAMINS AL GRAU,0
72.0,3,2.0,1.0,6,5.0,0.91,Entire home/apt,L'EIXAMPLE,0
71.0,2,0.0,1.0,31,4.9,2.0,Entire home/apt,CAMPANAR,0
140.0,4,1.0,1.5,1,5.0,1.08,Entire home/apt,EXTRAMURS,1
74.0,4,1.0,1.0,69,4.64,2.58,Entire home/apt,CAMPANAR,0
100.0,5,2.0,1.0,13,4.15,2.11,Entire home/apt,BENIMACLET,0
100.0,4,1.0,1.0,58,4.9,1.59,Entire home/apt,QUATRE CARRERES,1
89.0,4,1.0,1.0,48,4.75,1.7,Entire home/apt,CAMINS AL GRAU,1
99.0,4,0.0,1.0,65,4.85,1.77,Entire home/apt,QUATRE CARRERES,1
143.0,4,1.0,1.0,53,4.85,1.8,Entire home/apt,QUATRE CARRERES,1
119.0,4,1.0,1.0,36,4.81,1.6,Entire home/apt,QUATRE CARRERES,1
99.0,4,1.0,1.0,35,4.89,1.69,Entire home/apt,CAMINS AL GRAU,1
54.0,2,1.0,1.0,100,4.86,2.42,Private room,BENICALAP,1
180.0,5,3.0,3.0,4,5.0,0.58,Entire home/apt,L'EIXAMPLE,0
187.0,4,2.0,2.0,40,4.85,1.7,Entire home/apt,LA SAIDIA,1
49.0,2,1.0,1.0,101,4.78,0.25,Private room,CIUTAT VELLA,0
53.0,2,1.0,1.0,94,4.72,0.29,Private room,CIUTAT VELLA,0
225.0,6,4.0,2.0,16,4.81,2.24,Entire home/apt,CAMINS AL GRAU,0
377.0,2,1.0,1.5,68,4.62,1.09,Private room,L'EIXAMPLE,0
149.0,4,2.0,1.0,11,4.91,2.71,Entire home/apt,RASCANYA,0
94.0,6,3.0,1.0,1,5.0,2.73,Entire home/apt,RASCANYA,1
87.0,4,1.0,1.0,13,4.77,3.53,Entire home/apt,POBLATS MARITIMS,0
123.0,3,1.0,1.0,42,4.79,1.62,Entire home/apt,QUATRE CARRERES,0
61.0,2,0.0,1.0,43,4.67,1.87,Entire home/apt,CAMINS AL GRAU,0
40.0,2,1.0,1.0,67,4.97,1.27,Private room,L'EIXAMPLE,1
109.0,7,2.0,1.0,2,5.0,2.9,Entire home/apt,RASCANYA,1
118.0,2,1.0,1.0,80,4.79,4.02,Entire home/apt,POBLATS MARITIMS,1
90.0,2,1.0,1.0,5,4.8,1.28,Private room,L'EIXAMPLE,1
59.0,3,2.0,1.0,7,4.86,3.67,Entire home/apt,POBLATS MARITIMS,1
72.0,2,1.0,1.0,9,4.67,0.2,Private room,CIUTAT VELLA,1
106.0,4,1.0,1.0,32,4.72,4.04,Entire home/apt,POBLATS MARITIMS,1
133.0,3,1.0,1.0,28,4.68,3.29,Entire home/apt,CAMINS AL GRAU,0
90.0,2,1.0,1.0,5,5.0,0.56,Entire home/apt,CIUTAT VELLA,1
113.0,5,2.0,1.0,19,4.58,0.92,Entire home/apt,L'EIXAMPLE,0
95.0,4,1.0,1.0,20,4.45,0.92,Entire home/apt,L'EIXAMPLE,0
85.0,2,1.0,2.0,7,4.71,0.67,Private room,L'EIXAMPLE,0
189.0,6,4.0,1.0,3,5.0,4.26,Entire home/apt,POBLATS MARITIMS,1
109.0,3,1.0,1.0,42,4.76,1.63,Entire home/apt,QUATRE CARRERES,0
83.0,3,1.0,1.0,25,4.64,1.67,Entire home/apt,QUATRE CARRERES,0
90.0,4,1.0,1.0,1,5.0,0.5,Entire home/apt,CIUTAT VELLA,0
84.0,2,1.0,1.0,21,4.9,2.74,Entire home/apt,CAMINS AL GRAU,1
135.0,3,1.0,1.0,11,4.64,1.4,Entire home/apt,EXTRAMURS,0
131.0,4,2.0,1.0,14,5.0,0.74,Entire home/apt,CIUTAT VELLA,1
224.0,4,2.0,1.0,50,4.9,0.84,Entire home/apt,L'EIXAMPLE,1
85.0,4,2.0,1.0,31,4.81,3.21,Entire home/apt,CAMINS AL GRAU,0
161.0,3,1.0,1.0,2,5.0,1.4,Entire home/apt,EXTRAMURS,0
143.0,4,1.0,1.0,30,4.47,1.4,Entire home/apt,EXTRAMURS,0
119.0,4,1.0,1.0,10,4.5,1.4,Entire home/apt,EXTRAMURS,0
146.0,4,1.0,1.0,4,4.75,1.4,Entire home/apt,EXTRAMURS,0
166.0,5,2.0,2.0,40,4.98,3.68,Entire home/apt,POBLATS MARITIMS,1
133.0,4,2.0,1.0,71,4.89,0.79,Entire home/apt,CIUTAT VELLA,1
150.0,4,3.0,1.0,3,4.67,2.09,Entire home/apt,BENIMACLET,0
55.0,2,1.0,1.0,79,4.43,4.33,Entire home/apt,POBLATS MARITIMS,0
132.0,8,2.0,1.0,7,5.0,2.22,Entire home/apt,CAMINS AL GRAU,1
65.0,2,1.0,1.0,48,4.81,1.06,Private room,EXTRAMURS,1
269.0,4,2.0,1.0,66,4.98,0.9,Entire home/apt,L'EIXAMPLE,1
79.0,4,0.0,1.0,19,4.79,1.5,Entire home/apt,EL PLA DEL REAL,1
116.0,2,1.0,1.0,1,4.0,2.52,Entire home/apt,CAMINS AL GRAU,0
92.0,2,1.0,1.0,2,4.5,2.55,Entire home/apt,CAMINS AL GRAU,0
100.0,4,1.0,1.0,1,5.0,2.45,Entire home/apt,CAMINS AL GRAU,0
80.0,2,1.0,1.0,33,4.79,1.11,Private room,CIUTAT VELLA,0
70.0,2,1.0,1.0,5,4.2,0.73,Entire home/apt,CIUTAT VELLA,0
258.0,4,2.0,1.0,53,4.94,0.72,Entire home/apt,L'EIXAMPLE,1
271.0,4,2.0,1.0,50,4.92,0.87,Entire home/apt,L'EIXAMPLE,1
56.0,2,1.0,1.0,67,4.78,1.24,Entire home/apt,PATRAIX,1
130.0,2,1.0,1.0,14,4.71,0.92,Entire home/apt,L'EIXAMPLE,0
165.0,4,2.0,1.0,35,4.8,3.97,Entire home/apt,POBLATS MARITIMS,0
180.0,6,2.0,2.0,37,4.92,3.98,Entire home/apt,POBLATS MARITIMS,0
138.0,4,1.0,1.0,42,4.74,3.37,Entire home/apt,POBLATS MARITIMS,0
220.0,5,3.0,2.0,34,4.76,1.03,Entire home/apt,CIUTAT VELLA,1
113.0,6,1.0,1.0,21,4.67,1.74,Entire home/apt,QUATRE CARRERES,0
99.0,4,2.0,1.0,52,4.87,2.54,Entire home/apt,JESUS,1
90.0,6,4.0,2.0,2,4.5,0.81,Entire home/apt,CIUTAT VELLA,0
135.0,3,2.0,1.0,2,5.0,1.28,Private room,L'EIXAMPLE,1
200.0,4,2.0,1.0,22,4.77,0.39,Entire home/apt,CIUTAT VELLA,0
98.0,4,1.0,1.0,38,4.87,3.71,Entire home/apt,POBLATS MARITIMS,1
117.0,2,1.0,1.0,7,5.0,4.39,Entire home/apt,POBLATS MARITIMS,1
207.0,4,2.0,2.0,29,4.86,4.32,Entire home/apt,POBLATS MARITIMS,0
98.0,4,1.0,1.0,4,4.25,2.37,Entire home/apt,CAMINS AL GRAU,0
78.0,4,2.0,2.0,49,4.41,1.77,Entire home/apt,CAMINS AL GRAU,0
135.0,4,3.0,1.0,12,4.25,4.29,Entire home/apt,POBLATS MARITIMS,0
100.0,4,1.0,1.0,2,5.0,2.39,Entire home/apt,CAMINS AL GRAU,1
137.0,6,2.0,2.0,2,4.5,3.16,Entire home/apt,CAMINS AL GRAU,0
40.0,2,1.0,1.5,58,4.84,2.82,Private room,CAMINS AL GRAU,1
189.0,7,3.0,2.0,96,4.57,3.52,Entire home/apt,POBLATS MARITIMS,0
216.0,8,4.0,2.0,59,4.81,1.28,Entire home/apt,L'EIXAMPLE,1
55.0,2,1.0,0.0,17,4.88,2.17,Private room,ALGIROS,1
46.0,2,1.0,1.5,68,4.76,2.75,Private room,CAMINS AL GRAU,0
145.0,4,2.0,1.0,10,4.2,4.36,Entire home/apt,POBLATS MARITIMS,0
138.0,6,2.0,1.0,15,4.73,4.36,Entire home/apt,POBLATS MARITIMS,0
40.0,1,1.0,1.0,1,5.0,2.59,Entire home/apt,ALGIROS,0
107.0,4,1.0,1.0,2,5.0,2.55,Entire home/apt,CAMINS AL GRAU,1
98.0,4,1.0,1.0,1,4.0,2.47,Entire home/apt,CAMINS AL GRAU,1
72.0,1,1.0,1.0,2,5.0,2.66,Entire home/apt,ALGIROS,0
250.0,7,3.0,1.5,10,4.9,1.34,Entire home/apt,L'EIXAMPLE,0
109.0,3,1.0,1.0,29,4.72,1.64,Entire home/apt,QUATRE CARRERES,0
63.0,2,1.0,1.0,71,4.56,0.69,Private room,CIUTAT VELLA,0
46.0,2,1.0,1.0,19,4.95,1.42,Private room,EL PLA DEL REAL,1
89.0,2,1.0,1.0,12,4.92,0.64,Entire home/apt,CIUTAT VELLA,1
89.0,2,1.0,1.0,6,5.0,0.79,Entire home/apt,CIUTAT VELLA,1
73.0,2,1.0,1.0,3,5.0,2.88,Entire home/apt,CAMINS AL GRAU,0
99.0,5,2.0,1.0,8,5.0,3.96,Entire home/apt,POBLATS MARITIMS,0
151.0,8,0.0,1.0,10,4.5,3.49,Entire home/apt,POBLATS MARITIMS,0
86.0,4,1.0,1.0,5,4.2,1.74,Entire home/apt,QUATRE CARRERES,0
95.0,4,1.0,1.0,9,4.67,0.83,Entire home/apt,L'EIXAMPLE,0
74.0,4,1.0,1.0,59,4.69,2.67,Entire home/apt,CAMPANAR,0
116.0,5,3.0,2.0,75,4.44,2.82,Entire home/apt,CAMINS AL GRAU,0
161.0,2,1.0,1.0,2,4.5,1.56,Private room,CAMPANAR,0
81.0,3,0.0,1.0,2,5.0,3.17,Private room,CAMINS AL GRAU,0
131.0,4,1.0,1.0,2,4.5,2.64,Private room,QUATRE CARRERES,0
64.0,2,1.0,1.0,57,4.4,4.4,Entire home/apt,POBLATS MARITIMS,0
156.0,4,1.0,1.0,5,5.0,2.48,Private room,QUATRE CARRERES,0
151.0,4,1.0,1.0,3,5.0,2.49,Private room,QUATRE CARRERES,0
123.0,4,1.0,1.0,9,4.89,2.67,Private room,QUATRE CARRERES,0
225.0,4,2.0,2.0,21,5.0,1.84,Entire home/apt,CAMINS AL GRAU,1
107.0,4,1.0,1.0,46,4.96,3.83,Entire home/apt,POBLATS MARITIMS,1
40.0,2,1.0,1.0,33,4.58,1.71,Private room,QUATRE CARRERES,0
58.0,2,1.0,1.0,57,4.14,1.77,Private room,QUATRE CARRERES,0
63.0,2,1.0,1.0,9,4.89,1.14,Private room,L'EIXAMPLE,0
40.0,2,1.0,1.0,26,4.77,2.71,Private room,CAMINS AL GRAU,0
93.0,3,1.0,1.0,92,4.47,2.12,Entire home/apt,LA SAIDIA,0
75.0,2,1.0,1.0,11,3.82,0.89,Entire home/apt,L'EIXAMPLE,0
85.0,3,1.0,1.0,71,4.65,2.58,Entire home/apt,CAMPANAR,0
101.0,4,0.0,0.0,16,4.38,1.25,Entire home/apt,L'EIXAMPLE,0
43.0,1,1.0,1.0,10,4.8,3.81,Private room,RASCANYA,1
131.0,4,2.0,2.0,40,5.0,2.47,Entire home/apt,CAMINS AL GRAU,1
95.0,8,3.0,3.5,32,4.47,1.07,Entire home/apt,EXTRAMURS,0
90.0,3,1.0,1.0,17,4.71,2.19,Entire home/apt,CAMINS AL GRAU,0
229.0,6,3.0,3.0,47,5.0,3.92,Entire home/apt,POBLATS MARITIMS,1
142.0,4,1.0,1.0,8,4.88,2.6,Entire home/apt,JESUS,1
100.0,4,2.0,1.0,16,4.56,2.52,Entire home/apt,CAMINS AL GRAU,0
103.0,4,1.0,1.0,98,4.97,2.73,Entire home/apt,CAMINS AL GRAU,1
50.0,2,1.0,1.0,91,4.7,4.43,Private room,POBLATS MARITIMS,0
171.0,6,2.0,1.0,7,4.43,0.96,Entire home/apt,L'EIXAMPLE,0
44.0,1,1.0,1.0,38,4.92,4.09,Private room,POBLATS MARITIMS,1
46.0,3,1.0,1.0,55,4.45,4.27,Private room,POBLATS MARITIMS,0
281.0,4,1.0,1.0,73,4.88,2.63,Entire home/apt,CAMINS AL GRAU,1
70.0,2,1.0,1.0,24,4.54,3.99,Private room,POBLATS MARITIMS,0
131.0,4,2.0,1.0,19,4.89,2.13,Entire home/apt,LA SAIDIA,1
80.0,4,2.0,1.5,3,5.0,1.48,Entire home/apt,QUATRE CARRERES,1
91.0,4,3.0,1.0,15,4.8,2.31,Entire home/apt,QUATRE CARRERES,1
113.0,6,2.0,1.0,9,4.11,2.13,Entire home/apt,L'OLIVERETA,0
123.0,4,0.0,1.0,17,4.35,3.83,Entire home/apt,ALGIROS,0
87.0,4,3.0,1.0,17,4.47,1.85,Entire home/apt,PATRAIX,0
230.0,3,2.0,1.0,1,5.0,1.64,Entire home/apt,QUATRE CARRERES,0
99.0,5,2.0,1.0,77,4.68,1.43,Entire home/apt,QUATRE CARRERES,0
59.0,3,1.0,1.0,70,4.59,4.49,Private room,POBLATS MARITIMS,0
260.0,2,1.0,1.0,1,3.0,0.54,Private room,CIUTAT VELLA,0
151.0,4,1.0,1.0,4,4.75,2.02,Private room,CAMINS AL GRAU,0
132.0,4,2.0,1.0,10,4.7,2.21,Private room,CAMINS AL GRAU,0
80.0,1,1.0,1.0,1,5.0,2.49,Entire home/apt,ALGIROS,0
47.0,3,1.0,1.0,49,4.63,4.41,Private room,POBLATS MARITIMS,0
49.0,2,1.0,2.0,4,4.5,0.65,Private room,L'EIXAMPLE,0
180.0,4,2.0,2.0,4,5.0,1.57,Entire home/apt,QUATRE CARRERES,0
288.0,8,3.0,2.0,15,4.27,0.44,Entire home/apt,L'EIXAMPLE,0
76.0,2,2.0,2.0,2,5.0,1.01,Entire home/apt,L'EIXAMPLE,1
138.0,6,0.0,1.0,2,5.0,3.46,Entire home/apt,POBLATS MARITIMS,0
107.0,4,1.0,1.0,29,4.62,2.99,Entire home/apt,CAMPANAR,0
39.0,1,1.0,1.0,22,4.91,0.87,Private room,CIUTAT VELLA,0
91.0,4,1.0,1.0,4,3.75,2.57,Entire home/apt,QUATRE CARRERES,0
109.0,4,1.0,1.0,2,5.0,2.57,Entire home/apt,QUATRE CARRERES,0
83.0,2,0.0,1.0,18,4.83,2.47,Entire home/apt,QUATRE CARRERES,0
207.0,4,2.0,2.0,17,4.71,4.32,Entire home/apt,POBLATS MARITIMS,0
146.0,4,1.0,1.5,61,4.98,2.75,Entire home/apt,CAMINS AL GRAU,1
108.0,6,4.0,3.5,3,5.0,19.55,Entire home/apt,POBLATS DEL SUD,0
78.0,4,2.0,1.0,3,4.0,4.02,Entire home/apt,POBLATS MARITIMS,0
135.0,6,3.0,2.0,36,4.97,2.47,Entire home/apt,CAMINS AL GRAU,0
398.0,7,4.0,3.0,4,5.0,2.37,Entire home/apt,BENIMACLET,0
88.0,2,1.0,1.0,53,4.43,3.92,Entire home/apt,POBLATS MARITIMS,0
65.0,2,0.0,1.0,22,4.91,2.7,Entire home/apt,ALGIROS,1
69.0,2,0.0,1.0,13,4.85,2.68,Entire home/apt,ALGIROS,1
60.0,2,1.0,1.0,39,4.31,1.77,Entire home/apt,JESUS,0
137.0,6,2.0,1.0,35,4.71,1.49,Entire home/apt,PATRAIX,0
99.0,4,0.0,1.0,22,4.86,2.27,Entire home/apt,CAMINS AL GRAU,1
32.0,2,1.0,1.0,3,4.0,2.33,Private room,CAMPANAR,0
83.0,3,2.0,0.5,34,4.94,6.01,Entire home/apt,POBLATS MARITIMS,1
118.0,2,1.0,1.0,105,4.92,1.03,Entire home/apt,CIUTAT VELLA,1
87.0,4,0.0,1.0,28,4.75,2.76,Entire home/apt,ALGIROS,1
118.0,2,1.0,1.0,29,4.55,2.63,Entire home/apt,QUATRE CARRERES,0
133.0,3,1.0,1.0,7,4.43,2.63,Entire home/apt,QUATRE CARRERES,0
152.0,4,1.0,1.0,3,2.33,2.63,Entire home/apt,QUATRE CARRERES,0
157.0,4,1.0,1.0,6,4.67,2.63,Entire home/apt,QUATRE CARRERES,0
69.0,2,0.0,1.0,34,4.74,2.72,Entire home/apt,ALGIROS,1
77.0,4,0.0,1.0,12,4.83,2.72,Entire home/apt,ALGIROS,1
84.0,2,0.0,1.0,13,4.77,2.26,Entire home/apt,CAMINS AL GRAU,1
88.0,2,1.0,1.0,2,3.0,1.4,Entire home/apt,QUATRE CARRERES,0
158.0,4,2.0,2.0,52,4.96,0.86,Entire home/apt,EXTRAMURS,1
110.0,4,2.0,1.5,22,4.77,1.51,Entire home/apt,PATRAIX,0
90.0,3,0.0,0.0,4,4.75,2.75,Entire home/apt,CAMINS AL GRAU,0
120.0,2,1.0,1.0,46,4.8,1.14,Entire home/apt,CIUTAT VELLA,1
75.0,3,0.0,1.0,27,4.63,1.18,Entire home/apt,CIUTAT VELLA,0
141.0,4,1.0,1.0,6,4.83,2.63,Entire home/apt,QUATRE CARRERES,0
119.0,2,1.0,1.0,4,4.25,2.63,Entire home/apt,QUATRE CARRERES,0
107.0,4,1.0,1.0,6,4.83,0.63,Entire home/apt,EXTRAMURS,0
115.0,2,1.0,1.0,31,4.68,3.92,Entire home/apt,POBLATS MARITIMS,0
82.0,4,2.0,1.0,4,3.75,2.8,Entire home/apt,BENICALAP,0
73.0,2,1.0,1.0,2,5.0,0.36,Private room,CIUTAT VELLA,0
68.0,5,2.0,1.0,7,5.0,2.21,Entire home/apt,LA SAIDIA,1
122.0,5,2.0,1.0,7,5.0,2.01,Entire home/apt,LA SAIDIA,1
131.0,4,3.0,1.0,2,4.5,1.02,Entire home/apt,EXTRAMURS,0
109.0,4,2.0,1.0,72,4.65,3.62,Entire home/apt,POBLATS MARITIMS,0
80.0,2,0.0,1.0,4,5.0,2.37,Entire home/apt,CAMINS AL GRAU,1
91.0,4,0.0,1.0,18,4.89,2.93,Entire home/apt,ALGIROS,1
216.0,8,1.0,1.0,7,4.86,2.29,Entire home/apt,CAMINS AL GRAU,1
218.0,2,1.0,1.0,16,4.69,0.32,Private room,L'EIXAMPLE,0
117.0,3,1.0,1.5,11,4.64,0.49,Entire home/apt,CIUTAT VELLA,0
218.0,2,1.0,1.0,12,4.58,0.43,Private room,L'EIXAMPLE,0
218.0,2,1.0,1.0,19,4.58,0.47,Private room,L'EIXAMPLE,0
218.0,2,1.0,1.0,10,4.5,0.26,Private room,CIUTAT VELLA,0
218.0,2,1.0,1.0,9,4.89,0.3,Private room,CIUTAT VELLA,0
218.0,2,1.0,1.0,18,4.61,0.26,Private room,CIUTAT VELLA,0
81.0,4,2.0,2.0,15,4.4,0.36,Entire home/apt,CIUTAT VELLA,0
62.0,3,2.0,1.0,5,4.8,2.87,Entire home/apt,CAMINS AL GRAU,0
220.0,5,2.0,1.0,18,4.78,4.13,Entire home/apt,POBLATS MARITIMS,0
207.0,4,2.0,2.0,4,4.75,1.61,Entire home/apt,QUATRE CARRERES,0
100.0,2,2.0,1.0,10,4.7,1.64,Entire home/apt,PATRAIX,0
131.0,4,2.0,1.0,153,4.89,1.5,Entire home/apt,QUATRE CARRERES,1
145.0,6,0.0,1.0,2,5.0,3.46,Entire home/apt,POBLATS MARITIMS,0
67.0,2,1.0,1.0,37,4.84,1.14,Private room,L'EIXAMPLE,0
44.0,2,1.0,1.0,1,4.0,2.48,Private room,RASCANYA,0
129.0,2,1.0,1.0,17,4.65,1.4,Entire home/apt,EXTRAMURS,0
148.0,4,2.0,1.0,13,4.62,2.89,Entire home/apt,CAMINS AL GRAU,0
114.0,4,1.0,1.0,85,4.78,1.5,Entire home/apt,QUATRE CARRERES,1
89.0,3,2.0,1.0,68,4.82,2.15,Entire home/apt,CAMPANAR,1
90.0,2,1.0,1.0,31,4.97,3.57,Entire home/apt,POBLATS MARITIMS,1
115.0,4,1.0,1.0,20,4.95,1.68,Entire home/apt,QUATRE CARRERES,0
118.0,2,1.0,1.0,14,4.93,0.24,Entire home/apt,CIUTAT VELLA,1
32.0,2,1.0,2.0,19,4.89,5.03,Private room,POBLATS DE L'OEST,1
114.0,5,2.0,1.0,15,4.87,2.2,Entire home/apt,LA SAIDIA,1
120.0,2,1.0,1.0,7,4.57,1.39,Entire home/apt,QUATRE CARRERES,0
136.0,3,1.0,1.0,5,5.0,0.85,Entire home/apt,EXTRAMURS,1
68.0,4,1.0,1.0,44,4.7,0.94,Entire home/apt,EXTRAMURS,0
98.0,3,1.0,1.0,17,4.82,3.02,Entire home/apt,CAMINS AL GRAU,0
120.0,3,1.0,1.0,2,5.0,3.68,Entire home/apt,QUATRE CARRERES,0
261.0,6,3.0,2.0,2,5.0,0.68,Entire home/apt,L'EIXAMPLE,0
138.0,6,1.0,2.0,36,4.78,2.52,Entire home/apt,ALGIROS,0
90.0,3,1.0,1.0,67,4.93,1.72,Entire home/apt,PATRAIX,1
260.0,6,3.0,2.0,54,4.85,0.53,Entire home/apt,CIUTAT VELLA,1
198.0,4,1.0,1.0,9,4.89,3.73,Entire home/apt,POBLATS MARITIMS,1
85.0,4,0.0,1.0,33,4.82,1.48,Entire home/apt,QUATRE CARRERES,1
47.0,1,1.0,1.0,28,4.93,1.11,Private room,L'EIXAMPLE,1
31.0,2,1.0,1.0,15,4.27,2.96,Private room,JESUS,0
33.0,2,1.0,1.0,22,4.45,2.95,Private room,JESUS,0
34.0,2,0.0,1.0,32,4.78,2.9,Private room,JESUS,0
31.0,2,1.0,1.0,10,4.3,3.03,Private room,JESUS,0
54.0,2,0.0,1.0,37,4.59,1.41,Entire home/apt,QUATRE CARRERES,1
113.0,4,1.0,1.0,54,4.91,3.18,Entire home/apt,CAMINS AL GRAU,1
69.0,2,0.0,1.0,21,4.76,2.72,Entire home/apt,ALGIROS,1
163.0,6,1.0,1.0,64,4.48,3.16,Entire home/apt,CAMINS AL GRAU,0
36.0,1,1.0,1.0,2,5.0,2.65,Private room,ALGIROS,0
200.0,4,2.0,1.5,2,5.0,1.78,Entire home/apt,EL PLA DEL REAL,0
150.0,8,2.0,2.0,49,4.65,0.73,Entire home/apt,EXTRAMURS,0
69.0,5,1.0,1.0,13,4.46,1.62,Entire home/apt,QUATRE CARRERES,0
104.0,5,3.0,1.0,7,4.71,2.24,Entire home/apt,QUATRE CARRERES,0
212.0,4,2.0,2.0,2,5.0,0.71,Entire home/apt,EXTRAMURS,0
102.0,4,0.0,1.0,35,4.77,1.36,Entire home/apt,QUATRE CARRERES,1
93.0,3,1.0,1.0,58,4.79,1.22,Entire home/apt,L'EIXAMPLE,1
144.0,8,0.0,1.0,1,5.0,3.44,Entire home/apt,POBLATS MARITIMS,0
123.0,4,1.0,1.0,15,4.2,3.86,Entire home/apt,POBLATS MARITIMS,0
206.0,8,3.0,3.5,43,4.67,1.51,Entire home/apt,LA SAIDIA,0
234.0,6,3.0,2.0,40,4.7,0.92,Entire home/apt,EXTRAMURS,0
40.0,1,1.0,1.0,65,4.74,2.62,Private room,ALGIROS,0
174.0,9,2.0,1.0,34,4.88,1.92,Entire home/apt,LA SAIDIA,0
86.0,2,1.0,1.0,6,5.0,2.52,Private room,BENICALAP,0
171.0,5,2.0,1.0,20,4.7,1.54,Entire home/apt,QUATRE CARRERES,0
70.0,5,1.0,1.5,73,4.36,1.07,Entire home/apt,CIUTAT VELLA,0
104.0,4,2.0,2.0,63,4.83,1.65,Entire home/apt,EL PLA DEL REAL,1
110.0,4,2.0,2.0,31,4.65,1.57,Entire home/apt,EL PLA DEL REAL,1
142.0,6,2.0,2.0,40,4.68,3.16,Entire home/apt,BENICALAP,0
38.0,2,1.0,0.5,62,4.19,2.05,Private room,ALGIROS,0
98.0,4,1.0,1.0,23,4.48,1.57,Entire home/apt,QUATRE CARRERES,0
71.0,2,0.0,1.0,32,5.0,1.59,Entire home/apt,QUATRE CARRERES,1
110.0,4,2.0,1.0,20,4.6,3.22,Entire home/apt,CAMINS AL GRAU,0
82.0,3,2.0,1.0,43,4.98,2.25,Private room,ALGIROS,1
116.0,4,1.0,1.0,3,5.0,1.72,Entire home/apt,L'OLIVERETA,0
54.0,2,1.0,0.5,38,4.63,1.21,Private room,L'EIXAMPLE,0
160.0,3,2.0,1.0,7,5.0,1.76,Entire home/apt,LA SAIDIA,1
129.0,2,0.0,1.0,15,4.87,3.86,Entire home/apt,POBLATS MARITIMS,0
129.0,5,2.0,1.0,24,4.79,1.1,Entire home/apt,EXTRAMURS,0
121.0,4,0.0,1.0,14,4.93,3.86,Entire home/apt,POBLATS MARITIMS,0
80.0,4,3.0,1.5,8,4.75,0.65,Entire home/apt,EXTRAMURS,1
54.0,2,1.0,1.0,10,4.8,1.78,Private room,QUATRE CARRERES,1
103.0,2,0.0,1.0,1,2.0,2.01,Entire home/apt,PATRAIX,0
95.0,4,0.0,1.0,1,5.0,3.02,Entire home/apt,PATRAIX,0
104.0,5,1.0,1.0,2,5.0,3.35,Entire home/apt,CAMINS AL GRAU,0
141.0,3,1.0,1.0,5,4.8,3.17,Entire home/apt,CAMINS AL GRAU,0
88.0,2,1.0,1.0,41,4.8,1.74,Entire home/apt,JESUS,1
81.0,2,1.0,1.0,34,4.97,3.8,Private room,POBLATS MARITIMS,1
156.0,6,3.0,1.0,3,5.0,3.97,Entire home/apt,POBLATS MARITIMS,0
60.0,2,1.0,2.0,1,2.0,0.71,Private room,L'EIXAMPLE,0
229.0,8,3.0,2.0,59,4.81,1.27,Entire home/apt,JESUS,0
98.0,2,1.0,1.0,6,4.5,2.38,Entire home/apt,CAMINS AL GRAU,0
33.0,1,1.0,1.0,91,4.76,3.95,Private room,POBLATS MARITIMS,1
117.0,4,2.0,1.0,78,4.85,1.7,Entire home/apt,CAMPANAR,1
130.0,3,1.0,1.0,64,4.81,1.29,Private room,L'EIXAMPLE,0
79.0,4,2.0,1.0,60,4.88,1.73,Entire home/apt,JESUS,0
99.0,4,1.0,1.0,30,4.77,1.89,Entire home/apt,LA SAIDIA,1
108.0,4,2.0,2.0,15,4.73,0.87,Entire home/apt,L'EIXAMPLE,0
53.0,2,1.0,1.0,68,4.4,4.43,Entire home/apt,POBLATS MARITIMS,0
65.0,2,1.0,1.0,35,5.0,1.95,Private room,LA SAIDIA,1
130.0,6,4.0,1.0,1,5.0,2.98,Entire home/apt,CAMINS AL GRAU,0
120.0,5,3.0,1.0,2,4.0,3.26,Entire home/apt,BENICALAP,0
142.0,4,3.0,2.0,41,4.44,1.56,Entire home/apt,QUATRE CARRERES,0
118.0,4,1.0,1.0,35,4.51,0.72,Entire home/apt,EXTRAMURS,0
80.0,3,2.0,1.0,78,4.42,0.38,Entire home/apt,EXTRAMURS,0
393.0,8,4.0,3.0,34,4.53,0.78,Entire home/apt,CIUTAT VELLA,0
109.0,4,2.0,1.0,107,4.52,0.39,Entire home/apt,EXTRAMURS,0
109.0,4,1.0,1.0,36,4.31,2.48,Entire home/apt,CAMINS AL GRAU,0
120.0,4,1.0,1.0,28,4.0,2.47,Entire home/apt,CAMINS AL GRAU,0
87.0,4,1.0,1.0,118,4.92,2.05,Entire home/apt,LA SAIDIA,1
114.0,4,2.0,1.0,32,4.75,2.41,Entire home/apt,ALGIROS,1
85.0,4,1.0,1.0,131,4.92,1.99,Entire home/apt,LA SAIDIA,1
273.0,7,3.0,2.0,16,4.81,2.45,Entire home/apt,JESUS,1
141.0,7,2.0,2.0,72,4.88,2.58,Entire home/apt,CAMINS AL GRAU,1
100.0,2,1.0,1.0,4,4.5,1.16,Entire home/apt,EXTRAMURS,0
58.0,1,1.0,1.0,2,2.5,1.29,Private room,L'EIXAMPLE,0
58.0,2,1.0,1.0,1,5.0,0.51,Private room,EXTRAMURS,0
47.0,2,1.0,1.0,99,4.77,3.64,Private room,POBLATS MARITIMS,0
75.0,4,1.0,1.0,11,4.82,0.52,Entire home/apt,EXTRAMURS,0
115.0,3,1.0,1.0,16,5.0,1.51,Entire home/apt,EXTRAMURS,1
35.0,1,1.0,1.0,12,4.92,2.39,Private room,L'OLIVERETA,0
147.0,6,1.0,1.0,42,4.9,2.44,Entire home/apt,ALGIROS,1
120.0,4,2.0,2.0,42,4.88,4.29,Entire home/apt,POBLATS MARITIMS,1
70.0,2,1.0,1.0,36,4.69,1.74,Entire home/apt,JESUS,1
132.0,4,0.0,1.0,36,4.78,3.73,Entire home/apt,POBLATS MARITIMS,0
105.0,4,1.0,1.0,73,4.86,1.51,Entire home/apt,EXTRAMURS,1
122.0,4,1.0,1.0,22,4.91,1.51,Entire home/apt,EXTRAMURS,1
91.0,4,2.0,1.0,37,4.62,2.15,Entire home/apt,CAMPANAR,0
78.0,4,1.0,1.0,54,4.57,1.77,Entire home/apt,CAMPANAR,0
61.0,2,1.0,1.0,4,4.0,2.0,Private room,JESUS,0
90.0,2,1.0,1.0,82,4.98,2.92,Entire home/apt,CAMINS AL GRAU,1
152.0,4,2.0,1.0,68,4.82,4.01,Entire home/apt,POBLATS MARITIMS,1
62.0,1,1.0,1.0,1,5.0,1.54,Private room,CAMPANAR,0
80.0,2,0.0,1.0,2,4.5,2.44,Entire home/apt,CAMINS AL GRAU,1
80.0,4,0.0,1.0,18,4.78,2.5,Entire home/apt,CAMINS AL GRAU,1
76.0,4,1.0,1.0,32,4.56,2.34,Entire home/apt,CAMINS AL GRAU,0
80.0,2,0.0,1.0,12,4.75,2.44,Entire home/apt,CAMINS AL GRAU,1
296.0,7,3.0,2.0,15,4.73,1.44,Entire home/apt,PATRAIX,1
360.0,6,3.0,3.0,37,4.97,0.6,Entire home/apt,CIUTAT VELLA,1
109.0,4,1.0,1.0,19,4.63,3.86,Entire home/apt,POBLATS MARITIMS,0
71.0,4,1.0,1.0,41,4.68,2.08,Entire home/apt,CAMPANAR,0
198.0,6,2.0,1.0,57,4.72,1.68,Entire home/apt,QUATRE CARRERES,1
90.0,3,1.0,1.0,15,4.67,0.47,Entire home/apt,L'EIXAMPLE,0
186.0,8,2.0,2.0,55,4.6,1.5,Entire home/apt,EXTRAMURS,0
40.0,1,1.0,2.0,1,5.0,1.56,Private room,QUATRE CARRERES,0
213.0,4,2.0,1.0,3,5.0,1.3,Entire home/apt,QUATRE CARRERES,1
264.0,7,5.0,2.0,11,4.36,2.48,Entire home/apt,CAMINS AL GRAU,0
126.0,4,1.0,1.0,37,4.92,1.45,Entire home/apt,EXTRAMURS,0
128.0,4,1.0,1.0,2,5.0,1.71,Entire home/apt,JESUS,0
125.0,4,0.0,1.0,40,4.7,1.45,Entire home/apt,LA SAIDIA,0
95.0,2,1.0,1.0,46,4.61,3.82,Entire home/apt,POBLATS MARITIMS,0
102.0,3,1.0,1.0,35,4.83,3.78,Entire home/apt,POBLATS MARITIMS,1
236.0,6,2.0,1.0,50,4.88,0.61,Entire home/apt,CIUTAT VELLA,1
160.0,4,2.0,1.0,17,4.82,2.05,Entire home/apt,L'OLIVERETA,0
121.0,4,1.0,1.0,12,4.75,1.86,Entire home/apt,L'OLIVERETA,0
78.0,2,1.0,1.0,34,4.91,3.61,Entire home/apt,POBLATS MARITIMS,1
85.0,2,1.0,1.0,31,4.87,3.63,Entire home/apt,POBLATS MARITIMS,1
74.0,2,1.0,1.0,45,4.53,1.03,Entire home/apt,CIUTAT VELLA,0
83.0,4,2.0,1.0,4,4.5,0.92,Entire home/apt,CIUTAT VELLA,0
121.0,4,1.0,1.0,46,4.96,0.5,Entire home/apt,CIUTAT VELLA,1
96.0,2,1.0,1.0,4,3.5,4.48,Private room,POBLATS MARITIMS,0
182.0,2,1.0,1.0,2,4.5,4.48,Private room,POBLATS MARITIMS,0
119.0,2,1.0,1.0,1,2.0,4.61,Private room,POBLATS MARITIMS,0
111.0,5,2.0,1.0,11,5.0,3.18,Entire home/apt,L'OLIVERETA,0
105.0,5,2.0,1.0,19,5.0,3.05,Entire home/apt,L'OLIVERETA,0
126.0,4,1.0,1.0,15,4.8,1.49,Entire home/apt,EXTRAMURS,0
57.0,1,1.0,2.0,22,4.73,1.0,Private room,L'EIXAMPLE,0
165.0,6,3.0,2.0,24,4.38,2.33,Entire home/apt,CAMINS AL GRAU,0
156.0,4,1.0,1.0,15,4.93,3.96,Entire home/apt,POBLATS MARITIMS,1
214.0,4,1.0,1.0,16,4.19,1.28,Entire home/apt,PATRAIX,0
164.0,2,1.0,1.0,17,4.59,1.28,Entire home/apt,PATRAIX,0
84.0,5,2.0,1.0,6,4.67,0.52,Entire home/apt,CIUTAT VELLA,0
38.0,1,1.0,1.0,8,4.88,2.28,Private room,L'OLIVERETA,1
98.0,4,2.0,2.0,37,4.81,1.78,Entire home/apt,JESUS,1
104.0,6,2.0,2.0,30,4.5,1.54,Entire home/apt,QUATRE CARRERES,0
60.0,4,2.0,2.0,5,5.0,2.19,Entire home/apt,LA SAIDIA,1
123.0,3,1.0,1.0,29,4.62,1.25,Private room,L'EIXAMPLE,0
264.0,10,5.0,2.0,17,4.88,3.09,Entire home/apt,ALGIROS,1
160.0,5,2.0,1.0,30,4.6,4.3,Entire home/apt,POBLATS MARITIMS,0
140.0,4,1.0,1.0,32,4.69,3.73,Entire home/apt,POBLATS MARITIMS,0
94.0,3,1.0,1.0,18,4.72,2.39,Entire home/apt,BENIMACLET,1
174.0,5,3.0,1.0,41,4.88,4.12,Entire home/apt,POBLATS MARITIMS,1
392.0,6,3.0,2.0,39,4.82,3.88,Entire home/apt,POBLATS MARITIMS,1
80.0,2,1.0,1.0,54,4.74,4.41,Entire home/apt,POBLATS MARITIMS,0
78.0,4,1.0,1.0,46,4.78,4.08,Entire home/apt,POBLATS MARITIMS,0
180.0,4,2.0,1.0,3,5.0,2.56,Entire home/apt,CAMINS AL GRAU,1
150.0,4,2.0,1.0,24,4.88,2.56,Entire home/apt,CAMINS AL GRAU,1
193.0,5,2.0,2.0,4,5.0,1.49,Entire home/apt,PATRAIX,1
130.0,6,3.0,1.0,3,4.67,3.2,Entire home/apt,POBLATS MARITIMS,0
149.0,8,4.0,2.0,2,2.5,2.01,Entire home/apt,CAMINS AL GRAU,0
130.0,8,4.0,1.0,2,4.0,1.56,Entire home/apt,EL PLA DEL REAL,0
80.0,4,2.0,1.0,14,4.5,13.72,Entire home/apt,POBLATS DEL SUD,0
84.0,4,1.0,1.0,42,4.5,4.28,Entire home/apt,POBLATS MARITIMS,0
83.0,4,0.0,1.0,53,4.6,4.29,Entire home/apt,POBLATS MARITIMS,0
95.0,4,0.0,1.0,42,4.93,2.65,Entire home/apt,CAMINS AL GRAU,1
88.0,3,1.0,1.0,12,4.83,2.8,Entire home/apt,CAMINS AL GRAU,0
45.0,2,0.0,1.0,1,5.0,1.85,Private room,QUATRE CARRERES,0
68.0,2,1.0,1.0,54,4.93,0.9,Private room,L'EIXAMPLE,1
104.0,4,1.0,1.0,31,4.84,2.65,Entire home/apt,CAMINS AL GRAU,1
132.0,4,1.0,1.0,36,4.92,1.1,Entire home/apt,EXTRAMURS,0
36.0,1,1.0,1.0,16,4.88,1.79,Private room,JESUS,1
97.0,2,1.0,1.0,30,4.83,3.67,Entire home/apt,POBLATS MARITIMS,1
117.0,4,0.0,1.0,5,4.8,3.18,Entire home/apt,CAMINS AL GRAU,0
109.0,4,0.0,1.0,3,4.67,3.35,Entire home/apt,CAMINS AL GRAU,0
109.0,4,0.0,1.0,4,4.0,3.27,Entire home/apt,CAMINS AL GRAU,0
109.0,4,0.0,1.0,13,4.23,3.26,Entire home/apt,CAMINS AL GRAU,0
109.0,4,0.0,1.0,5,3.6,3.34,Entire home/apt,CAMINS AL GRAU,0
102.0,2,1.0,1.0,25,5.0,3.67,Entire home/apt,POBLATS MARITIMS,1
92.0,4,1.0,1.0,16,5.0,3.24,Entire home/apt,CAMINS AL GRAU,1
138.0,4,3.0,2.0,8,4.75,10.28,Entire home/apt,POBLATS DEL SUD,0
107.0,2,1.0,1.0,7,5.0,3.71,Entire home/apt,POBLATS MARITIMS,0
86.0,4,1.0,1.0,16,5.0,3.25,Entire home/apt,CAMINS AL GRAU,1
109.0,4,0.0,1.0,5,4.8,3.34,Entire home/apt,CAMINS AL GRAU,0
133.0,3,2.0,1.0,26,4.65,0.49,Entire home/apt,EXTRAMURS,0
196.0,3,2.0,1.0,21,4.67,0.49,Entire home/apt,EXTRAMURS,0
164.0,4,1.0,1.0,30,4.57,1.28,Entire home/apt,PATRAIX,0
154.0,4,0.0,1.0,5,4.6,0.49,Entire home/apt,EXTRAMURS,0
121.0,3,1.0,1.0,55,4.87,1.38,Entire home/apt,QUATRE CARRERES,1
146.0,3,2.0,1.0,7,4.14,0.49,Entire home/apt,EXTRAMURS,0
179.0,4,1.0,1.0,14,4.29,0.49,Entire home/apt,EXTRAMURS,0
104.0,4,2.0,2.0,4,4.0,1.02,Entire home/apt,EXTRAMURS,0
90.0,4,1.0,1.0,20,4.95,3.32,Entire home/apt,CAMINS AL GRAU,1
47.0,2,1.0,1.0,8,4.75,3.8,Private room,POBLATS MARITIMS,0
212.0,6,2.0,2.0,10,4.8,4.37,Entire home/apt,POBLATS MARITIMS,1
199.0,8,3.0,1.0,11,4.27,3.73,Entire home/apt,POBLATS MARITIMS,0
225.0,8,4.0,2.0,55,4.8,1.16,Entire home/apt,L'EIXAMPLE,1
36.0,2,1.0,2.0,5,4.0,2.38,Private room,RASCANYA,0
33.0,1,1.0,1.0,26,4.81,1.69,Private room,LA SAIDIA,1
136.0,7,4.0,2.0,16,4.88,2.34,Entire home/apt,CAMINS AL GRAU,1
118.0,4,1.0,1.0,70,4.9,3.59,Entire home/apt,POBLATS MARITIMS,1
90.0,2,1.0,1.0,96,4.96,3.81,Entire home/apt,POBLATS MARITIMS,1
36.0,1,1.0,1.0,25,4.96,3.48,Private room,POBLATS MARITIMS,1
184.0,6,3.0,2.0,37,4.27,1.71,Entire home/apt,QUATRE CARRERES,0
121.0,4,1.0,1.0,26,4.85,1.52,Entire home/apt,QUATRE CARRERES,0
31.0,1,1.0,1.0,5,5.0,2.26,Private room,L'OLIVERETA,1
105.0,3,2.0,1.0,4,4.75,0.87,Entire home/apt,CIUTAT VELLA,1
58.0,2,1.0,1.0,27,4.85,3.92,Private room,POBLATS MARITIMS,0
107.0,6,2.0,1.0,36,4.39,1.95,Entire home/apt,L'OLIVERETA,0
55.0,2,1.0,1.0,24,4.54,4.04,Private room,POBLATS MARITIMS,0
142.0,3,2.0,2.0,17,4.94,4.29,Entire home/apt,POBLATS MARITIMS,1
210.0,4,2.0,2.0,13,4.69,0.52,Entire home/apt,CIUTAT VELLA,1
121.0,2,0.0,1.0,17,4.76,3.82,Entire home/apt,POBLATS MARITIMS,0
77.0,4,2.0,1.0,5,5.0,2.1,Entire home/apt,QUATRE CARRERES,1
232.0,6,2.0,1.0,3,5.0,1.71,Entire home/apt,LA SAIDIA,0
219.0,6,2.0,1.0,3,5.0,1.71,Entire home/apt,LA SAIDIA,0
185.0,4,1.0,1.0,2,4.0,1.71,Entire home/apt,LA SAIDIA,0
220.0,6,2.0,1.0,4,4.75,1.78,Entire home/apt,LA SAIDIA,0
150.0,4,2.0,1.0,2,5.0,3.67,Entire home/apt,POBLATS MARITIMS,0
185.0,4,1.0,1.0,3,5.0,1.71,Entire home/apt,LA SAIDIA,0
237.0,6,2.0,1.0,3,4.67,1.71,Entire home/apt,LA SAIDIA,0
50.0,2,1.0,0.5,6,4.33,2.84,Private room,BENICALAP,0
344.0,8,5.0,3.0,20,4.85,2.1,Entire home/apt,PATRAIX,1
139.0,6,1.0,1.0,12,4.92,2.51,Entire home/apt,ALGIROS,1
214.0,2,1.0,1.0,1,5.0,1.39,Entire home/apt,PATRAIX,0
129.0,4,0.0,1.0,19,4.42,3.89,Entire home/apt,ALGIROS,0
92.0,4,2.0,1.0,42,4.83,2.08,Entire home/apt,CAMPANAR,1
104.0,2,1.0,1.0,13,4.77,2.42,Entire home/apt,ALGIROS,0
250.0,3,1.0,1.0,16,4.88,4.15,Entire home/apt,POBLATS MARITIMS,1
130.0,8,4.0,2.0,6,4.67,1.7,Entire home/apt,L'OLIVERETA,0
130.0,5,3.0,1.0,3,4.33,4.24,Entire home/apt,POBLATS MARITIMS,0
173.0,8,3.0,3.0,27,4.81,0.96,Entire home/apt,EXTRAMURS,1
204.0,9,3.0,3.5,29,4.93,1.05,Entire home/apt,EXTRAMURS,1
45.0,2,1.0,0.5,5,4.2,1.32,Private room,QUATRE CARRERES,0
107.0,4,1.0,1.0,22,4.77,3.81,Entire home/apt,POBLATS MARITIMS,0
32.0,1,1.0,1.0,2,5.0,4.18,Private room,POBLATS DEL SUD,0
150.0,4,2.0,1.0,1,5.0,3.59,Entire home/apt,POBLATS MARITIMS,0
167.0,4,2.0,1.0,3,5.0,2.69,Entire home/apt,CAMINS AL GRAU,0
78.0,2,1.0,1.0,1,5.0,3.83,Private room,POBLATS MARITIMS,0
79.0,3,1.0,1.0,33,4.79,0.45,Entire home/apt,CIUTAT VELLA,0
90.0,4,1.0,1.0,73,4.95,3.71,Entire home/apt,POBLATS MARITIMS,1
60.0,2,1.0,1.0,10,4.9,1.66,Private room,JESUS,0
67.0,2,1.0,1.0,4,5.0,4.22,Private room,POBLATS MARITIMS,1
231.0,8,2.0,2.5,40,4.95,3.96,Entire home/apt,POBLATS MARITIMS,1
108.0,4,1.0,1.0,38,4.87,3.87,Entire home/apt,POBLATS MARITIMS,1
143.0,4,1.0,1.0,39,4.69,3.79,Entire home/apt,POBLATS MARITIMS,1
113.0,4,1.0,1.0,36,4.81,3.83,Entire home/apt,POBLATS MARITIMS,1
119.0,4,1.0,1.0,41,4.76,3.8,Entire home/apt,POBLATS MARITIMS,1
120.0,2,1.0,1.0,59,4.86,1.05,Entire home/apt,CIUTAT VELLA,1
100.0,2,1.0,1.0,78,4.85,1.13,Entire home/apt,CIUTAT VELLA,1
95.0,2,1.0,1.0,46,4.87,1.15,Entire home/apt,CIUTAT VELLA,1
60.0,2,1.0,1.0,2,5.0,0.4,Entire home/apt,CIUTAT VELLA,0
150.0,4,1.0,1.0,13,4.85,4.14,Entire home/apt,POBLATS MARITIMS,0
120.0,2,1.0,1.0,72,4.9,1.04,Entire home/apt,CIUTAT VELLA,1
60.0,4,1.0,1.0,4,4.75,0.5,Entire home/apt,CIUTAT VELLA,1
150.0,5,4.0,1.0,4,4.5,3.5,Entire home/apt,POBLATS MARITIMS,0
113.0,3,1.0,2.5,11,5.0,1.16,Entire home/apt,EXTRAMURS,1
67.0,2,0.0,2.0,1,2.0,0.57,Private room,L'EIXAMPLE,0
159.0,6,2.0,1.0,24,4.5,1.12,Entire home/apt,L'EIXAMPLE,0
196.0,6,2.0,1.0,6,4.83,1.52,Entire home/apt,EL PLA DEL REAL,1
196.0,6,2.0,1.0,1,5.0,1.52,Entire home/apt,EL PLA DEL REAL,1
60.0,2,1.0,1.0,3,5.0,0.71,Entire home/apt,CIUTAT VELLA,0
132.0,4,1.0,1.0,24,4.75,1.7,Entire home/apt,L'OLIVERETA,1
180.0,4,1.0,1.0,1,4.0,2.55,Entire home/apt,CAMINS AL GRAU,0
71.0,5,2.0,1.0,20,4.9,2.21,Entire home/apt,LA SAIDIA,1
132.0,4,1.0,1.0,3,5.0,4.08,Entire home/apt,POBLATS MARITIMS,0
186.0,8,2.0,2.0,42,4.71,3.02,Entire home/apt,ALGIROS,0
149.0,6,2.0,1.0,22,4.82,1.8,Entire home/apt,QUATRE CARRERES,0
105.0,4,1.0,1.0,7,4.71,3.59,Entire home/apt,POBLATS MARITIMS,0
176.0,4,1.0,1.0,1,1.0,2.75,Entire home/apt,CAMINS AL GRAU,0
65.0,1,1.0,1.0,19,4.95,2.19,Private room,BENIMACLET,0
100.0,2,1.0,1.0,3,4.33,0.52,Entire home/apt,CIUTAT VELLA,0
157.0,2,1.0,1.0,35,4.77,0.65,Entire home/apt,CIUTAT VELLA,0
108.0,4,2.0,1.0,1,5.0,0.72,Entire home/apt,CIUTAT VELLA,0
34.0,1,1.0,2.0,1,5.0,0.63,Private room,L'EIXAMPLE,0
41.0,2,1.0,1.0,2,4.5,0.17,Private room,CIUTAT VELLA,0
101.0,4,2.0,1.0,33,4.7,4.18,Entire home/apt,POBLATS MARITIMS,1
92.0,4,1.0,1.0,23,4.83,1.21,Entire home/apt,L'EIXAMPLE,1
116.0,4,0.0,1.0,22,4.86,2.0,Entire home/apt,L'OLIVERETA,0
112.0,4,0.0,1.0,15,3.87,2.0,Entire home/apt,L'OLIVERETA,0
40.0,1,1.0,2.0,1,5.0,0.61,Private room,L'EIXAMPLE,0
52.0,1,1.0,2.0,1,4.0,0.54,Private room,L'EIXAMPLE,0
47.0,1,1.0,1.0,1,5.0,0.51,Private room,L'EIXAMPLE,0
145.0,7,3.0,2.0,10,4.8,1.11,Entire home/apt,EXTRAMURS,0
182.0,2,1.0,1.0,80,4.91,3.75,Entire home/apt,QUATRE CARRERES,1
52.0,4,2.0,1.0,2,4.5,4.27,Entire home/apt,POBLATS MARITIMS,0
196.0,8,3.0,2.0,23,4.74,1.32,Entire home/apt,QUATRE CARRERES,1
59.0,2,1.0,1.0,2,5.0,1.01,Entire home/apt,EXTRAMURS,0
120.0,4,1.0,1.0,39,4.9,0.64,Entire home/apt,EXTRAMURS,1
72.0,3,2.0,1.0,24,4.83,5.07,Entire home/apt,POBLATS DE L'OEST,1
244.0,6,3.0,1.0,33,4.85,4.37,Entire home/apt,POBLATS MARITIMS,1
41.0,2,1.0,1.0,3,4.33,2.78,Private room,CAMINS AL GRAU,0
37.0,2,0.0,0.0,23,4.83,1.53,Private room,PATRAIX,1
227.0,5,3.0,2.0,9,4.11,2.2,Entire home/apt,CAMINS AL GRAU,0
270.0,6,3.0,3.5,28,4.89,0.85,Entire home/apt,L'EIXAMPLE,1
110.0,3,1.0,1.0,13,4.54,0.62,Entire home/apt,CIUTAT VELLA,0
47.0,2,1.0,1.0,40,4.73,4.12,Private room,POBLATS MARITIMS,0
188.0,6,3.0,1.5,6,4.33,0.52,Entire home/apt,CIUTAT VELLA,0
119.0,5,2.0,2.0,36,4.89,2.26,Entire home/apt,LA SAIDIA,1
32.0,1,1.0,1.0,3,5.0,3.17,Private room,JESUS,0
104.0,4,1.0,1.0,20,4.7,1.27,Entire home/apt,L'EIXAMPLE,1
98.0,2,1.0,1.0,34,4.79,1.48,Entire home/apt,QUATRE CARRERES,0
115.0,4,1.0,1.0,3,5.0,3.63,Entire home/apt,POBLATS MARITIMS,0
153.0,6,3.0,1.0,30,4.5,1.96,Entire home/apt,EL PLA DEL REAL,0
124.0,2,1.0,1.0,48,4.71,1.71,Entire home/apt,QUATRE CARRERES,0
103.0,2,1.0,1.0,38,4.82,1.6,Entire home/apt,QUATRE CARRERES,0
99.0,4,2.0,1.0,26,4.85,2.37,Entire home/apt,QUATRE CARRERES,0
100.0,4,2.0,1.0,88,4.98,1.72,Entire home/apt,QUATRE CARRERES,1
99.0,4,1.0,1.0,34,4.82,1.27,Entire home/apt,L'EIXAMPLE,1
156.0,4,2.0,2.0,48,5.0,0.96,Entire home/apt,EXTRAMURS,1
48.0,1,1.0,1.0,29,4.9,2.5,Private room,ALGIROS,1
100.0,2,1.0,1.0,29,4.97,0.9,Entire home/apt,EXTRAMURS,1
110.0,4,1.0,1.0,55,4.78,1.12,Entire home/apt,EXTRAMURS,1
146.0,6,2.0,1.0,31,4.9,2.16,Entire home/apt,QUATRE CARRERES,1
102.0,4,1.0,1.0,25,4.88,1.27,Entire home/apt,L'EIXAMPLE,1
114.0,4,1.0,1.0,42,4.93,1.17,Entire home/apt,L'EIXAMPLE,1
113.0,2,1.0,1.0,15,4.93,0.82,Entire home/apt,L'EIXAMPLE,1
46.0,1,1.0,1.0,32,4.97,2.46,Private room,ALGIROS,1
110.0,3,1.0,1.0,48,4.85,4.03,Entire home/apt,POBLATS MARITIMS,1
100.0,4,1.0,1.0,21,4.81,1.27,Entire home/apt,L'EIXAMPLE,1
97.0,2,1.0,1.0,19,4.63,1.2,Entire home/apt,L'EIXAMPLE,1
115.0,4,2.0,1.0,6,5.0,1.13,Entire home/apt,EXTRAMURS,0
209.0,6,2.0,2.0,25,4.48,4.05,Entire home/apt,POBLATS MARITIMS,1
108.0,4,1.0,1.0,22,4.86,1.27,Entire home/apt,L'EIXAMPLE,1
102.0,4,1.0,1.0,16,4.69,1.15,Entire home/apt,L'EIXAMPLE,1
106.0,4,1.0,1.0,44,4.95,1.16,Entire home/apt,L'EIXAMPLE,1
343.0,6,2.0,2.0,50,4.8,4.4,Entire home/apt,POBLATS MARITIMS,0
54.0,2,1.0,1.0,32,4.47,1.73,Entire home/apt,JESUS,0
64.0,2,10.0,11.5,5,2.6,1.64,Private room,LA SAIDIA,0
159.0,8,3.0,2.0,30,4.7,3.54,Entire home/apt,BENICALAP,1
161.0,4,0.0,1.0,33,4.85,2.29,Entire home/apt,QUATRE CARRERES,0
161.0,4,0.0,1.0,27,4.85,2.31,Entire home/apt,QUATRE CARRERES,0
153.0,6,1.0,1.0,2,5.0,1.65,Entire home/apt,LA SAIDIA,0
84.0,2,1.0,2.0,3,5.0,1.88,Entire home/apt,PATRAIX,0
175.0,4,1.0,1.0,15,4.93,0.49,Entire home/apt,EXTRAMURS,0
103.0,4,1.0,1.0,54,4.81,1.53,Entire home/apt,EL PLA DEL REAL,1
209.0,8,3.0,2.0,51,4.9,1.27,Entire home/apt,L'EIXAMPLE,1
94.0,6,3.0,1.0,36,4.83,4.29,Entire home/apt,POBLATS MARITIMS,1
209.0,8,3.0,2.0,39,4.82,1.39,Entire home/apt,QUATRE CARRERES,1
244.0,8,3.0,2.0,25,4.88,1.27,Entire home/apt,L'EIXAMPLE,1
73.0,3,1.0,1.0,47,4.7,1.66,Entire home/apt,QUATRE CARRERES,1
199.0,8,3.0,2.0,39,4.79,1.17,Entire home/apt,L'EIXAMPLE,1
201.0,8,3.0,2.0,41,4.95,1.2,Entire home/apt,L'EIXAMPLE,1
213.0,8,3.0,2.0,42,4.95,1.27,Entire home/apt,L'EIXAMPLE,1
148.0,6,2.0,1.0,37,4.97,1.43,Entire home/apt,L'OLIVERETA,1
105.0,4,1.0,1.0,27,4.81,1.27,Entire home/apt,L'EIXAMPLE,1
140.0,4,2.0,1.0,2,5.0,12.83,Entire home/apt,POBLATS DEL SUD,0
107.0,4,1.0,1.0,32,4.97,1.27,Entire home/apt,L'EIXAMPLE,1
32.0,1,1.0,1.0,7,5.0,2.24,Private room,ALGIROS,0
97.0,3,1.0,1.0,36,4.69,2.96,Entire home/apt,ALGIROS,0
43.0,2,1.0,1.0,1,5.0,7.67,Entire home/apt,POBLATS DEL SUD,0
182.0,2,1.0,1.0,65,4.82,0.72,Entire home/apt,CIUTAT VELLA,1
41.0,2,1.0,1.0,3,4.67,1.95,Private room,ALGIROS,0
102.0,4,1.0,1.0,20,5.0,1.95,Entire home/apt,CAMPANAR,1
173.0,4,2.0,1.0,9,4.78,1.6,Entire home/apt,EL PLA DEL REAL,0
77.0,4,2.0,1.0,23,4.65,3.64,Entire home/apt,POBLATS MARITIMS,0
108.0,4,1.0,1.0,25,4.84,1.27,Entire home/apt,L'EIXAMPLE,1
112.0,4,1.0,1.0,22,4.64,1.13,Entire home/apt,L'EIXAMPLE,1
97.0,4,1.0,1.0,12,4.83,3.96,Entire home/apt,POBLATS MARITIMS,1
166.0,6,2.0,2.0,33,4.82,1.15,Entire home/apt,L'EIXAMPLE,1
155.0,6,2.0,2.0,28,4.86,1.18,Entire home/apt,L'EIXAMPLE,1
136.0,6,2.0,2.0,34,4.79,1.21,Entire home/apt,L'EIXAMPLE,1
159.0,6,2.0,2.0,45,4.89,1.19,Entire home/apt,L'EIXAMPLE,1
109.0,6,3.0,1.0,47,4.64,3.81,Entire home/apt,POBLATS MARITIMS,0
154.0,6,2.0,2.0,29,4.9,1.27,Entire home/apt,L'EIXAMPLE,1
184.0,6,2.0,2.0,47,4.83,4.15,Entire home/apt,POBLATS MARITIMS,1
168.0,6,2.0,2.0,20,4.85,1.22,Entire home/apt,L'EIXAMPLE,1
160.0,6,2.0,2.0,42,4.86,1.28,Entire home/apt,L'EIXAMPLE,1
97.0,3,1.0,1.0,23,4.61,3.25,Entire home/apt,PATRAIX,0
159.0,4,2.0,2.0,28,4.64,2.43,Entire home/apt,CAMINS AL GRAU,0
163.0,4,2.0,2.0,28,4.79,2.42,Entire home/apt,CAMINS AL GRAU,0
92.0,2,1.0,1.0,57,4.86,2.79,Entire home/apt,ALGIROS,1
48.0,1,1.0,2.0,4,4.5,3.55,Private room,POBLATS MARITIMS,0
113.0,4,3.0,1.0,2,4.0,3.69,Entire home/apt,POBLATS MARITIMS,0
63.0,2,1.0,1.0,40,4.83,2.68,Private room,ALGIROS,1
80.0,2,1.0,0.5,7,4.71,3.63,Private room,POBLATS MARITIMS,0
123.0,4,1.0,1.0,1,5.0,2.47,Private room,QUATRE CARRERES,0
108.0,3,3.0,1.0,3,4.33,4.18,Entire home/apt,POBLATS MARITIMS,0
156.0,6,2.0,1.0,12,4.92,2.47,Private room,QUATRE CARRERES,0
151.0,4,1.0,1.0,2,4.5,2.48,Private room,QUATRE CARRERES,0
110.0,4,1.0,1.0,25,4.84,1.42,Entire home/apt,QUATRE CARRERES,1
202.0,5,3.0,2.0,3,5.0,2.31,Entire home/apt,CAMINS AL GRAU,0
33.0,2,1.0,2.5,1,5.0,0.38,Private room,CIUTAT VELLA,0
64.0,2,2.0,1.0,3,5.0,3.9,Entire home/apt,POBLATS MARITIMS,0
120.0,4,1.0,1.0,14,4.79,2.15,Entire home/apt,QUATRE CARRERES,1
68.0,2,1.0,1.0,2,5.0,0.83,Entire home/apt,L'EIXAMPLE,0
125.0,4,1.0,1.0,16,4.75,2.16,Entire home/apt,QUATRE CARRERES,1
71.0,3,1.0,0.5,30,4.6,1.84,Private room,QUATRE CARRERES,0
72.0,3,0.0,1.0,13,4.77,1.92,Private room,JESUS,0
50.0,2,1.0,1.0,5,4.8,2.52,Private room,L'OLIVERETA,0
108.0,4,1.0,1.0,29,4.93,1.27,Entire home/apt,L'EIXAMPLE,1
85.0,3,1.0,1.0,37,4.78,1.68,Entire home/apt,QUATRE CARRERES,1
105.0,4,1.0,1.0,16,4.94,1.27,Entire home/apt,L'EIXAMPLE,1
82.0,3,1.0,1.0,22,4.77,1.79,Entire home/apt,QUATRE CARRERES,1
108.0,2,1.0,1.0,25,4.92,1.27,Entire home/apt,L'EIXAMPLE,1
85.0,3,1.0,1.0,23,4.83,1.66,Entire home/apt,QUATRE CARRERES,1
112.0,3,1.0,1.0,33,4.94,1.83,Entire home/apt,QUATRE CARRERES,1
100.0,4,1.0,1.0,24,4.88,1.27,Entire home/apt,L'EIXAMPLE,1
111.0,4,1.0,1.0,22,4.95,1.27,Entire home/apt,L'EIXAMPLE,1
98.0,4,1.0,1.0,28,4.86,1.18,Entire home/apt,L'EIXAMPLE,1
106.0,4,1.0,1.0,30,4.8,1.27,Entire home/apt,L'EIXAMPLE,1
72.0,2,1.0,1.0,5,4.8,2.9,Private room,CAMINS AL GRAU,0
89.0,4,1.0,1.0,66,4.82,3.46,Entire home/apt,ALGIROS,1
57.0,2,1.0,1.5,35,4.86,1.26,Private room,L'EIXAMPLE,0
119.0,4,1.0,1.0,41,4.95,1.43,Entire home/apt,QUATRE CARRERES,0
55.0,5,3.0,2.0,3,4.67,3.2,Entire home/apt,CAMINS AL GRAU,1
108.0,4,2.0,1.0,18,4.94,1.65,Entire home/apt,QUATRE CARRERES,0
107.0,6,1.0,1.0,7,4.71,2.5,Entire home/apt,CAMINS AL GRAU,1
55.0,2,1.0,1.0,55,4.62,2.97,Private room,JESUS,0
136.0,3,2.0,2.0,1,5.0,0.95,Entire home/apt,L'EIXAMPLE,0
80.0,4,3.0,2.0,14,4.79,2.28,Entire home/apt,CAMPANAR,1
98.0,2,1.0,1.0,64,4.8,3.15,Entire home/apt,CAMINS AL GRAU,0
200.0,4,1.0,1.0,14,3.79,1.32,Entire home/apt,LA SAIDIA,0
177.0,6,3.0,2.0,27,4.81,1.27,Entire home/apt,L'EIXAMPLE,1
240.0,6,2.0,2.0,3,3.67,1.05,Entire home/apt,EXTRAMURS,0
258.0,6,2.0,1.0,7,4.14,1.32,Entire home/apt,LA SAIDIA,0
98.0,4,1.0,1.0,43,4.77,0.55,Entire home/apt,EXTRAMURS,1
151.0,6,2.0,2.0,25,4.96,1.17,Entire home/apt,L'EIXAMPLE,1
115.0,3,0.0,1.0,17,4.82,1.16,Entire home/apt,L'EIXAMPLE,1
32.0,1,1.0,3.0,26,4.73,4.36,Private room,POBLATS MARITIMS,0
85.0,2,1.0,1.0,67,4.78,3.2,Entire home/apt,CAMINS AL GRAU,0
96.0,2,1.0,1.0,51,4.75,3.3,Entire home/apt,CAMINS AL GRAU,0
161.0,4,2.0,2.0,30,4.73,2.24,Entire home/apt,CAMINS AL GRAU,0
122.0,4,1.0,1.0,30,4.63,3.97,Entire home/apt,POBLATS MARITIMS,0
156.0,4,2.0,2.0,30,4.7,2.37,Entire home/apt,CAMINS AL GRAU,0
64.0,2,0.0,1.0,6,4.67,3.85,Private room,POBLATS MARITIMS,0
108.0,3,1.0,1.0,15,4.6,2.53,Entire home/apt,CAMINS AL GRAU,0
91.0,4,0.0,1.0,5,5.0,2.3,Entire home/apt,CAMINS AL GRAU,1
60.0,2,1.0,1.0,4,4.75,6.25,Private room,POBLATS DEL SUD,0
121.0,3,1.0,1.0,3,4.67,2.51,Entire home/apt,QUATRE CARRERES,0
95.0,4,0.0,1.0,11,4.64,2.36,Entire home/apt,CAMINS AL GRAU,1
33.0,1,1.0,1.0,9,4.67,2.42,Private room,L'OLIVERETA,0
38.0,2,1.0,2.0,72,4.58,1.99,Private room,ALGIROS,0
38.0,2,1.0,1.0,26,4.96,1.52,Private room,PATRAIX,0
62.0,2,1.0,2.0,4,5.0,3.23,Private room,CAMINS AL GRAU,0
105.0,4,2.0,1.0,43,4.7,3.81,Entire home/apt,POBLATS MARITIMS,0
63.0,4,0.0,1.0,23,4.39,1.53,Entire home/apt,QUATRE CARRERES,0
62.0,2,1.0,1.0,14,4.93,2.62,Private room,ALGIROS,1
79.0,2,0.0,1.0,7,4.86,3.01,Entire home/apt,RASCANYA,1
103.0,2,1.0,1.0,45,4.89,0.53,Entire home/apt,EXTRAMURS,1
38.0,2,1.0,2.0,84,4.54,1.99,Private room,ALGIROS,0
34.0,2,1.0,1.0,65,4.72,1.92,Private room,JESUS,0
94.0,4,1.0,1.0,62,4.65,4.23,Entire home/apt,POBLATS MARITIMS,0
75.0,4,0.0,1.0,21,4.57,2.44,Entire home/apt,CAMINS AL GRAU,0
85.0,4,1.0,1.0,7,4.43,2.46,Entire home/apt,CAMINS AL GRAU,0
80.0,4,0.0,1.0,21,4.81,2.47,Entire home/apt,CAMINS AL GRAU,0
54.0,2,1.0,2.0,2,5.0,1.93,Private room,CAMINS AL GRAU,0
95.0,3,3.0,1.0,48,4.75,1.46,Entire home/apt,LA SAIDIA,0
107.0,3,0.0,1.0,29,4.9,3.73,Entire home/apt,POBLATS MARITIMS,1
80.0,4,3.0,2.0,1,5.0,22.22,Entire home/apt,POBLATS DEL SUD,0
104.0,4,1.0,1.0,8,4.63,1.99,Entire home/apt,CAMINS AL GRAU,0
96.0,4,1.0,1.0,11,4.09,2.0,Entire home/apt,CAMINS AL GRAU,0
115.0,4,1.0,1.0,36,4.97,1.39,Entire home/apt,QUATRE CARRERES,0
101.0,3,0.0,1.0,45,4.93,3.73,Entire home/apt,POBLATS MARITIMS,1
105.0,3,0.0,1.0,38,4.95,3.72,Entire home/apt,POBLATS MARITIMS,1
114.0,4,2.0,2.0,59,4.53,0.66,Entire home/apt,CIUTAT VELLA,0
156.0,4,1.0,1.0,1,4.0,0.79,Entire home/apt,L'EIXAMPLE,0
101.0,2,0.0,1.0,36,4.78,3.73,Entire home/apt,POBLATS MARITIMS,1
127.0,5,0.0,1.0,19,4.89,3.73,Entire home/apt,POBLATS MARITIMS,1
112.0,5,1.0,1.0,3,4.67,3.15,Entire home/apt,CAMINS AL GRAU,0
64.0,2,1.0,0.5,17,4.88,1.08,Private room,L'EIXAMPLE,0
63.0,4,1.0,1.0,2,5.0,2.1,Private room,JESUS,0
105.0,2,1.0,1.0,132,4.95,3.09,Entire home/apt,RASCANYA,1
48.0,1,0.0,2.0,1,5.0,3.57,Private room,POBLATS MARITIMS,0
69.0,4,2.0,2.0,42,4.57,0.29,Entire home/apt,CIUTAT VELLA,0
84.0,2,1.0,1.0,4,5.0,2.51,Entire home/apt,BENIMACLET,0
88.0,4,1.0,1.0,10,4.8,1.97,Entire home/apt,ALGIROS,1
108.0,2,1.0,1.0,1,4.0,3.57,Private room,POBLATS MARITIMS,0
48.0,2,1.0,1.0,3,4.67,0.92,Private room,EXTRAMURS,0
58.0,4,1.0,1.0,5,3.8,0.9,Private room,EXTRAMURS,0
70.0,3,1.0,1.0,3,4.33,2.04,Entire home/apt,LA SAIDIA,0
139.0,4,1.0,1.0,9,4.89,2.46,Entire home/apt,ALGIROS,1
107.0,4,1.0,1.0,20,5.0,1.03,Entire home/apt,CIUTAT VELLA,0
115.0,4,1.0,1.0,3,5.0,2.18,Entire home/apt,CAMINS AL GRAU,1
37.0,2,1.0,1.0,46,4.93,2.51,Private room,JESUS,1
120.0,4,1.0,1.0,26,4.81,3.81,Entire home/apt,POBLATS MARITIMS,0
99.0,2,1.0,0.5,29,4.55,4.39,Entire home/apt,POBLATS MARITIMS,0
49.0,2,1.0,1.0,3,4.67,3.1,Private room,ALGIROS,0
32.0,2,1.0,1.0,29,4.38,2.62,Private room,ALGIROS,0
87.0,4,1.0,1.0,40,4.55,3.98,Entire home/apt,POBLATS MARITIMS,0
103.0,2,1.0,1.0,4,4.75,0.35,Private room,CIUTAT VELLA,0
125.0,4,1.0,1.0,6,5.0,0.57,Entire home/apt,EXTRAMURS,1
60.0,2,1.0,1.0,1,5.0,0.32,Private room,CIUTAT VELLA,0
159.0,5,2.0,1.0,11,5.0,0.57,Entire home/apt,EXTRAMURS,1
357.0,6,3.0,2.0,5,4.8,0.57,Entire home/apt,EXTRAMURS,1
120.0,2,1.0,1.0,9,4.78,1.63,Entire home/apt,EL PLA DEL REAL,0
238.0,6,2.0,2.0,6,5.0,2.52,Entire home/apt,CAMINS AL GRAU,1
93.0,2,0.0,1.0,33,4.91,3.73,Entire home/apt,POBLATS MARITIMS,1
127.0,6,2.0,1.0,8,4.63,1.72,Entire home/apt,QUATRE CARRERES,0
118.0,4,0.0,1.0,6,4.83,1.54,Entire home/apt,LA SAIDIA,0
139.0,5,2.0,2.0,29,4.69,2.63,Entire home/apt,CAMINS AL GRAU,0
133.0,3,1.0,1.0,5,4.8,0.55,Entire home/apt,L'EIXAMPLE,0
280.0,6,3.0,2.0,14,4.64,0.75,Entire home/apt,L'EIXAMPLE,0
184.0,8,3.0,2.0,37,4.78,1.64,Entire home/apt,PATRAIX,1
104.0,4,0.0,1.0,39,4.67,1.74,Entire home/apt,PATRAIX,1
117.0,4,1.0,1.0,7,4.86,3.34,Entire home/apt,POBLATS MARITIMS,1
130.0,5,2.0,2.0,3,5.0,0.44,Entire home/apt,CIUTAT VELLA,1
125.0,4,0.0,1.0,27,4.96,3.73,Entire home/apt,POBLATS MARITIMS,1
60.0,16,1.0,4.0,5,4.2,1.18,Private room,L'EIXAMPLE,0
125.0,2,1.0,1.0,62,4.79,2.84,Entire home/apt,CAMINS AL GRAU,0
108.0,4,2.0,2.0,23,4.87,1.53,Entire home/apt,EL PLA DEL REAL,1
141.0,4,2.0,2.0,4,4.5,1.54,Entire home/apt,JESUS,1
118.0,4,1.0,1.0,2,5.0,1.66,Entire home/apt,PATRAIX,1
115.0,3,1.0,1.0,13,4.54,4.09,Entire home/apt,POBLATS MARITIMS,0
108.0,2,1.0,1.0,6,4.83,2.93,Entire home/apt,CAMINS AL GRAU,0
98.0,4,2.0,2.5,1,5.0,0.83,Entire home/apt,L'EIXAMPLE,0
100.0,6,3.0,1.0,38,4.68,3.99,Entire home/apt,POBLATS MARITIMS,0
91.0,3,2.0,1.0,1,5.0,1.72,Entire home/apt,PATRAIX,0
122.0,6,2.0,1.5,4,3.75,3.06,Entire home/apt,CAMINS AL GRAU,0
84.0,2,1.0,1.0,5,4.4,2.11,Entire home/apt,ALGIROS,0
50.0,1,2.0,1.0,1,5.0,2.15,Private room,L'OLIVERETA,0
112.0,4,1.0,1.0,17,4.88,4.32,Entire home/apt,POBLATS MARITIMS,0
79.0,4,1.0,1.0,2,4.5,4.3,Entire home/apt,POBLATS MARITIMS,0
60.0,1,0.0,1.0,13,4.62,1.7,Private room,LA SAIDIA,0
70.0,2,1.0,1.0,9,5.0,1.5,Private room,QUATRE CARRERES,1
69.0,4,3.0,1.5,2,5.0,0.9,Entire home/apt,EXTRAMURS,0
31.0,1,1.0,2.0,67,4.64,2.08,Private room,ALGIROS,0
118.0,3,1.0,1.0,6,4.83,4.09,Entire home/apt,POBLATS MARITIMS,0
100.0,2,1.0,1.0,15,4.47,4.09,Entire home/apt,POBLATS MARITIMS,0
109.0,3,1.0,1.0,25,4.76,4.09,Entire home/apt,POBLATS MARITIMS,0
100.0,2,1.0,1.0,32,4.69,4.09,Entire home/apt,POBLATS MARITIMS,0
129.0,4,1.0,1.0,42,4.88,3.18,Entire home/apt,ALGIROS,0
129.0,4,1.0,1.0,29,4.97,3.17,Entire home/apt,ALGIROS,0
137.0,6,2.0,2.0,36,4.61,1.17,Entire home/apt,L'EIXAMPLE,1
133.0,5,1.0,1.0,26,4.92,3.17,Entire home/apt,ALGIROS,0
113.0,4,1.0,1.0,33,4.97,3.18,Entire home/apt,ALGIROS,0
283.0,6,2.0,2.0,4,5.0,1.03,Entire home/apt,L'EIXAMPLE,0
105.0,4,1.0,1.0,21,4.86,3.17,Entire home/apt,ALGIROS,0
225.0,9,4.0,2.0,2,5.0,3.46,Entire home/apt,POBLATS MARITIMS,1
108.0,4,1.0,1.0,35,4.89,1.33,Entire home/apt,JESUS,1
239.0,4,2.0,1.0,2,4.5,0.31,Entire home/apt,CIUTAT VELLA,0
241.0,7,2.0,2.0,3,4.67,0.32,Entire home/apt,CIUTAT VELLA,0
36.0,1,1.0,1.0,39,4.87,1.99,Private room,QUATRE CARRERES,1
41.0,2,1.0,1.0,16,4.81,2.79,Private room,ALGIROS,0
122.0,4,1.0,1.0,31,4.35,4.32,Entire home/apt,POBLATS MARITIMS,0
203.0,6,4.0,2.0,17,4.82,2.82,Entire home/apt,CAMINS AL GRAU,1
30.0,1,1.0,2.0,5,4.8,1.71,Private room,QUATRE CARRERES,0
85.0,2,1.0,1.0,20,4.5,2.53,Entire home/apt,QUATRE CARRERES,0
121.0,4,1.0,1.0,43,5.0,1.3,Entire home/apt,LA SAIDIA,1
118.0,4,1.0,1.0,4,5.0,1.45,Entire home/apt,PATRAIX,0
34.0,2,1.0,2.0,9,4.22,1.71,Private room,QUATRE CARRERES,0
92.0,2,1.0,1.0,31,4.58,3.94,Entire home/apt,POBLATS MARITIMS,0
82.0,3,2.0,1.0,10,4.8,4.01,Entire home/apt,POBLATS MARITIMS,0
218.0,4,1.0,1.0,1,5.0,0.83,Entire home/apt,L'EIXAMPLE,0
85.0,2,1.0,1.0,30,4.63,2.41,Entire home/apt,QUATRE CARRERES,0
104.0,5,3.0,1.0,24,4.5,2.53,Entire home/apt,RASCANYA,0
119.0,4,2.0,1.5,22,4.73,4.01,Entire home/apt,POBLATS MARITIMS,0
280.0,5,4.0,2.0,1,5.0,2.71,Entire home/apt,ALGIROS,1
186.0,5,3.0,2.0,15,4.73,0.84,Entire home/apt,L'EIXAMPLE,1
85.0,2,1.0,1.0,31,4.55,2.58,Entire home/apt,QUATRE CARRERES,0
96.0,2,1.0,1.0,29,4.69,2.42,Entire home/apt,CAMINS AL GRAU,0
84.0,4,1.0,1.0,8,4.88,2.39,Entire home/apt,RASCANYA,1
74.0,4,2.0,1.0,79,4.39,1.46,Entire home/apt,QUATRE CARRERES,0
128.0,4,1.0,2.0,11,4.36,2.21,Entire home/apt,ALGIROS,0
270.0,5,4.0,2.0,8,5.0,2.68,Entire home/apt,CAMINS AL GRAU,0
77.0,5,3.0,2.0,29,4.86,4.46,Entire home/apt,POBLATS MARITIMS,0
223.0,5,2.0,1.0,43,4.79,2.35,Entire home/apt,CAMINS AL GRAU,0
221.0,5,2.0,1.0,27,4.74,2.5,Entire home/apt,ALGIROS,0
80.0,4,1.0,1.0,15,4.93,1.59,Entire home/apt,L'OLIVERETA,1
96.0,2,1.0,1.0,33,4.88,1.55,Entire home/apt,QUATRE CARRERES,0
166.0,4,3.0,1.0,13,5.0,4.46,Entire home/apt,POBLATS MARITIMS,1
108.0,5,2.0,1.0,3,4.67,1.72,Entire home/apt,LA SAIDIA,0
43.0,2,1.0,1.0,20,4.85,4.29,Private room,POBLATS MARITIMS,1
96.0,2,1.0,1.0,32,4.28,0.36,Entire home/apt,CIUTAT VELLA,0
72.0,6,3.0,2.0,2,5.0,2.17,Entire home/apt,CAMINS AL GRAU,0
84.0,4,0.0,1.0,22,4.68,4.01,Entire home/apt,POBLATS MARITIMS,0
131.0,4,0.0,1.0,13,4.62,1.77,Entire home/apt,PATRAIX,0
130.0,6,2.0,2.0,36,4.97,2.85,Entire home/apt,RASCANYA,1
125.0,6,4.0,2.0,3,4.67,2.32,Entire home/apt,CAMINS AL GRAU,0
59.0,2,1.0,1.0,69,4.42,0.94,Entire home/apt,CIUTAT VELLA,0
164.0,4,2.0,1.0,4,4.75,2.48,Entire home/apt,CAMPANAR,0
150.0,6,3.0,1.0,29,4.79,2.03,Entire home/apt,QUATRE CARRERES,1
38.0,3,1.0,1.0,3,3.67,2.4,Entire home/apt,ALGIROS,0
82.0,4,1.0,1.0,35,4.6,1.68,Entire home/apt,EL PLA DEL REAL,0
48.0,2,1.0,1.0,3,4.33,2.17,Private room,QUATRE CARRERES,0
64.0,5,3.0,1.0,4,4.25,1.67,Entire home/apt,EL PLA DEL REAL,0
50.0,5,1.0,5.0,6,4.0,1.46,Private room,QUATRE CARRERES,0
60.0,2,1.0,1.0,60,4.58,0.86,Entire home/apt,CIUTAT VELLA,0
132.0,6,3.0,1.0,13,4.92,1.89,Entire home/apt,CAMINS AL GRAU,0
37.0,2,1.0,1.0,29,4.28,0.73,Private room,EXTRAMURS,0
47.0,1,1.0,1.0,111,4.92,0.96,Private room,EXTRAMURS,1
59.0,1,1.0,1.0,33,5.0,2.42,Private room,CAMINS AL GRAU,0
358.0,10,4.0,2.0,6,5.0,2.38,Entire home/apt,ALGIROS,0
48.0,2,1.0,1.0,2,5.0,1.06,Private room,L'EIXAMPLE,0
126.0,5,4.0,1.0,14,4.14,3.29,Entire home/apt,POBLATS MARITIMS,0
73.0,4,2.0,1.0,35,4.83,1.92,Entire home/apt,PATRAIX,1
174.0,6,2.0,1.0,6,5.0,0.68,Entire home/apt,EXTRAMURS,1
41.0,2,1.0,1.0,31,4.68,1.71,Private room,QUATRE CARRERES,0
143.0,4,2.0,1.0,1,5.0,0.74,Entire home/apt,L'EIXAMPLE,0
54.0,2,4.0,1.0,2,4.5,2.24,Private room,BENIMACLET,0
97.0,3,1.0,1.0,23,4.96,3.0,Entire home/apt,ALGIROS,0
105.0,3,1.0,1.0,5,5.0,1.48,Entire home/apt,QUATRE CARRERES,0
127.0,3,1.0,1.0,4,4.25,1.48,Entire home/apt,QUATRE CARRERES,0
32.0,1,1.0,1.0,8,5.0,3.78,Private room,POBLATS MARITIMS,1
44.0,1,1.0,1.0,1,4.0,2.22,Private room,QUATRE CARRERES,0
80.0,3,1.0,2.0,3,4.67,1.59,Private room,JESUS,0
101.0,3,2.0,1.0,8,4.75,0.32,Entire home/apt,CIUTAT VELLA,0
75.0,2,1.0,1.0,54,4.65,4.52,Entire home/apt,POBLATS MARITIMS,0
120.0,4,1.0,1.0,31,4.74,1.1,Entire home/apt,CIUTAT VELLA,0
80.0,3,1.0,1.0,30,4.93,3.0,Entire home/apt,ALGIROS,0
75.0,2,1.0,1.0,18,4.94,0.85,Private room,L'EIXAMPLE,1
124.0,4,1.0,1.0,15,4.8,1.48,Entire home/apt,QUATRE CARRERES,0
95.0,4,1.0,1.0,50,4.94,4.48,Entire home/apt,POBLATS MARITIMS,1
75.0,3,1.0,1.0,17,4.82,1.89,Entire home/apt,CAMINS AL GRAU,0
61.0,6,3.0,1.0,15,4.8,2.88,Entire home/apt,CAMINS AL GRAU,0
115.0,4,1.0,1.0,20,4.5,4.13,Entire home/apt,POBLATS MARITIMS,0
95.0,8,3.0,2.0,18,4.78,3.87,Entire home/apt,POBLATS MARITIMS,0
152.0,6,3.0,1.5,7,5.0,22.22,Entire home/apt,POBLATS DEL SUD,0
93.0,3,0.0,1.0,20,4.7,1.43,Entire home/apt,QUATRE CARRERES,0
82.0,3,0.0,1.0,3,4.0,1.31,Entire home/apt,QUATRE CARRERES,0
71.0,3,0.0,1.0,24,4.46,1.45,Entire home/apt,QUATRE CARRERES,0
116.0,3,0.0,1.0,4,4.5,1.36,Entire home/apt,QUATRE CARRERES,0
94.0,3,0.0,1.0,2,5.0,1.44,Entire home/apt,QUATRE CARRERES,0
91.0,3,0.0,1.0,4,4.75,1.37,Entire home/apt,QUATRE CARRERES,0
102.0,3,0.0,1.0,9,4.33,1.28,Entire home/apt,L'EIXAMPLE,0
117.0,4,1.0,1.0,1,5.0,3.77,Entire home/apt,POBLATS MARITIMS,0
80.0,3,0.0,1.0,38,4.42,1.24,Entire home/apt,L'EIXAMPLE,0
77.0,4,1.0,1.0,11,4.91,1.91,Entire home/apt,EL PLA DEL REAL,1
91.0,3,0.0,1.0,3,3.33,1.52,Entire home/apt,QUATRE CARRERES,0
127.0,3,1.0,1.0,7,4.43,1.48,Entire home/apt,QUATRE CARRERES,0
37.0,4,1.0,5.0,6,4.5,1.21,Private room,L'EIXAMPLE,0
69.0,4,3.0,1.0,2,3.0,3.24,Entire home/apt,CAMINS AL GRAU,0
53.0,3,2.0,1.0,12,4.83,3.29,Private room,JESUS,1
88.0,5,2.0,1.0,60,4.67,4.29,Entire home/apt,POBLATS MARITIMS,0
93.0,2,1.0,1.0,1,5.0,1.94,Entire home/apt,EL PLA DEL REAL,1
105.0,2,1.0,2.0,5,4.6,3.86,Entire home/apt,POBLATS MARITIMS,0
49.0,2,0.0,1.0,1,5.0,1.45,Private room,QUATRE CARRERES,0
230.0,2,1.0,1.0,36,4.94,0.36,Entire home/apt,CIUTAT VELLA,1
97.0,4,1.0,1.0,4,4.0,2.12,Entire home/apt,BENIMACLET,0
36.0,1,1.0,1.0,15,4.87,1.74,Private room,EL PLA DEL REAL,1
144.0,6,3.0,1.0,5,5.0,4.31,Entire home/apt,POBLATS MARITIMS,0
132.0,4,2.0,1.0,19,4.68,0.26,Entire home/apt,CIUTAT VELLA,1
73.0,2,1.0,1.0,57,4.39,0.31,Entire home/apt,EXTRAMURS,0
115.0,4,1.0,1.0,3,4.67,1.35,Entire home/apt,QUATRE CARRERES,0
95.0,4,1.0,1.0,5,4.6,3.59,Entire home/apt,POBLATS MARITIMS,0
127.0,4,2.0,1.0,1,5.0,13.78,Entire home/apt,POBLATS DEL SUD,0
72.0,2,1.0,1.0,33,4.48,0.51,Entire home/apt,CIUTAT VELLA,0
106.0,4,1.0,1.0,7,5.0,3.59,Entire home/apt,POBLATS MARITIMS,0
36.0,1,1.0,2.0,31,4.97,3.69,Private room,POBLATS MARITIMS,1
56.0,1,1.0,1.0,3,4.0,0.38,Private room,CIUTAT VELLA,0
75.0,2,1.0,1.0,2,5.0,2.89,Private room,ALGIROS,1
109.0,4,1.0,1.0,8,4.75,14.23,Entire home/apt,POBLATS DEL SUD,1
167.0,4,2.0,1.0,10,4.6,4.12,Entire home/apt,POBLATS MARITIMS,0
144.0,2,0.0,1.0,8,4.75,3.7,Entire home/apt,POBLATS MARITIMS,0
112.0,4,2.0,1.0,8,5.0,5.45,Entire home/apt,POBLATS DE L'OEST,0
141.0,4,0.0,1.0,16,4.94,4.03,Entire home/apt,POBLATS MARITIMS,0
148.0,3,1.0,1.0,26,4.92,0.86,Entire home/apt,L'EIXAMPLE,0
148.0,3,1.0,1.0,10,4.7,0.88,Entire home/apt,L'EIXAMPLE,0
155.0,3,1.0,1.0,7,4.43,0.82,Entire home/apt,L'EIXAMPLE,0
97.0,4,1.0,1.0,10,4.8,0.95,Entire home/apt,CIUTAT VELLA,0
88.0,4,1.0,1.0,5,4.8,3.95,Entire home/apt,POBLATS MARITIMS,0
228.0,5,2.0,2.0,23,4.91,4.12,Entire home/apt,POBLATS MARITIMS,0
175.0,4,1.0,2.0,6,4.83,4.04,Entire home/apt,POBLATS MARITIMS,0
45.0,1,1.0,1.0,27,4.85,2.38,Private room,ALGIROS,1
148.0,4,2.0,1.0,1,5.0,0.76,Entire home/apt,EXTRAMURS,0
53.0,2,1.0,1.0,6,4.83,1.49,Entire home/apt,QUATRE CARRERES,0
197.0,4,2.0,1.0,12,5.0,4.12,Entire home/apt,POBLATS MARITIMS,0
219.0,4,2.0,2.0,57,4.74,0.31,Entire home/apt,CIUTAT VELLA,0
89.0,4,1.0,1.0,80,4.96,1.18,Entire home/apt,EXTRAMURS,1
105.0,4,1.0,1.0,1,4.0,2.12,Entire home/apt,BENIMACLET,0
139.0,4,1.0,1.0,21,4.48,1.62,Entire home/apt,LA SAIDIA,1
48.0,1,1.0,2.0,2,3.5,2.17,Private room,ALGIROS,0
354.0,8,3.0,2.0,47,4.96,1.5,Entire home/apt,QUATRE CARRERES,1
77.0,2,1.0,1.0,2,5.0,2.39,Private room,CAMINS AL GRAU,0
91.0,4,1.0,1.0,64,4.94,0.93,Entire home/apt,EXTRAMURS,1
54.0,2,1.0,1.0,6,5.0,4.24,Private room,POBLATS MARITIMS,1
43.0,1,1.0,1.0,8,4.5,2.6,Private room,PATRAIX,0
32.0,16,1.0,1.0,10,4.6,1.32,Private room,L'EIXAMPLE,0
139.0,5,2.0,1.0,53,4.72,0.89,Entire home/apt,CIUTAT VELLA,1
115.0,3,2.0,1.0,7,4.71,1.14,Entire home/apt,CIUTAT VELLA,1
100.0,3,1.0,1.0,22,4.82,1.66,Entire home/apt,JESUS,1
132.0,4,1.0,1.0,5,4.8,2.27,Entire home/apt,CAMINS AL GRAU,1
89.0,2,1.0,1.0,5,5.0,2.07,Entire home/apt,CAMINS AL GRAU,0
111.0,4,1.0,1.0,4,5.0,1.97,Entire home/apt,CAMINS AL GRAU,0
157.0,6,3.0,1.0,5,5.0,1.97,Entire home/apt,ALGIROS,0
92.0,4,1.0,1.0,57,4.89,1.11,Entire home/apt,EXTRAMURS,1
248.0,4,3.0,1.0,1,5.0,4.37,Entire home/apt,POBLATS MARITIMS,0
138.0,4,1.0,1.0,4,4.5,1.85,Entire home/apt,QUATRE CARRERES,0
139.0,4,1.0,1.0,15,4.4,1.66,Entire home/apt,QUATRE CARRERES,0
199.0,4,1.0,1.0,3,4.33,1.7,Entire home/apt,QUATRE CARRERES,0
181.0,4,1.0,1.0,10,4.8,1.66,Entire home/apt,QUATRE CARRERES,0
126.0,4,1.0,1.0,2,4.5,1.88,Entire home/apt,QUATRE CARRERES,0
148.0,4,1.0,1.0,2,4.5,1.65,Entire home/apt,QUATRE CARRERES,0
171.0,6,3.0,2.0,16,4.44,0.1,Entire home/apt,CIUTAT VELLA,0
109.0,3,0.0,1.0,3,5.0,2.12,Entire home/apt,BENIMACLET,0
109.0,3,0.0,1.0,1,4.0,2.12,Entire home/apt,BENIMACLET,0
92.0,3,1.0,2.0,56,4.8,2.46,Entire home/apt,ALGIROS,0
90.0,3,0.0,1.0,7,4.71,1.42,Entire home/apt,QUATRE CARRERES,0
35.0,1,1.0,1.0,1,3.0,1.97,Private room,QUATRE CARRERES,0
44.0,2,1.0,1.0,15,4.33,1.97,Private room,QUATRE CARRERES,0
116.0,6,1.0,2.0,2,4.0,2.1,Entire home/apt,BENIMACLET,0
53.0,4,1.0,2.0,2,5.0,2.14,Private room,BENIMACLET,0
43.0,2,1.0,1.0,12,4.0,2.05,Private room,QUATRE CARRERES,0
82.0,3,1.0,1.0,34,4.62,1.35,Entire home/apt,LA SAIDIA,1
83.0,6,2.0,1.0,48,4.79,3.09,Entire home/apt,QUATRE CARRERES,0
100.0,6,2.0,1.0,46,4.83,3.1,Entire home/apt,QUATRE CARRERES,0
98.0,3,1.0,1.0,26,4.85,1.68,Entire home/apt,JESUS,1
155.0,4,2.0,1.0,3,5.0,1.15,Entire home/apt,EXTRAMURS,0
112.0,4,1.0,1.0,13,4.92,2.33,Entire home/apt,CAMINS AL GRAU,1
144.0,5,3.0,2.0,1,5.0,1.37,Entire home/apt,L'EIXAMPLE,0
122.0,4,1.0,1.0,5,4.8,4.4,Entire home/apt,POBLATS MARITIMS,0
41.0,2,1.0,1.0,19,4.68,1.45,Private room,PATRAIX,0
180.0,4,1.0,1.0,6,4.83,3.63,Entire home/apt,POBLATS MARITIMS,0
53.0,4,1.0,1.0,42,4.69,4.39,Private room,POBLATS MARITIMS,0
33.0,1,1.0,1.0,1,5.0,2.1,Private room,QUATRE CARRERES,0
71.0,2,1.0,1.0,30,4.87,2.64,Entire home/apt,CAMINS AL GRAU,0
58.0,2,1.0,2.0,37,4.41,2.21,Private room,ALGIROS,0
142.0,6,2.0,1.0,22,4.91,3.36,Entire home/apt,BENICALAP,1
65.0,3,2.0,2.0,2,5.0,1.37,Entire home/apt,QUATRE CARRERES,0
75.0,4,3.0,2.0,3,5.0,1.18,Entire home/apt,L'EIXAMPLE,0
50.0,2,1.0,1.0,1,5.0,1.39,Entire home/apt,QUATRE CARRERES,0
202.0,2,1.0,1.0,13,5.0,1.61,Entire home/apt,EXTRAMURS,0
38.0,1,1.0,1.0,22,4.91,2.07,Private room,QUATRE CARRERES,0
56.0,2,2.0,1.0,4,5.0,0.84,Entire home/apt,EXTRAMURS,0
114.0,6,3.0,1.0,26,4.77,1.42,Entire home/apt,CIUTAT VELLA,0
150.0,5,3.0,2.0,1,5.0,1.69,Entire home/apt,QUATRE CARRERES,0
35.0,2,1.0,1.0,22,4.32,1.36,Private room,EL PLA DEL REAL,0
145.0,4,1.0,1.0,2,5.0,4.14,Entire home/apt,POBLATS MARITIMS,1
40.0,1,1.0,1.0,22,4.91,4.02,Private room,POBLATS MARITIMS,0
36.0,2,1.0,1.0,22,4.82,1.86,Private room,LA SAIDIA,0
53.0,2,1.0,1.0,32,4.97,1.77,Private room,QUATRE CARRERES,1
104.0,3,1.0,1.0,42,4.81,3.82,Entire home/apt,POBLATS MARITIMS,1
108.0,5,2.0,1.5,4,5.0,0.14,Entire home/apt,CIUTAT VELLA,0
53.0,2,1.0,1.0,39,4.82,1.78,Private room,QUATRE CARRERES,0
70.0,6,2.0,1.0,1,5.0,1.85,Entire home/apt,CAMINS AL GRAU,0
126.0,3,1.0,1.0,1,5.0,2.37,Entire home/apt,LA SAIDIA,1
126.0,4,1.0,1.0,7,5.0,2.35,Entire home/apt,LA SAIDIA,1
126.0,4,1.0,1.0,4,4.75,2.12,Entire home/apt,LA SAIDIA,1
142.0,2,1.0,1.0,12,4.92,4.22,Entire home/apt,POBLATS MARITIMS,1
72.0,3,1.0,1.0,7,3.0,1.63,Entire home/apt,JESUS,0
32.0,4,1.0,5.0,17,4.18,1.75,Private room,QUATRE CARRERES,0
71.0,2,0.0,1.0,1,5.0,0.76,Entire home/apt,L'EIXAMPLE,1
68.0,3,1.0,1.0,6,4.67,0.76,Entire home/apt,L'EIXAMPLE,0
45.0,3,0.0,1.0,1,4.0,0.9,Entire home/apt,EXTRAMURS,0
48.0,3,0.0,1.0,2,4.0,0.87,Entire home/apt,EXTRAMURS,0
47.0,3,1.0,1.0,3,4.33,1.74,Entire home/apt,CAMPANAR,0
74.0,4,2.0,1.0,2,5.0,1.78,Entire home/apt,CAMPANAR,0
147.0,6,2.0,2.0,31,4.9,1.72,Entire home/apt,QUATRE CARRERES,1
233.0,7,5.0,2.0,1,5.0,2.4,Entire home/apt,CAMINS AL GRAU,0
127.0,5,2.0,2.0,5,5.0,2.76,Entire home/apt,QUATRE CARRERES,0
179.0,5,2.0,2.0,4,4.75,1.54,Entire home/apt,PATRAIX,1
115.0,3,1.0,1.0,51,4.84,1.58,Entire home/apt,PATRAIX,1
39.0,2,1.0,1.0,15,4.93,3.81,Private room,POBLATS MARITIMS,1
137.0,2,1.0,1.0,40,4.73,0.1,Private room,CIUTAT VELLA,1
165.0,4,1.0,1.0,5,5.0,1.66,Entire home/apt,QUATRE CARRERES,0
129.0,2,1.0,1.0,2,4.0,0.14,Private room,CIUTAT VELLA,1
160.0,3,1.0,1.0,25,4.88,0.14,Private room,CIUTAT VELLA,1
152.0,3,1.0,1.0,10,4.9,0.14,Private room,CIUTAT VELLA,1
108.0,6,3.0,1.0,6,4.83,4.5,Entire home/apt,POBLATS MARITIMS,0
141.0,3,1.0,1.0,3,4.33,3.2,Entire home/apt,CAMINS AL GRAU,0
77.0,3,1.0,1.0,2,5.0,2.89,Private room,CAMINS AL GRAU,0
87.0,2,0.0,1.0,32,4.66,0.66,Entire home/apt,CIUTAT VELLA,0
149.0,4,1.0,1.0,6,4.5,0.93,Entire home/apt,CIUTAT VELLA,0
136.0,4,1.0,1.0,6,5.0,0.93,Entire home/apt,CIUTAT VELLA,0
43.0,2,1.0,0.5,9,4.56,1.84,Private room,JESUS,0
45.0,3,1.0,1.0,48,4.79,1.5,Private room,L'OLIVERETA,1
301.0,4,1.0,1.5,16,5.0,2.36,Entire home/apt,QUATRE CARRERES,1
225.0,6,2.0,1.0,3,5.0,2.35,Entire home/apt,CAMINS AL GRAU,0
75.0,2,1.0,1.0,11,5.0,3.11,Entire home/apt,ALGIROS,0
117.0,4,1.0,1.0,28,5.0,1.41,Entire home/apt,PATRAIX,1
118.0,2,0.0,1.0,20,4.8,2.0,Entire home/apt,QUATRE CARRERES,0
80.0,4,1.0,1.0,2,5.0,1.85,Entire home/apt,QUATRE CARRERES,0
121.0,2,0.0,1.0,21,4.81,2.05,Entire home/apt,QUATRE CARRERES,0
89.0,2,1.0,1.0,42,4.69,0.9,Entire home/apt,CIUTAT VELLA,1
128.0,3,1.0,1.0,43,4.86,0.87,Entire home/apt,CIUTAT VELLA,1
120.0,4,1.0,1.0,48,4.96,0.95,Entire home/apt,CIUTAT VELLA,1
100.0,2,3.0,1.0,2,4.5,4.36,Private room,POBLATS MARITIMS,0
31.0,2,1.0,1.0,33,4.55,1.98,Private room,QUATRE CARRERES,0
120.0,3,2.0,1.0,3,5.0,0.68,Entire home/apt,CIUTAT VELLA,1
193.0,8,4.0,1.5,4,4.75,3.66,Entire home/apt,POBLATS MARITIMS,0
84.0,3,1.0,1.0,6,3.67,0.87,Entire home/apt,L'EIXAMPLE,0
270.0,8,5.0,2.0,3,5.0,1.91,Entire home/apt,ALGIROS,0
147.0,4,1.0,1.0,22,4.86,1.99,Entire home/apt,QUATRE CARRERES,0
105.0,3,1.0,1.0,17,4.53,3.86,Entire home/apt,POBLATS MARITIMS,0
360.0,8,3.0,2.0,3,4.67,3.5,Entire home/apt,BENICALAP,0
76.0,2,1.0,1.0,44,4.84,0.86,Entire home/apt,L'EIXAMPLE,0
90.0,4,0.0,1.0,11,4.18,2.48,Entire home/apt,RASCANYA,0
138.0,2,1.0,1.5,2,5.0,4.09,Entire home/apt,POBLATS MARITIMS,0
93.0,5,3.0,1.5,32,4.59,1.01,Entire home/apt,EXTRAMURS,0
247.0,5,3.0,2.5,18,4.67,1.94,Entire home/apt,CAMINS AL GRAU,1
105.0,2,1.0,1.0,21,4.62,2.49,Entire home/apt,CAMINS AL GRAU,0
54.0,3,1.0,1.0,40,4.73,3.98,Private room,POBLATS MARITIMS,1
94.0,2,1.0,1.0,37,4.81,1.43,Entire home/apt,JESUS,0
68.0,3,1.0,1.0,1,5.0,0.84,Entire home/apt,L'EIXAMPLE,0
32.0,1,1.0,2.0,7,5.0,1.98,Private room,QUATRE CARRERES,1
212.0,4,2.0,1.0,13,4.62,4.06,Entire home/apt,POBLATS MARITIMS,0
108.0,4,2.0,2.0,7,4.71,4.16,Entire home/apt,POBLATS MARITIMS,0
52.0,2,1.0,1.0,51,4.75,2.26,Entire home/apt,LA SAIDIA,0
78.0,4,1.0,1.0,5,4.4,3.62,Entire home/apt,POBLATS MARITIMS,0
52.0,1,1.0,1.0,1,5.0,2.52,Entire home/apt,ALGIROS,0
131.0,4,1.0,1.0,19,4.89,2.52,Entire home/apt,RASCANYA,1
49.0,1,1.0,2.0,5,5.0,2.77,Private room,ALGIROS,1
135.0,3,1.0,1.0,11,5.0,3.36,Entire home/apt,POBLATS MARITIMS,1
115.0,4,1.0,1.0,1,5.0,1.43,Entire home/apt,PATRAIX,0
34.0,1,1.0,2.0,14,4.93,1.98,Private room,QUATRE CARRERES,1
32.0,1,1.0,2.0,7,4.57,2.01,Private room,QUATRE CARRERES,1
33.0,1,1.0,1.0,2,5.0,2.78,Private room,ALGIROS,1
58.0,2,1.0,0.0,22,4.5,2.66,Private room,ALGIROS,0
36.0,1,1.0,1.0,4,5.0,2.8,Private room,ALGIROS,1
116.0,4,1.0,1.0,6,4.5,2.23,Entire home/apt,CAMINS AL GRAU,1
127.0,4,1.0,1.0,11,4.91,2.26,Entire home/apt,CAMINS AL GRAU,1
41.0,2,1.0,1.0,20,4.65,1.45,Private room,PATRAIX,0
113.0,2,0.0,1.0,45,4.47,3.91,Entire home/apt,POBLATS MARITIMS,0
160.0,2,1.0,1.0,15,5.0,3.9,Entire home/apt,QUATRE CARRERES,1
50.0,2,1.0,1.0,4,4.5,4.2,Private room,POBLATS MARITIMS,0
88.0,2,1.0,1.0,15,4.8,3.9,Entire home/apt,QUATRE CARRERES,1
115.0,3,2.0,1.0,4,4.75,1.6,Entire home/apt,QUATRE CARRERES,1
69.0,3,1.0,1.0,22,4.45,4.17,Private room,POBLATS MARITIMS,0
162.0,4,1.0,1.0,5,4.6,3.9,Entire home/apt,QUATRE CARRERES,1
108.0,4,1.0,1.0,21,4.81,1.17,Entire home/apt,L'EIXAMPLE,0
199.0,8,3.0,2.0,60,4.85,1.19,Entire home/apt,L'EIXAMPLE,1
100.0,4,1.0,1.0,13,5.0,3.9,Entire home/apt,QUATRE CARRERES,1
114.0,4,1.0,2.0,13,4.85,4.0,Entire home/apt,POBLATS MARITIMS,0
91.0,4,0.0,1.5,6,5.0,2.8,Entire home/apt,ALGIROS,1
94.0,4,0.0,1.0,53,4.89,1.63,Entire home/apt,QUATRE CARRERES,1
124.0,2,1.0,1.0,2,5.0,2.36,Entire home/apt,ALGIROS,0
120.0,3,1.0,1.0,44,4.98,1.49,Entire home/apt,QUATRE CARRERES,0
132.0,6,2.0,1.0,33,4.67,3.72,Entire home/apt,POBLATS MARITIMS,1
151.0,4,1.0,1.0,44,4.84,3.79,Entire home/apt,POBLATS MARITIMS,1
121.0,4,1.0,1.0,6,5.0,3.9,Entire home/apt,QUATRE CARRERES,1
160.0,4,1.0,1.0,11,5.0,3.9,Entire home/apt,QUATRE CARRERES,1
50.0,2,1.0,0.5,22,4.91,1.21,Private room,L'EIXAMPLE,1
79.0,2,0.0,1.0,46,4.93,1.74,Entire home/apt,CAMINS AL GRAU,1
80.0,4,1.0,1.0,44,4.75,3.42,Entire home/apt,POBLATS MARITIMS,0
91.0,4,0.0,1.5,14,4.93,2.68,Entire home/apt,ALGIROS,1
119.0,2,1.0,1.0,4,4.75,2.25,Entire home/apt,ALGIROS,0
70.0,2,1.0,1.0,37,4.89,2.64,Entire home/apt,CAMINS AL GRAU,0
78.0,2,0.0,1.0,40,4.93,1.76,Entire home/apt,CAMINS AL GRAU,1
208.0,5,2.0,1.5,4,5.0,3.13,Entire home/apt,CAMINS AL GRAU,0
127.0,2,1.0,1.0,30,4.9,0.4,Entire home/apt,CIUTAT VELLA,1
141.0,4,1.0,1.0,27,4.96,3.78,Entire home/apt,POBLATS MARITIMS,1
40.0,2,1.0,1.0,4,5.0,2.55,Private room,BENIMACLET,0
237.0,4,2.0,1.0,19,4.84,2.89,Entire home/apt,CAMINS AL GRAU,1
114.0,5,3.0,1.0,15,4.87,2.93,Entire home/apt,CAMINS AL GRAU,0
147.0,4,1.0,1.0,37,5.0,3.77,Entire home/apt,POBLATS MARITIMS,1
198.0,4,1.0,1.0,3,5.0,10.49,Entire home/apt,POBLATS DEL SUD,0
87.0,1,0.0,1.0,30,4.57,3.57,Private room,POBLATS MARITIMS,0
92.0,3,2.0,1.0,15,4.53,3.92,Entire home/apt,POBLATS MARITIMS,0
155.0,8,4.0,2.5,2,4.0,22.07,Entire home/apt,POBLATS DEL SUD,0
110.0,2,1.0,1.0,13,4.92,0.95,Entire home/apt,CIUTAT VELLA,1
110.0,4,2.0,1.0,18,4.44,1.02,Entire home/apt,EXTRAMURS,0
41.0,2,1.0,1.0,15,4.67,4.25,Entire home/apt,POBLATS MARITIMS,0
45.0,2,1.0,1.0,12,4.42,4.34,Entire home/apt,POBLATS MARITIMS,0
76.0,2,1.0,1.0,15,5.0,1.0,Private room,EXTRAMURS,0
119.0,6,2.0,1.5,25,4.64,1.86,Entire home/apt,QUATRE CARRERES,0
227.0,4,1.0,1.0,11,4.64,0.53,Entire home/apt,EXTRAMURS,0
92.0,4,0.0,1.0,29,4.55,4.01,Entire home/apt,POBLATS MARITIMS,1
127.0,6,2.0,1.0,32,4.81,3.69,Entire home/apt,POBLATS MARITIMS,1
106.0,4,1.0,1.0,22,4.73,3.83,Entire home/apt,POBLATS MARITIMS,1
38.0,2,0.0,0.0,48,4.44,2.41,Private room,CAMINS AL GRAU,0
50.0,2,2.0,1.0,25,4.68,2.34,Private room,ALGIROS,1
150.0,5,2.0,2.0,15,4.73,1.48,Entire home/apt,LA SAIDIA,1
81.0,4,0.0,1.0,31,4.68,3.98,Entire home/apt,POBLATS MARITIMS,1
70.0,2,1.0,1.0,2,5.0,1.28,Entire home/apt,CIUTAT VELLA,1
184.0,6,3.0,2.0,4,4.0,0.82,Entire home/apt,EXTRAMURS,0
96.0,4,0.0,1.0,21,4.76,3.98,Entire home/apt,POBLATS MARITIMS,1
81.0,3,1.0,1.0,36,4.83,1.86,Entire home/apt,QUATRE CARRERES,1
167.0,4,1.0,1.0,3,4.67,1.07,Private room,EXTRAMURS,0
92.0,4,0.0,1.5,7,4.71,2.78,Entire home/apt,ALGIROS,1
158.0,6,1.0,1.0,33,4.94,3.3,Entire home/apt,CAMINS AL GRAU,1
167.0,4,1.0,1.0,1,4.0,10.47,Entire home/apt,POBLATS DEL SUD,0
56.0,1,1.0,1.0,2,4.0,4.26,Private room,POBLATS MARITIMS,0
37.0,1,1.0,2.0,22,4.91,1.1,Private room,EXTRAMURS,0
248.0,6,3.0,1.0,4,4.5,3.48,Entire home/apt,POBLATS MARITIMS,0
90.0,4,1.0,1.0,1,4.0,1.21,Entire home/apt,PATRAIX,1
333.0,2,1.0,1.0,40,4.9,3.73,Entire home/apt,POBLATS MARITIMS,1
100.0,4,2.0,2.0,27,4.81,4.29,Entire home/apt,POBLATS MARITIMS,1
133.0,2,1.0,1.0,14,4.43,0.26,Entire home/apt,CIUTAT VELLA,0
150.0,6,1.0,1.0,1,5.0,1.17,Entire home/apt,CIUTAT VELLA,0
160.0,5,4.0,1.5,1,5.0,2.04,Entire home/apt,L'OLIVERETA,0
150.0,4,1.0,1.0,3,3.67,2.43,Entire home/apt,CAMINS AL GRAU,0
150.0,4,1.0,1.0,4,4.5,2.43,Entire home/apt,CAMINS AL GRAU,0
157.0,8,4.0,1.5,1,5.0,1.42,Entire home/apt,PATRAIX,0
30.0,1,1.0,1.0,10,5.0,2.09,Private room,BENIMACLET,0
108.0,4,2.0,2.0,8,5.0,0.55,Entire home/apt,EXTRAMURS,1
141.0,3,1.0,1.0,3,4.67,2.21,Entire home/apt,ALGIROS,0
104.0,3,1.0,1.0,27,4.74,2.52,Entire home/apt,RASCANYA,0
111.0,4,2.0,1.5,22,4.68,1.06,Entire home/apt,L'EIXAMPLE,0
265.0,6,3.0,2.0,7,4.86,4.52,Entire home/apt,POBLATS MARITIMS,0
93.0,4,2.0,1.0,24,4.5,1.71,Entire home/apt,L'OLIVERETA,0
32.0,5,1.0,5.0,28,4.64,1.75,Private room,QUATRE CARRERES,0
95.0,1,1.0,1.0,2,4.5,2.29,Entire home/apt,ALGIROS,0
83.0,4,1.0,1.0,7,5.0,1.26,Entire home/apt,L'OLIVERETA,1
134.0,4,1.0,1.0,7,4.86,0.5,Entire home/apt,CIUTAT VELLA,0
92.0,4,1.0,1.0,1,5.0,1.21,Entire home/apt,PATRAIX,1
129.0,3,1.0,1.0,2,5.0,1.81,Entire home/apt,QUATRE CARRERES,0
103.0,4,0.0,1.0,20,5.0,4.01,Entire home/apt,POBLATS MARITIMS,1
112.0,3,1.0,1.0,25,4.56,4.11,Entire home/apt,POBLATS MARITIMS,1
45.0,1,1.0,1.0,2,5.0,2.56,Private room,QUATRE CARRERES,0
40.0,2,1.0,1.0,47,4.87,2.41,Private room,BENICALAP,0
182.0,5,2.0,1.0,39,4.95,0.97,Entire home/apt,EXTRAMURS,1
75.0,2,1.0,1.0,2,5.0,0.54,Private room,L'EIXAMPLE,0
47.0,3,1.0,1.0,24,4.58,3.03,Private room,CAMINS AL GRAU,0
62.0,2,1.0,1.0,18,4.83,4.48,Entire home/apt,POBLATS DEL SUD,0
104.0,4,1.0,1.0,1,3.0,2.06,Entire home/apt,BENIMACLET,0
166.0,4,1.0,1.0,5,4.8,1.9,Entire home/apt,EL PLA DEL REAL,0
240.0,4,1.0,1.0,2,5.0,1.81,Entire home/apt,EL PLA DEL REAL,0
111.0,4,1.0,1.0,2,3.5,1.89,Entire home/apt,EL PLA DEL REAL,0
120.0,4,0.0,1.0,9,4.33,3.45,Entire home/apt,BENICALAP,0
115.0,4,0.0,1.0,6,4.5,3.27,Entire home/apt,BENICALAP,0
180.0,4,2.0,1.0,37,4.95,4.32,Entire home/apt,POBLATS MARITIMS,1
180.0,6,3.0,2.0,36,4.83,4.38,Entire home/apt,POBLATS MARITIMS,1
78.0,2,1.0,1.0,1,5.0,1.79,Entire home/apt,QUATRE CARRERES,0
225.0,5,2.0,2.0,13,4.85,1.17,Entire home/apt,EXTRAMURS,0
59.0,4,4.0,1.0,6,4.5,3.12,Entire home/apt,BENICALAP,1
182.0,4,1.0,2.0,58,4.93,1.17,Entire home/apt,EXTRAMURS,0
91.0,4,1.0,1.0,4,5.0,1.43,Entire home/apt,QUATRE CARRERES,0
109.0,4,1.0,1.0,21,4.71,3.49,Entire home/apt,ALGIROS,1
81.0,4,1.0,1.0,3,5.0,1.43,Entire home/apt,QUATRE CARRERES,0
95.0,3,2.0,2.0,7,4.71,4.0,Entire home/apt,POBLATS MARITIMS,0
145.0,4,1.0,2.0,53,4.89,1.17,Entire home/apt,EXTRAMURS,0
114.0,4,1.0,1.0,3,4.67,1.43,Entire home/apt,QUATRE CARRERES,0
71.0,4,1.0,1.0,38,4.66,2.42,Entire home/apt,RASCANYA,0
105.0,6,3.0,1.0,21,4.33,2.24,Entire home/apt,LA SAIDIA,0
39.0,1,1.0,1.0,2,3.5,1.63,Private room,LA SAIDIA,0
104.0,6,3.0,1.0,48,4.77,1.46,Entire home/apt,PATRAIX,0
94.0,5,2.0,1.0,36,4.53,1.86,Entire home/apt,JESUS,0
119.0,4,2.0,1.0,1,4.0,0.93,Entire home/apt,L'EIXAMPLE,0
118.0,4,0.0,1.0,20,4.65,1.37,Entire home/apt,EXTRAMURS,0
120.0,4,2.0,2.0,4,5.0,1.55,Entire home/apt,QUATRE CARRERES,0
135.0,4,1.0,1.0,1,5.0,3.07,Entire home/apt,RASCANYA,0
108.0,4,2.0,2.0,1,4.0,3.73,Entire home/apt,POBLATS MARITIMS,0
113.0,6,3.0,2.0,2,5.0,3.73,Entire home/apt,POBLATS MARITIMS,0
120.0,6,3.0,2.0,1,1.0,3.73,Entire home/apt,POBLATS MARITIMS,0
146.0,4,1.0,1.0,1,5.0,1.79,Entire home/apt,QUATRE CARRERES,0
150.0,2,1.0,1.0,4,5.0,3.45,Entire home/apt,BENICALAP,1
70.0,2,1.0,1.0,2,3.0,1.92,Private room,LA SAIDIA,0
111.0,4,0.0,1.0,11,4.27,3.34,Entire home/apt,BENICALAP,0
87.0,4,0.0,1.5,26,4.88,2.67,Entire home/apt,ALGIROS,1
120.0,4,1.0,1.0,1,5.0,1.55,Entire home/apt,QUATRE CARRERES,0
193.0,8,3.0,1.0,1,5.0,2.46,Entire home/apt,CAMINS AL GRAU,1
180.0,7,4.0,2.0,116,4.84,0.57,Entire home/apt,EXTRAMURS,1
198.0,4,1.0,1.0,10,5.0,3.8,Entire home/apt,POBLATS MARITIMS,1
37.0,2,1.0,1.5,9,3.89,2.66,Private room,L'OLIVERETA,0
86.0,2,1.0,1.0,20,4.75,1.65,Entire home/apt,LA SAIDIA,1
67.0,6,3.0,1.0,3,3.67,4.01,Entire home/apt,POBLATS MARITIMS,0
63.0,5,2.0,2.0,4,5.0,0.26,Entire home/apt,CIUTAT VELLA,0
98.0,4,1.0,1.0,42,4.93,1.34,Entire home/apt,L'OLIVERETA,1
203.0,6,3.0,0.5,7,5.0,1.76,Entire home/apt,QUATRE CARRERES,1
70.0,2,0.0,1.0,8,4.75,2.99,Entire home/apt,ALGIROS,1
93.0,4,0.0,1.0,12,4.75,3.48,Entire home/apt,POBLATS MARITIMS,1
93.0,4,0.0,1.0,1,3.0,3.48,Entire home/apt,POBLATS MARITIMS,1
81.0,2,0.0,1.0,13,4.69,3.33,Entire home/apt,ALGIROS,1
114.0,4,1.0,1.0,4,5.0,3.04,Entire home/apt,BENICALAP,1
99.0,4,1.0,1.0,6,4.83,1.39,Entire home/apt,PATRAIX,0
72.0,4,1.0,1.0,7,4.86,1.43,Entire home/apt,PATRAIX,0
40.0,1,1.0,1.0,20,4.8,2.45,Private room,CAMINS AL GRAU,0
49.0,1,1.0,1.0,1,5.0,2.83,Private room,ALGIROS,1
106.0,4,1.0,1.0,8,4.75,0.78,Entire home/apt,L'EIXAMPLE,0
171.0,4,1.0,1.0,3,5.0,3.9,Entire home/apt,POBLATS MARITIMS,0
109.0,6,2.0,1.0,59,5.0,1.77,Entire home/apt,QUATRE CARRERES,1
87.0,2,1.0,1.0,22,4.64,0.67,Entire home/apt,CIUTAT VELLA,0
165.0,6,2.0,2.0,33,4.79,0.65,Entire home/apt,CIUTAT VELLA,0
33.0,1,1.0,0.5,9,4.56,2.28,Private room,QUATRE CARRERES,0
63.0,2,1.0,1.0,1,1.0,1.64,Private room,QUATRE CARRERES,0
58.0,2,2.0,1.0,1,4.0,2.93,Private room,ALGIROS,0
108.0,4,1.0,1.0,7,4.43,1.59,Entire home/apt,JESUS,0
86.0,4,1.0,1.0,25,4.96,1.9,Entire home/apt,JESUS,1
44.0,1,1.0,1.0,22,4.91,1.63,Private room,QUATRE CARRERES,0
36.0,1,1.0,1.0,21,4.95,1.57,Private room,QUATRE CARRERES,0
44.0,1,0.0,1.0,13,4.85,2.87,Private room,CAMINS AL GRAU,0
156.0,5,2.0,2.0,8,4.88,1.01,Entire home/apt,L'EIXAMPLE,1
131.0,6,3.0,2.0,8,5.0,1.88,Entire home/apt,QUATRE CARRERES,1
177.0,6,3.0,2.0,33,4.82,0.63,Entire home/apt,L'EIXAMPLE,0
112.0,4,1.0,1.0,19,4.79,1.69,Entire home/apt,QUATRE CARRERES,1
92.0,3,1.0,1.0,19,4.63,0.62,Entire home/apt,CIUTAT VELLA,0
34.0,1,1.0,1.0,40,4.93,2.93,Private room,JESUS,0
36.0,1,1.0,1.0,69,4.88,1.24,Private room,L'EIXAMPLE,0
41.0,2,1.0,1.0,32,4.25,0.62,Private room,EXTRAMURS,0
71.0,2,1.0,1.0,11,4.91,3.34,Entire home/apt,CAMINS AL GRAU,0
115.0,4,2.0,2.0,1,4.0,4.5,Entire home/apt,POBLATS MARITIMS,0
127.0,4,0.0,1.0,7,4.57,3.91,Entire home/apt,POBLATS MARITIMS,0
92.0,3,1.0,1.0,27,4.56,0.64,Entire home/apt,CIUTAT VELLA,0
68.0,6,3.0,2.0,1,5.0,20.79,Entire home/apt,POBLATS DEL SUD,0
87.0,2,1.0,1.0,29,4.41,0.47,Entire home/apt,CIUTAT VELLA,0
124.0,3,2.0,1.0,3,5.0,0.84,Entire home/apt,L'EIXAMPLE,1
53.0,4,1.0,1.0,35,4.86,4.87,Entire home/apt,POBLATS DE L'OEST,1
189.0,6,3.0,2.0,2,5.0,0.43,Entire home/apt,CIUTAT VELLA,0
230.0,6,3.0,2.0,20,4.95,0.4,Entire home/apt,CIUTAT VELLA,1
85.0,2,1.0,1.0,32,4.81,1.8,Entire home/apt,CAMINS AL GRAU,0
149.0,8,3.0,2.0,4,5.0,3.67,Entire home/apt,BENICALAP,1
99.0,4,1.0,1.0,22,4.86,1.78,Entire home/apt,CAMINS AL GRAU,0
134.0,4,0.0,1.0,12,4.58,3.92,Entire home/apt,POBLATS MARITIMS,0
112.0,5,2.0,2.0,19,5.0,3.35,Entire home/apt,BENICALAP,1
108.0,6,2.0,1.0,22,4.91,4.48,Entire home/apt,POBLATS MARITIMS,1
70.0,1,1.0,1.0,3,4.67,2.16,Private room,QUATRE CARRERES,0
45.0,2,1.0,0.5,53,4.92,0.47,Private room,CIUTAT VELLA,1
368.0,4,2.0,2.0,4,3.75,0.98,Entire home/apt,EXTRAMURS,0
192.0,4,1.0,1.0,5,4.6,0.76,Entire home/apt,CIUTAT VELLA,0
158.0,4,2.0,1.0,8,4.75,1.45,Entire home/apt,CAMPANAR,0
94.0,2,1.0,1.0,17,4.29,1.93,Entire home/apt,JESUS,0
85.0,2,1.0,1.0,24,4.92,1.94,Entire home/apt,JESUS,0
99.0,4,2.0,1.0,27,4.78,2.53,Entire home/apt,L'OLIVERETA,1
123.0,4,2.0,1.0,8,3.63,4.28,Entire home/apt,POBLATS MARITIMS,0
75.0,3,0.0,1.0,35,4.91,2.98,Entire home/apt,JESUS,0
85.0,2,1.0,1.0,23,4.52,1.93,Entire home/apt,JESUS,0
106.0,4,1.0,1.0,4,5.0,1.78,Entire home/apt,QUATRE CARRERES,0
103.0,2,1.0,1.0,13,4.54,2.52,Entire home/apt,CAMINS AL GRAU,0
49.0,1,1.0,1.0,19,5.0,3.59,Private room,POBLATS MARITIMS,0
114.0,4,1.0,1.0,4,4.75,2.27,Entire home/apt,QUATRE CARRERES,0
106.0,5,2.0,1.0,16,4.88,3.79,Entire home/apt,POBLATS MARITIMS,0
139.0,4,1.0,1.0,2,5.0,0.86,Entire home/apt,CIUTAT VELLA,0
142.0,4,1.0,1.0,2,4.5,0.9,Entire home/apt,CIUTAT VELLA,0
135.0,10,5.0,4.0,33,4.58,4.25,Entire home/apt,POBLATS MARITIMS,0
103.0,2,1.0,1.0,16,4.81,1.58,Entire home/apt,JESUS,0
160.0,4,2.0,2.5,1,4.0,3.71,Entire home/apt,POBLATS MARITIMS,0
142.0,4,0.0,1.0,9,4.44,3.91,Entire home/apt,ALGIROS,0
94.0,2,1.0,1.0,11,4.45,1.6,Entire home/apt,JESUS,0
113.0,4,1.0,1.0,9,4.78,1.79,Entire home/apt,QUATRE CARRERES,1
41.0,1,1.0,1.0,3,5.0,2.92,Private room,CAMINS AL GRAU,0
81.0,4,1.0,1.0,23,4.83,3.02,Entire home/apt,CAMINS AL GRAU,1
80.0,4,0.0,1.0,18,4.5,3.08,Entire home/apt,CAMINS AL GRAU,1
75.0,4,0.0,1.0,24,4.67,3.09,Entire home/apt,CAMINS AL GRAU,1
135.0,4,1.0,1.0,6,4.67,0.88,Entire home/apt,CIUTAT VELLA,0
114.0,4,2.0,2.0,29,4.28,0.44,Entire home/apt,CIUTAT VELLA,0
88.0,4,1.0,1.0,2,5.0,1.78,Entire home/apt,QUATRE CARRERES,0
30.0,1,1.0,1.0,3,5.0,2.43,Private room,CAMINS AL GRAU,0
128.0,4,2.0,1.0,1,5.0,3.59,Entire home/apt,POBLATS MARITIMS,0
75.0,2,1.0,1.0,19,4.63,1.03,Private room,L'EIXAMPLE,1
99.0,5,3.0,2.0,18,4.89,20.74,Entire home/apt,POBLATS DEL SUD,0
79.0,4,1.0,1.0,8,4.88,1.5,Entire home/apt,PATRAIX,0
72.0,4,1.0,1.0,2,5.0,1.3,Entire home/apt,PATRAIX,0
116.0,3,1.0,1.0,2,3.0,4.34,Entire home/apt,POBLATS MARITIMS,0
105.0,3,1.0,1.0,6,3.17,4.22,Entire home/apt,POBLATS MARITIMS,0
105.0,3,1.0,1.0,9,4.78,4.2,Entire home/apt,POBLATS MARITIMS,0
104.0,7,3.0,4.0,1,3.0,2.11,Entire home/apt,LA SAIDIA,0
86.0,3,0.0,1.0,26,4.88,1.98,Entire home/apt,JESUS,1
85.0,2,1.0,1.0,22,4.41,0.7,Entire home/apt,CIUTAT VELLA,0
114.0,4,2.0,2.0,22,4.45,0.66,Entire home/apt,CIUTAT VELLA,0
114.0,4,2.0,2.0,27,4.56,0.49,Entire home/apt,CIUTAT VELLA,0
230.0,6,3.0,2.0,3,4.67,3.07,Entire home/apt,CAMINS AL GRAU,0
102.0,6,4.0,1.5,3,5.0,1.76,Entire home/apt,JESUS,1
134.0,5,3.0,2.0,5,4.8,1.85,Entire home/apt,QUATRE CARRERES,0
112.0,4,1.0,1.0,28,4.89,4.08,Entire home/apt,POBLATS MARITIMS,1
78.0,4,1.0,1.0,40,4.83,1.63,Entire home/apt,QUATRE CARRERES,1
207.0,5,3.0,1.0,12,4.75,1.04,Entire home/apt,L'EIXAMPLE,0
93.0,4,1.0,1.0,20,4.65,2.29,Entire home/apt,RASCANYA,1
38.0,2,1.0,1.5,4,4.75,2.62,Private room,L'OLIVERETA,0
102.0,4,1.0,1.0,26,4.88,1.8,Entire home/apt,CAMINS AL GRAU,0
133.0,4,1.0,1.0,1,4.0,2.51,Private room,QUATRE CARRERES,0
109.0,6,3.0,1.0,6,5.0,0.6,Entire home/apt,L'EIXAMPLE,0
152.0,6,2.0,1.0,2,4.5,2.27,Private room,QUATRE CARRERES,0
67.0,2,0.0,1.0,12,4.67,1.73,Private room,LA SAIDIA,0
252.0,2,1.0,1.0,1,4.0,10.24,Entire home/apt,POBLATS DEL SUD,0
110.0,3,1.0,1.0,7,4.71,0.29,Entire home/apt,CIUTAT VELLA,0
103.0,4,2.0,2.0,5,4.6,0.16,Entire home/apt,CIUTAT VELLA,0
182.0,2,1.0,1.0,50,4.9,0.55,Entire home/apt,CIUTAT VELLA,1
35.0,2,1.0,1.0,6,4.33,0.53,Private room,EXTRAMURS,0
45.0,2,1.0,1.0,24,4.88,2.03,Private room,QUATRE CARRERES,1
100.0,1,1.0,1.0,1,5.0,1.88,Private room,EL PLA DEL REAL,0
242.0,6,3.0,2.0,5,5.0,2.85,Entire home/apt,CAMINS AL GRAU,1
103.0,4,3.0,3.0,2,5.0,1.22,Entire home/apt,LA SAIDIA,1
90.0,2,1.0,1.0,28,4.79,1.65,Entire home/apt,JESUS,0
93.0,6,2.0,1.0,17,4.88,1.8,Entire home/apt,QUATRE CARRERES,0
63.0,2,1.0,1.0,5,4.8,2.39,Entire home/apt,LA SAIDIA,1
120.0,2,1.0,1.0,46,4.78,0.89,Entire home/apt,CIUTAT VELLA,0
90.0,2,1.0,1.0,5,5.0,1.83,Entire home/apt,CAMINS AL GRAU,0
85.0,2,0.0,1.0,18,4.39,0.52,Entire home/apt,CIUTAT VELLA,0
87.0,2,1.0,1.0,2,4.5,0.75,Entire home/apt,CIUTAT VELLA,1
296.0,4,2.0,2.0,9,4.67,4.54,Entire home/apt,POBLATS MARITIMS,0
62.0,4,2.0,1.0,5,5.0,1.74,Entire home/apt,QUATRE CARRERES,0
132.0,2,1.0,1.0,6,5.0,3.75,Entire home/apt,POBLATS MARITIMS,0
167.0,5,2.0,1.0,1,5.0,1.5,Entire home/apt,L'OLIVERETA,0
106.0,5,3.0,1.0,17,4.59,3.69,Entire home/apt,POBLATS MARITIMS,0
82.0,5,3.0,2.0,2,5.0,3.82,Entire home/apt,POBLATS MARITIMS,0
137.0,4,3.0,1.0,6,5.0,3.04,Entire home/apt,CAMINS AL GRAU,1
84.0,4,1.0,1.0,16,4.0,4.17,Entire home/apt,POBLATS MARITIMS,0
230.0,6,3.0,2.0,5,5.0,3.94,Entire home/apt,POBLATS MARITIMS,0
119.0,4,1.0,1.0,3,4.67,3.19,Entire home/apt,CAMINS AL GRAU,0
69.0,2,1.0,1.0,7,5.0,0.61,Entire home/apt,CIUTAT VELLA,1
45.0,2,1.0,1.0,8,4.38,2.24,Private room,ALGIROS,0
32.0,1,1.0,1.0,4,4.75,2.77,Private room,BENICALAP,0
83.0,6,3.0,1.0,17,4.71,1.31,Entire home/apt,L'EIXAMPLE,1
58.0,2,1.0,1.0,10,5.0,3.22,Private room,ALGIROS,0
34.0,1,1.0,1.0,31,4.81,1.94,Private room,QUATRE CARRERES,1
98.0,4,2.0,1.0,4,4.5,0.98,Entire home/apt,L'EIXAMPLE,0
132.0,3,2.0,1.0,6,4.83,3.78,Entire home/apt,POBLATS MARITIMS,0
90.0,2,1.0,1.0,7,4.86,0.61,Entire home/apt,CIUTAT VELLA,1
77.0,2,1.0,1.0,3,5.0,0.61,Entire home/apt,CIUTAT VELLA,1
42.0,1,1.0,2.0,3,5.0,3.39,Private room,CAMINS AL GRAU,0
81.0,2,1.0,1.0,9,4.78,0.68,Entire home/apt,CIUTAT VELLA,1
261.0,11,4.0,4.0,12,4.83,4.0,Entire home/apt,POBLATS MARITIMS,1
93.0,3,1.0,1.0,2,4.5,3.21,Entire home/apt,BENICALAP,0
89.0,3,1.0,1.0,3,5.0,3.25,Entire home/apt,BENICALAP,0
99.0,3,1.0,1.0,3,4.33,3.45,Entire home/apt,BENICALAP,0
93.0,3,1.0,1.0,1,5.0,3.31,Entire home/apt,BENICALAP,0
116.0,3,1.0,1.0,4,5.0,3.28,Entire home/apt,BENICALAP,0
107.0,2,1.0,1.0,4,4.0,3.39,Entire home/apt,QUATRE CARRERES,0
32.0,1,1.0,1.0,13,4.62,1.82,Private room,JESUS,0
84.0,2,0.0,1.0,5,5.0,0.54,Entire home/apt,CIUTAT VELLA,1
125.0,4,2.0,2.0,5,5.0,1.7,Entire home/apt,EXTRAMURS,1
84.0,4,1.0,1.0,22,4.86,1.86,Entire home/apt,QUATRE CARRERES,1
78.0,3,1.0,1.0,33,4.85,1.83,Entire home/apt,QUATRE CARRERES,1
85.0,4,1.0,1.0,16,5.0,2.44,Entire home/apt,RASCANYA,1
55.0,2,1.0,1.0,12,4.75,3.12,Private room,ALGIROS,0
117.0,4,0.0,1.0,2,4.0,2.78,Entire home/apt,BENICALAP,0
117.0,4,0.0,0.0,1,4.0,2.78,Entire home/apt,BENICALAP,0
110.0,3,0.0,0.0,2,2.0,2.16,Entire home/apt,CAMPANAR,0
140.0,1,1.0,1.0,1,5.0,1.15,Private room,L'EIXAMPLE,0
86.0,4,1.0,1.0,17,4.82,2.27,Entire home/apt,LA SAIDIA,1
200.0,8,2.0,2.0,5,5.0,2.37,Entire home/apt,RASCANYA,1
72.0,3,1.0,1.0,41,4.85,1.76,Entire home/apt,QUATRE CARRERES,1
74.0,2,1.0,1.0,35,4.57,1.88,Entire home/apt,QUATRE CARRERES,1
72.0,3,1.0,1.0,16,4.63,1.87,Entire home/apt,QUATRE CARRERES,1
38.0,3,0.0,1.5,10,4.6,2.53,Private room,RASCANYA,0
184.0,7,3.0,1.0,4,5.0,3.16,Entire home/apt,ALGIROS,0
206.0,6,3.0,1.0,10,5.0,4.41,Entire home/apt,POBLATS MARITIMS,0
118.0,4,1.0,1.0,2,4.5,1.59,Entire home/apt,JESUS,0
106.0,4,1.0,1.0,2,4.5,1.55,Entire home/apt,JESUS,0
161.0,5,3.0,2.0,18,4.94,3.05,Entire home/apt,CAMINS AL GRAU,0
80.0,4,2.0,1.0,8,4.13,2.41,Entire home/apt,CAMINS AL GRAU,0
88.0,2,1.0,1.0,18,4.44,2.99,Entire home/apt,CAMINS AL GRAU,0
236.0,6,3.0,3.5,5,5.0,0.59,Entire home/apt,CIUTAT VELLA,0
122.0,4,2.0,1.5,19,4.68,0.92,Entire home/apt,CIUTAT VELLA,1
57.0,2,1.0,1.0,7,5.0,2.15,Entire home/apt,QUATRE CARRERES,0
67.0,2,0.0,1.0,5,5.0,0.7,Entire home/apt,CIUTAT VELLA,1
39.0,2,1.0,1.0,1,5.0,1.8,Private room,CAMINS AL GRAU,0
111.0,4,0.0,1.0,12,4.58,3.9,Entire home/apt,POBLATS MARITIMS,0
61.0,2,1.0,1.0,4,4.0,1.25,Entire home/apt,EXTRAMURS,0
96.0,3,2.0,1.0,2,5.0,1.18,Entire home/apt,EXTRAMURS,0
153.0,4,3.0,1.0,2,5.0,1.8,Entire home/apt,QUATRE CARRERES,0
38.0,3,1.0,1.5,19,4.63,2.54,Private room,RASCANYA,0
162.0,6,3.0,2.0,38,4.89,1.15,Entire home/apt,L'EIXAMPLE,1
90.0,2,1.0,1.0,1,5.0,1.01,Entire home/apt,L'EIXAMPLE,0
45.0,2,1.0,1.0,9,4.22,1.96,Private room,CAMINS AL GRAU,0
101.0,4,1.0,1.0,55,4.91,1.39,Entire home/apt,QUATRE CARRERES,1
89.0,4,1.0,1.0,35,4.91,1.39,Entire home/apt,QUATRE CARRERES,1
88.0,3,1.0,1.0,33,4.76,2.15,Entire home/apt,PATRAIX,1
64.0,4,1.0,1.0,17,4.82,2.22,Entire home/apt,JESUS,1
108.0,4,2.0,1.0,25,4.48,22.72,Entire home/apt,POBLATS DEL SUD,0
89.0,3,1.0,1.0,29,4.66,0.63,Entire home/apt,EXTRAMURS,0
114.0,6,3.0,2.0,2,5.0,20.12,Entire home/apt,POBLATS DEL SUD,0
77.0,2,1.0,1.0,3,4.0,2.53,Private room,L'OLIVERETA,0
167.0,4,2.0,1.0,1,5.0,0.87,Entire home/apt,CIUTAT VELLA,0
95.0,4,2.0,1.0,4,4.5,2.83,Entire home/apt,L'OLIVERETA,0
34.0,2,1.0,1.0,5,5.0,4.16,Private room,POBLATS MARITIMS,0
120.0,6,3.0,2.0,6,5.0,2.64,Entire home/apt,CAMINS AL GRAU,1
216.0,8,3.0,2.0,7,3.43,2.66,Entire home/apt,QUATRE CARRERES,0
90.0,3,2.0,1.0,3,5.0,0.78,Entire home/apt,CIUTAT VELLA,0
142.0,2,1.0,1.5,2,5.0,2.61,Private room,JESUS,0
102.0,2,1.0,1.5,2,5.0,2.49,Private room,JESUS,0
102.0,2,1.0,1.5,2,5.0,2.54,Private room,PATRAIX,0
102.0,2,1.0,1.5,1,5.0,2.58,Private room,JESUS,0
105.0,2,1.0,1.5,2,4.5,2.48,Private room,JESUS,0
176.0,6,2.0,2.0,5,4.8,2.77,Entire home/apt,QUATRE CARRERES,0
303.0,6,3.0,2.0,2,5.0,1.48,Entire home/apt,LA SAIDIA,0
272.0,6,3.0,2.0,1,5.0,1.48,Entire home/apt,LA SAIDIA,0
99.0,6,3.0,2.0,1,5.0,1.48,Entire home/apt,LA SAIDIA,0
90.0,3,2.0,1.0,4,5.0,2.95,Entire home/apt,CAMINS AL GRAU,1
90.0,2,1.0,1.0,2,4.0,20.78,Entire home/apt,POBLATS DEL SUD,0
146.0,4,1.0,1.0,6,4.83,4.2,Entire home/apt,POBLATS MARITIMS,1
108.0,4,1.0,1.0,1,5.0,1.25,Entire home/apt,EXTRAMURS,0
104.0,4,2.0,1.0,1,4.0,1.25,Entire home/apt,EXTRAMURS,0
114.0,4,1.0,1.0,1,1.0,1.25,Entire home/apt,EXTRAMURS,0
73.0,2,1.0,1.0,1,5.0,1.25,Entire home/apt,EXTRAMURS,0
76.0,2,1.0,1.0,5,5.0,3.11,Entire home/apt,CAMINS AL GRAU,0
100.0,6,3.0,1.0,50,4.64,3.16,Entire home/apt,CAMINS AL GRAU,0
195.0,4,1.0,1.0,25,4.8,1.87,Entire home/apt,QUATRE CARRERES,0
90.0,4,2.0,1.0,2,5.0,4.35,Entire home/apt,POBLATS MARITIMS,0
132.0,4,1.0,1.0,5,5.0,4.2,Entire home/apt,POBLATS MARITIMS,1
145.0,4,1.0,1.0,3,5.0,4.18,Entire home/apt,POBLATS MARITIMS,1
121.0,4,1.0,1.0,59,4.95,1.71,Entire home/apt,QUATRE CARRERES,1
36.0,2,1.0,1.0,6,4.5,4.25,Entire home/apt,QUATRE CARRERES,0
162.0,4,1.0,1.0,6,4.5,2.07,Entire home/apt,BENIMACLET,0
142.0,4,1.0,1.0,4,4.75,1.75,Entire home/apt,JESUS,0
98.0,6,2.0,1.0,8,4.88,1.55,Entire home/apt,L'OLIVERETA,0
80.0,3,1.0,1.0,1,1.0,3.54,Private room,POBLATS MARITIMS,0
142.0,2,1.0,1.0,9,5.0,3.45,Entire home/apt,POBLATS DE L'OEST,1
235.0,5,2.0,1.0,35,4.97,0.72,Entire home/apt,CIUTAT VELLA,1
170.0,4,2.0,1.5,8,5.0,0.81,Entire home/apt,L'EIXAMPLE,1
120.0,4,1.0,1.0,1,5.0,1.7,Entire home/apt,L'OLIVERETA,0
118.0,4,1.0,1.0,40,4.93,1.7,Entire home/apt,QUATRE CARRERES,1
141.0,4,1.0,1.0,1,5.0,2.32,Entire home/apt,ALGIROS,0
156.0,2,1.0,1.0,39,4.87,3.02,Entire home/apt,RASCANYA,1
120.0,6,1.0,2.0,1,5.0,1.09,Entire home/apt,EXTRAMURS,0
78.0,4,1.0,1.0,32,4.78,0.29,Entire home/apt,CIUTAT VELLA,0
81.0,4,1.0,1.0,25,4.8,1.77,Entire home/apt,PATRAIX,1
147.0,10,4.0,3.0,5,4.2,1.77,Entire home/apt,QUATRE CARRERES,0
44.0,2,1.0,1.0,2,5.0,0.44,Private room,CIUTAT VELLA,0
56.0,1,2.0,1.0,1,5.0,3.14,Private room,POBLATS MARITIMS,0
109.0,4,2.0,1.0,3,5.0,2.46,Entire home/apt,CAMINS AL GRAU,0
141.0,3,0.0,1.0,1,5.0,3.31,Entire home/apt,CAMINS AL GRAU,0
141.0,3,0.0,1.0,2,4.5,3.18,Entire home/apt,CAMINS AL GRAU,0
125.0,4,1.0,1.0,32,4.97,1.71,Entire home/apt,QUATRE CARRERES,1
228.0,2,0.0,1.0,1,4.0,0.25,Entire home/apt,CIUTAT VELLA,0
144.0,3,1.0,1.0,2,4.5,0.33,Entire home/apt,CIUTAT VELLA,0
98.0,4,2.0,1.0,3,4.67,0.43,Entire home/apt,CIUTAT VELLA,0
82.0,2,1.0,1.0,32,4.59,0.38,Entire home/apt,EXTRAMURS,0
83.0,3,2.0,1.0,32,4.53,0.39,Entire home/apt,EXTRAMURS,0
92.0,4,0.0,1.0,2,2.5,3.27,Entire home/apt,CAMINS AL GRAU,0
126.0,4,3.0,2.0,3,4.67,3.53,Entire home/apt,POBLATS MARITIMS,0
170.0,4,1.0,1.0,4,5.0,1.04,Entire home/apt,EXTRAMURS,0
54.0,2,1.0,1.0,52,4.88,3.21,Private room,POBLATS MARITIMS,1
86.0,4,1.0,1.0,8,4.5,3.39,Entire home/apt,BENICALAP,0
45.0,2,1.0,2.0,15,5.0,2.02,Private room,QUATRE CARRERES,0
75.0,2,1.0,1.0,10,4.8,2.59,Entire home/apt,RASCANYA,0
70.0,4,2.0,1.0,4,5.0,1.77,Entire home/apt,QUATRE CARRERES,0
103.0,2,1.0,1.0,6,4.17,3.89,Entire home/apt,POBLATS MARITIMS,1
45.0,3,0.0,1.5,4,3.0,1.68,Private room,LA SAIDIA,0
197.0,6,3.0,2.0,1,5.0,2.9,Entire home/apt,CAMPANAR,1
109.0,4,1.0,1.0,24,4.83,3.49,Entire home/apt,ALGIROS,1
123.0,4,1.0,1.0,20,4.85,3.49,Entire home/apt,ALGIROS,1
85.0,5,2.0,1.0,25,4.72,4.29,Entire home/apt,POBLATS MARITIMS,0
65.0,2,0.0,1.5,7,5.0,2.69,Entire home/apt,ALGIROS,1
101.0,3,2.0,2.0,6,4.67,0.51,Entire home/apt,CIUTAT VELLA,0
88.0,4,1.0,1.0,22,4.73,0.87,Entire home/apt,CIUTAT VELLA,0
81.0,3,1.0,1.0,5,4.2,0.81,Entire home/apt,L'EIXAMPLE,0
111.0,4,1.0,1.0,2,5.0,1.69,Entire home/apt,L'OLIVERETA,0
73.0,2,1.0,1.0,27,4.44,1.05,Entire home/apt,L'EIXAMPLE,0
69.0,2,1.0,1.0,25,4.84,0.53,Private room,EXTRAMURS,0
75.0,2,0.0,1.0,19,3.89,2.32,Entire home/apt,BENICALAP,0
80.0,3,1.0,1.0,4,5.0,1.21,Entire home/apt,CIUTAT VELLA,1
133.0,4,2.0,2.0,2,5.0,4.02,Entire home/apt,POBLATS MARITIMS,0
137.0,5,2.0,1.0,21,4.95,0.17,Entire home/apt,CIUTAT VELLA,1
120.0,2,1.0,2.0,26,4.96,3.25,Entire home/apt,PATRAIX,1
117.0,4,1.0,1.0,37,5.0,1.95,Entire home/apt,QUATRE CARRERES,1
139.0,5,1.0,1.0,19,4.89,1.78,Entire home/apt,QUATRE CARRERES,0
204.0,6,4.0,2.0,16,4.5,0.19,Entire home/apt,CIUTAT VELLA,0
86.0,4,2.0,1.0,2,4.5,3.51,Entire home/apt,BENICALAP,0
120.0,4,1.0,1.0,2,5.0,1.82,Entire home/apt,L'OLIVERETA,0
110.0,4,2.0,2.0,1,1.0,1.81,Entire home/apt,LA SAIDIA,0
47.0,2,1.0,1.0,20,4.8,2.58,Private room,QUATRE CARRERES,0
32.0,2,1.0,1.0,21,4.81,2.11,Private room,CAMINS AL GRAU,1
168.0,8,3.0,3.0,5,5.0,2.75,Entire home/apt,BENIMACLET,0
64.0,4,1.0,1.0,21,4.86,1.42,Entire home/apt,PATRAIX,1
64.0,4,1.0,1.0,23,4.96,1.42,Entire home/apt,PATRAIX,1
68.0,2,1.0,0.5,9,4.89,4.44,Private room,POBLATS MARITIMS,1
149.0,6,2.0,1.0,2,5.0,0.2,Entire home/apt,CIUTAT VELLA,1
69.0,4,1.0,1.0,23,4.87,1.42,Entire home/apt,PATRAIX,1
70.0,4,1.0,1.0,22,4.73,1.42,Entire home/apt,PATRAIX,1
88.0,3,1.0,1.0,7,5.0,3.53,Entire home/apt,POBLATS MARITIMS,0
117.0,4,1.0,1.0,2,4.5,1.57,Entire home/apt,QUATRE CARRERES,0
117.0,4,1.0,1.0,1,5.0,1.39,Entire home/apt,QUATRE CARRERES,0
117.0,2,1.0,1.0,1,5.0,1.53,Entire home/apt,QUATRE CARRERES,0
117.0,4,1.0,1.0,1,5.0,1.62,Entire home/apt,QUATRE CARRERES,0
30.0,2,1.0,1.0,10,4.5,2.18,Private room,L'OLIVERETA,0
101.0,6,3.0,1.0,27,4.48,4.21,Entire home/apt,POBLATS MARITIMS,0
170.0,6,3.0,2.0,1,5.0,1.36,Entire home/apt,L'EIXAMPLE,0
40.0,2,1.0,1.0,24,4.25,2.53,Private room,ALGIROS,0
169.0,6,2.0,2.0,2,4.5,2.66,Private room,BENIMACLET,0
30.0,1,1.0,1.0,17,4.24,0.67,Private room,EXTRAMURS,0
84.0,4,1.0,1.0,7,3.86,1.84,Entire home/apt,CAMINS AL GRAU,0
91.0,4,1.0,1.0,19,4.95,2.2,Entire home/apt,RASCANYA,1
35.0,1,1.0,2.0,12,4.92,1.76,Private room,CAMPANAR,1
142.0,4,1.0,1.0,25,4.96,2.38,Entire home/apt,RASCANYA,1
239.0,6,3.0,2.0,33,4.76,0.71,Entire home/apt,L'EIXAMPLE,0
182.0,8,4.0,3.0,4,4.75,3.97,Entire home/apt,POBLATS MARITIMS,0
90.0,3,1.0,1.0,11,4.82,3.53,Entire home/apt,POBLATS MARITIMS,0
60.0,2,1.0,1.0,1,5.0,1.62,Private room,EL PLA DEL REAL,0
105.0,2,1.0,1.0,67,4.93,2.98,Entire home/apt,RASCANYA,1
112.0,6,2.0,2.0,24,4.88,3.25,Entire home/apt,BENICALAP,0
114.0,5,2.0,1.5,4,5.0,3.48,Entire home/apt,BENICALAP,0
97.0,3,1.0,1.0,18,4.83,3.24,Entire home/apt,CAMINS AL GRAU,0
94.0,3,0.0,1.0,26,4.88,3.31,Entire home/apt,JESUS,0
121.0,6,4.0,2.0,1,5.0,1.89,Entire home/apt,QUATRE CARRERES,0
119.0,4,1.0,1.0,2,5.0,2.44,Entire home/apt,ALGIROS,0
106.0,4,1.0,1.0,8,4.88,1.31,Entire home/apt,L'EIXAMPLE,0
164.0,5,3.0,2.0,6,5.0,0.11,Entire home/apt,CIUTAT VELLA,0
108.0,4,2.0,1.0,17,4.29,0.48,Entire home/apt,CIUTAT VELLA,0
122.0,3,1.0,1.0,3,5.0,0.71,Entire home/apt,CIUTAT VELLA,1
140.0,3,2.0,1.0,3,4.67,0.75,Entire home/apt,CIUTAT VELLA,1
130.0,3,1.0,1.0,10,4.9,0.92,Entire home/apt,CIUTAT VELLA,1
122.0,4,1.0,1.0,3,5.0,3.18,Entire home/apt,CAMINS AL GRAU,0
119.0,4,2.0,1.0,9,5.0,1.42,Entire home/apt,L'EIXAMPLE,1
141.0,3,1.0,1.0,3,4.33,3.18,Entire home/apt,CAMINS AL GRAU,0
72.0,2,0.0,1.0,2,3.0,1.8,Private room,LA SAIDIA,0
124.0,3,1.0,1.0,10,4.4,0.6,Entire home/apt,CIUTAT VELLA,1
39.0,4,1.0,1.0,2,4.0,2.97,Private room,QUATRE CARRERES,0
94.0,2,1.0,1.0,15,4.73,1.94,Entire home/apt,QUATRE CARRERES,0
131.0,6,2.0,2.0,13,4.85,1.27,Entire home/apt,L'EIXAMPLE,1
37.0,1,1.0,1.0,6,4.67,1.29,Private room,CIUTAT VELLA,0
287.0,5,2.0,2.5,21,4.71,3.16,Entire home/apt,CAMINS AL GRAU,0
76.0,5,2.0,2.0,8,4.5,1.12,Entire home/apt,EXTRAMURS,0
144.0,2,1.0,1.0,23,4.78,0.62,Entire home/apt,CIUTAT VELLA,1
63.0,3,2.0,1.0,3,5.0,4.39,Entire home/apt,POBLATS MARITIMS,0
87.0,4,1.0,1.0,10,4.5,1.8,Entire home/apt,CAMINS AL GRAU,0
90.0,3,0.0,1.0,1,2.0,1.61,Private room,CAMPANAR,0
120.0,4,0.0,1.0,2,5.0,2.1,Entire home/apt,PATRAIX,0
69.0,1,1.0,1.0,1,4.0,2.8,Private room,CAMINS AL GRAU,0
57.0,2,1.0,1.0,2,4.5,1.25,Entire home/apt,L'EIXAMPLE,0
57.0,4,1.0,1.0,14,4.64,4.18,Entire home/apt,QUATRE CARRERES,0
51.0,2,1.0,1.0,20,4.85,2.56,Private room,ALGIROS,0
43.0,2,1.0,1.0,17,4.76,0.8,Private room,EXTRAMURS,0
71.0,2,1.0,1.0,14,4.86,2.66,Entire home/apt,CAMINS AL GRAU,1
40.0,1,1.0,1.0,2,5.0,2.88,Private room,CAMINS AL GRAU,0
126.0,3,2.0,1.0,3,5.0,0.54,Entire home/apt,CIUTAT VELLA,1
85.0,4,2.0,1.0,18,4.61,1.71,Entire home/apt,JESUS,0
180.0,2,1.0,1.0,8,5.0,0.25,Entire home/apt,CIUTAT VELLA,0
63.0,2,1.0,1.0,21,4.81,1.68,Private room,QUATRE CARRERES,0
145.0,2,1.0,1.0,5,4.8,0.62,Entire home/apt,CIUTAT VELLA,1
147.0,2,1.0,1.0,18,4.56,0.62,Entire home/apt,CIUTAT VELLA,1
160.0,2,1.0,1.0,1,5.0,0.62,Entire home/apt,CIUTAT VELLA,1
84.0,2,1.0,1.0,14,4.71,2.66,Entire home/apt,CAMINS AL GRAU,1
123.0,4,0.0,1.0,15,4.8,0.61,Entire home/apt,CIUTAT VELLA,1
152.0,2,1.0,1.0,8,4.88,0.62,Entire home/apt,CIUTAT VELLA,1
161.0,2,1.0,1.0,9,4.89,0.62,Entire home/apt,CIUTAT VELLA,1
65.0,2,0.0,1.5,2,4.5,2.66,Entire home/apt,ALGIROS,1
128.0,4,1.0,1.0,2,5.0,2.46,Entire home/apt,QUATRE CARRERES,0
124.0,6,2.0,2.0,19,4.89,3.08,Entire home/apt,JESUS,1
31.0,1,1.0,1.0,16,4.5,0.72,Private room,EXTRAMURS,0
43.0,2,1.0,1.0,11,4.55,0.79,Private room,EXTRAMURS,0
68.0,4,2.0,1.0,10,5.0,2.15,Entire home/apt,JESUS,0
72.0,2,0.0,1.5,1,4.0,1.31,Entire home/apt,EXTRAMURS,1
90.0,4,2.0,1.0,4,4.75,2.99,Entire home/apt,CAMPANAR,0
84.0,7,4.0,1.0,10,4.8,2.63,Entire home/apt,RASCANYA,0
72.0,2,0.0,1.5,22,5.0,1.31,Entire home/apt,EXTRAMURS,1
84.0,4,0.0,1.5,3,4.67,1.43,Entire home/apt,EXTRAMURS,1
84.0,4,0.0,1.5,6,5.0,1.46,Entire home/apt,EXTRAMURS,1
84.0,4,0.0,1.5,7,4.71,1.4,Entire home/apt,EXTRAMURS,1
75.0,4,3.0,2.0,1,5.0,1.41,Entire home/apt,QUATRE CARRERES,0
89.0,3,2.0,1.0,1,5.0,1.12,Entire home/apt,L'EIXAMPLE,0
108.0,4,1.0,1.0,2,5.0,2.72,Entire home/apt,L'OLIVERETA,0
122.0,6,3.0,2.0,4,5.0,2.74,Entire home/apt,L'OLIVERETA,0
116.0,4,2.0,4.0,1,5.0,2.71,Entire home/apt,L'OLIVERETA,0
34.0,2,1.0,1.0,34,4.74,1.25,Private room,L'EIXAMPLE,0
70.0,2,0.0,1.0,6,5.0,1.21,Entire home/apt,EXTRAMURS,0
98.0,4,2.0,2.0,5,5.0,2.87,Entire home/apt,RASCANYA,0
92.0,4,1.0,1.0,6,4.67,1.53,Entire home/apt,QUATRE CARRERES,0
219.0,6,4.0,2.0,2,5.0,12.74,Entire home/apt,POBLATS DEL SUD,0
109.0,4,0.0,1.0,11,4.64,3.32,Entire home/apt,CAMINS AL GRAU,0
122.0,3,1.0,1.0,12,4.83,0.68,Entire home/apt,CIUTAT VELLA,1
86.0,4,2.0,2.0,10,4.7,2.36,Entire home/apt,PATRAIX,0
95.0,4,0.0,1.0,1,5.0,2.26,Entire home/apt,LA SAIDIA,0
92.0,4,0.0,1.0,1,5.0,2.26,Entire home/apt,LA SAIDIA,0
97.0,3,0.0,1.0,1,5.0,2.26,Entire home/apt,LA SAIDIA,0
90.0,4,2.0,1.0,2,4.5,1.67,Entire home/apt,QUATRE CARRERES,0
130.0,3,1.0,1.0,8,4.75,0.87,Entire home/apt,CIUTAT VELLA,1
72.0,2,1.0,1.0,1,5.0,1.91,Private room,CAMINS AL GRAU,0
253.0,4,2.0,1.0,2,4.5,0.57,Entire home/apt,EXTRAMURS,0
198.0,7,3.0,2.0,4,4.0,1.05,Entire home/apt,L'EIXAMPLE,0
208.0,1,1.0,2.5,6,4.33,3.85,Private room,POBLATS MARITIMS,1
149.0,6,3.0,3.0,30,4.87,1.47,Entire home/apt,PATRAIX,1
120.0,4,1.0,1.0,21,4.95,2.53,Entire home/apt,CAMINS AL GRAU,1
119.0,3,1.0,1.0,1,5.0,1.65,Entire home/apt,EXTRAMURS,0
109.0,2,1.0,1.0,3,5.0,3.94,Entire home/apt,POBLATS MARITIMS,0
75.0,4,1.0,1.0,41,4.71,0.26,Entire home/apt,CIUTAT VELLA,1
124.0,2,1.0,1.0,23,4.96,1.77,Entire home/apt,QUATRE CARRERES,0
108.0,2,1.0,1.0,13,4.69,1.82,Entire home/apt,QUATRE CARRERES,0
146.0,6,2.0,1.0,2,5.0,3.78,Entire home/apt,POBLATS MARITIMS,0
31.0,1,1.0,1.0,1,5.0,3.49,Private room,POBLATS MARITIMS,0
116.0,4,3.0,1.0,10,5.0,1.06,Entire home/apt,L'EIXAMPLE,1
98.0,3,1.0,1.0,13,5.0,2.21,Entire home/apt,QUATRE CARRERES,0
78.0,3,1.0,1.0,7,5.0,2.42,Entire home/apt,QUATRE CARRERES,0
119.0,4,3.0,1.0,22,4.77,1.59,Entire home/apt,QUATRE CARRERES,1
105.0,3,1.0,1.0,15,5.0,2.17,Entire home/apt,QUATRE CARRERES,0
153.0,4,1.0,1.5,15,4.8,0.98,Entire home/apt,L'EIXAMPLE,0
45.0,2,1.0,0.5,2,4.0,2.25,Private room,QUATRE CARRERES,0
97.0,3,1.0,1.0,37,5.0,2.45,Entire home/apt,CAMINS AL GRAU,1
113.0,2,1.0,1.0,14,4.5,2.56,Entire home/apt,CAMINS AL GRAU,0
98.0,4,1.0,1.0,1,5.0,2.03,Entire home/apt,LA SAIDIA,0
100.0,4,1.0,1.0,1,4.0,2.02,Entire home/apt,LA SAIDIA,0
132.0,4,1.0,1.0,6,5.0,3.1,Entire home/apt,BENICALAP,0
111.0,2,1.0,1.0,20,4.75,2.59,Entire home/apt,CAMINS AL GRAU,0
89.0,2,1.0,1.0,14,4.86,2.43,Entire home/apt,CAMINS AL GRAU,0
120.0,6,3.0,2.0,12,4.67,1.23,Entire home/apt,EXTRAMURS,0
52.0,2,1.0,1.0,3,4.67,1.93,Entire home/apt,CAMPANAR,0
103.0,2,1.0,1.0,13,4.85,1.41,Entire home/apt,JESUS,0
209.0,4,1.0,2.0,5,4.6,4.02,Entire home/apt,POBLATS MARITIMS,0
35.0,2,1.0,2.0,2,4.0,0.61,Private room,EXTRAMURS,0
41.0,1,1.0,2.0,9,5.0,3.69,Private room,POBLATS MARITIMS,1
117.0,4,1.0,1.0,4,4.75,3.78,Entire home/apt,POBLATS MARITIMS,0
132.0,5,2.0,1.0,26,4.92,4.54,Entire home/apt,POBLATS MARITIMS,1
99.0,3,2.0,1.0,6,5.0,1.59,Entire home/apt,QUATRE CARRERES,0
55.0,2,1.0,1.0,13,4.31,4.16,Private room,POBLATS MARITIMS,0
125.0,4,2.0,1.0,24,4.25,0.43,Entire home/apt,CIUTAT VELLA,0
97.0,4,2.0,1.0,1,5.0,3.9,Entire home/apt,POBLATS MARITIMS,0
95.0,4,1.0,1.0,20,4.75,2.62,Entire home/apt,CAMINS AL GRAU,1
112.0,5,1.0,1.0,16,4.88,2.52,Entire home/apt,CAMINS AL GRAU,1
75.0,2,1.0,1.0,26,4.96,4.11,Private room,POBLATS MARITIMS,0
69.0,2,1.0,1.0,30,4.6,4.16,Entire home/apt,POBLATS MARITIMS,0
185.0,2,1.0,1.0,1,5.0,0.34,Private room,CIUTAT VELLA,0
69.0,2,1.0,1.0,37,4.89,4.16,Entire home/apt,POBLATS MARITIMS,0
162.0,5,3.0,1.5,8,4.13,4.13,Entire home/apt,POBLATS MARITIMS,0
74.0,4,0.0,1.0,6,5.0,1.83,Entire home/apt,JESUS,1
73.0,4,0.0,1.0,6,5.0,1.94,Entire home/apt,JESUS,1
192.0,4,1.0,1.0,1,5.0,0.3,Entire home/apt,CIUTAT VELLA,1
114.0,2,0.0,1.0,5,4.4,1.27,Entire home/apt,JESUS,0
104.0,2,0.0,1.0,8,4.38,1.43,Entire home/apt,JESUS,0
99.0,4,0.0,1.0,3,3.67,1.37,Entire home/apt,JESUS,0
113.0,4,3.0,1.0,3,4.67,2.6,Entire home/apt,CAMINS AL GRAU,1
98.0,3,1.0,1.0,5,5.0,0.6,Entire home/apt,CIUTAT VELLA,0
31.0,2,1.0,1.0,7,4.86,3.23,Private room,POBLATS MARITIMS,0
73.0,2,1.0,1.0,16,4.44,0.47,Entire home/apt,CIUTAT VELLA,0
78.0,2,1.0,1.0,14,4.21,2.83,Entire home/apt,BENICALAP,0
86.0,4,2.0,2.0,4,4.75,3.77,Entire home/apt,QUATRE CARRERES,1
116.0,4,1.0,1.0,3,4.67,3.33,Entire home/apt,CAMINS AL GRAU,0
159.0,4,1.0,1.0,3,5.0,3.33,Entire home/apt,CAMINS AL GRAU,0
155.0,8,2.0,1.0,4,4.5,4.57,Entire home/apt,POBLATS MARITIMS,0
99.0,2,1.0,1.0,3,3.0,0.69,Entire home/apt,L'EIXAMPLE,0
193.0,2,1.0,1.0,16,4.88,1.62,Entire home/apt,EXTRAMURS,0
102.0,4,1.0,1.0,6,4.5,3.87,Entire home/apt,POBLATS MARITIMS,0
70.0,4,2.0,1.0,2,4.5,1.08,Entire home/apt,EXTRAMURS,0
95.0,5,2.0,1.0,8,4.63,3.38,Entire home/apt,BENICALAP,0
53.0,1,1.0,1.0,3,4.67,0.66,Private room,EXTRAMURS,1
123.0,4,1.0,1.0,1,4.0,2.78,Entire home/apt,CAMINS AL GRAU,0
133.0,4,1.0,1.0,3,4.67,2.77,Entire home/apt,CAMINS AL GRAU,0
133.0,4,1.0,1.0,1,1.0,2.74,Entire home/apt,CAMINS AL GRAU,0
118.0,2,1.0,1.0,5,5.0,0.94,Entire home/apt,EXTRAMURS,0
121.0,4,1.0,1.0,16,4.81,2.49,Entire home/apt,ALGIROS,1
64.0,3,1.0,1.0,21,4.48,1.98,Private room,L'OLIVERETA,1
120.0,4,2.0,1.0,5,4.6,1.55,Entire home/apt,PATRAIX,0
86.0,4,1.0,1.0,16,4.31,1.76,Entire home/apt,QUATRE CARRERES,0
122.0,2,1.0,1.0,7,4.0,0.35,Entire home/apt,CIUTAT VELLA,0
396.0,4,2.0,1.0,12,5.0,1.31,Entire home/apt,EXTRAMURS,0
145.0,5,3.0,1.5,3,4.0,3.91,Entire home/apt,POBLATS MARITIMS,1
42.0,1,1.0,1.0,22,4.86,1.28,Private room,L'EIXAMPLE,0
84.0,4,1.0,1.0,14,4.79,1.37,Entire home/apt,LA SAIDIA,1
36.0,1,1.0,1.0,3,5.0,2.02,Private room,LA SAIDIA,0
91.0,4,1.0,1.0,16,4.88,1.51,Entire home/apt,LA SAIDIA,1
111.0,4,1.0,1.0,23,4.91,1.48,Entire home/apt,LA SAIDIA,1
86.0,4,1.0,1.0,22,4.86,1.54,Entire home/apt,LA SAIDIA,1
140.0,3,1.0,1.0,17,4.94,0.94,Entire home/apt,L'EIXAMPLE,1
135.0,2,1.0,1.0,26,4.92,0.94,Entire home/apt,L'EIXAMPLE,1
46.0,2,1.0,1.0,6,4.33,3.59,Private room,POBLATS MARITIMS,0
89.0,2,1.0,1.0,1,5.0,1.61,Private room,QUATRE CARRERES,1
113.0,2,0.0,1.0,6,5.0,0.29,Entire home/apt,CIUTAT VELLA,0
132.0,3,1.0,1.0,3,3.0,2.18,Entire home/apt,CAMINS AL GRAU,0
89.0,2,1.0,1.0,40,4.98,1.07,Entire home/apt,EXTRAMURS,1
114.0,2,1.0,1.0,2,5.0,1.45,Entire home/apt,PATRAIX,0
109.0,2,1.0,1.0,1,5.0,1.38,Entire home/apt,PATRAIX,0
111.0,2,1.0,1.0,2,4.5,1.42,Entire home/apt,PATRAIX,0
82.0,3,1.0,1.0,14,4.57,1.49,Entire home/apt,LA SAIDIA,1
78.0,4,0.0,1.0,27,4.59,1.69,Entire home/apt,L'OLIVERETA,0
83.0,3,1.0,1.0,19,4.95,1.59,Entire home/apt,LA SAIDIA,1
65.0,2,1.0,1.0,2,5.0,2.16,Entire home/apt,LA SAIDIA,1
104.0,4,2.0,1.0,17,4.53,1.51,Entire home/apt,L'OLIVERETA,1
89.0,3,1.0,1.0,14,4.86,2.41,Entire home/apt,BENIMACLET,1
73.0,2,1.0,1.0,32,4.69,0.38,Entire home/apt,EXTRAMURS,0
85.0,3,0.0,1.0,12,4.92,1.77,Entire home/apt,QUATRE CARRERES,0
63.0,3,1.0,1.0,15,4.6,2.81,Entire home/apt,L'OLIVERETA,0
53.0,2,1.0,1.0,15,4.07,2.24,Entire home/apt,CAMINS AL GRAU,0
108.0,4,2.0,1.0,8,4.63,2.83,Entire home/apt,L'OLIVERETA,0
265.0,6,2.0,2.0,26,5.0,1.6,Entire home/apt,QUATRE CARRERES,1
70.0,4,1.0,1.0,21,4.81,0.4,Entire home/apt,CIUTAT VELLA,1
124.0,4,1.0,1.0,18,4.83,3.92,Entire home/apt,POBLATS MARITIMS,0
73.0,4,0.0,1.0,13,4.92,2.2,Entire home/apt,LA SAIDIA,0
105.0,2,1.0,1.0,21,4.71,3.92,Entire home/apt,POBLATS MARITIMS,0
129.0,4,1.0,1.0,3,4.67,2.89,Entire home/apt,CAMINS AL GRAU,0
120.0,4,1.0,1.0,2,5.0,2.79,Entire home/apt,CAMINS AL GRAU,0
184.0,4,1.0,2.0,1,5.0,0.65,Entire home/apt,CIUTAT VELLA,1
64.0,2,1.0,3.0,33,4.67,2.97,Private room,RASCANYA,0
71.0,3,1.0,1.0,14,4.57,1.29,Entire home/apt,LA SAIDIA,0
250.0,2,1.0,1.0,15,5.0,4.03,Entire home/apt,POBLATS MARITIMS,1
98.0,4,1.0,1.0,7,4.71,2.55,Entire home/apt,CAMINS AL GRAU,0
120.0,5,3.0,2.0,7,3.71,2.58,Entire home/apt,CAMINS AL GRAU,0
131.0,4,1.0,1.0,3,5.0,1.92,Entire home/apt,QUATRE CARRERES,0
81.0,2,1.0,1.0,4,4.0,3.88,Entire home/apt,POBLATS MARITIMS,0
128.0,4,1.0,1.0,1,5.0,3.78,Entire home/apt,POBLATS MARITIMS,0
155.0,6,2.0,2.0,1,5.0,3.78,Entire home/apt,POBLATS MARITIMS,0
164.0,7,3.0,2.0,3,5.0,3.78,Entire home/apt,POBLATS MARITIMS,0
120.0,4,1.0,1.0,2,5.0,3.78,Entire home/apt,POBLATS MARITIMS,0
217.0,4,2.0,1.0,12,4.83,0.57,Entire home/apt,CIUTAT VELLA,1
288.0,4,2.0,2.0,2,5.0,0.62,Entire home/apt,EXTRAMURS,1
140.0,5,3.0,1.5,2,5.0,0.76,Entire home/apt,CIUTAT VELLA,0
131.0,3,1.0,1.0,2,5.0,4.14,Entire home/apt,POBLATS MARITIMS,0
130.0,4,1.0,1.0,14,4.79,3.99,Entire home/apt,POBLATS MARITIMS,0
130.0,4,1.0,1.0,9,5.0,4.02,Entire home/apt,POBLATS MARITIMS,0
128.0,8,2.0,1.5,6,4.5,4.21,Entire home/apt,POBLATS MARITIMS,0
112.0,4,1.0,1.0,1,3.0,5.03,Entire home/apt,POBLATS DE L'OEST,0
100.0,4,1.0,1.0,1,5.0,5.0,Entire home/apt,POBLATS DE L'OEST,0
131.0,4,1.0,1.0,5,3.6,5.16,Entire home/apt,POBLATS DE L'OEST,0
110.0,4,1.0,1.0,12,5.0,5.05,Entire home/apt,POBLATS DE L'OEST,0
109.0,4,2.0,1.0,6,5.0,1.75,Entire home/apt,QUATRE CARRERES,1
236.0,5,3.0,2.0,8,3.88,3.51,Entire home/apt,ALGIROS,0
103.0,4,0.0,1.0,8,4.38,3.4,Entire home/apt,BENICALAP,0
38.0,2,1.0,2.0,1,5.0,2.57,Private room,JESUS,1
90.0,3,1.0,1.0,13,4.54,1.88,Entire home/apt,LA SAIDIA,0
119.0,4,1.0,1.0,8,4.38,2.02,Entire home/apt,LA SAIDIA,0
116.0,3,2.0,1.0,4,5.0,1.97,Entire home/apt,LA SAIDIA,0
121.0,2,1.0,1.0,7,4.86,2.34,Entire home/apt,CAMINS AL GRAU,0
117.0,2,1.0,1.0,3,4.33,1.19,Entire home/apt,EXTRAMURS,0
103.0,2,1.0,1.0,10,4.8,3.92,Entire home/apt,POBLATS MARITIMS,0
99.0,4,2.0,1.5,8,4.75,0.94,Entire home/apt,EXTRAMURS,0
139.0,3,1.0,1.0,3,4.33,2.33,Entire home/apt,JESUS,0
66.0,2,1.0,1.0,15,3.8,0.47,Private room,CIUTAT VELLA,0
120.0,6,1.0,2.0,1,4.0,1.65,Entire home/apt,LA SAIDIA,0
262.0,4,2.0,2.5,2,5.0,1.67,Entire home/apt,EL PLA DEL REAL,0
120.0,5,3.0,1.0,13,4.15,4.02,Entire home/apt,POBLATS MARITIMS,0
71.0,3,1.0,1.0,1,4.0,0.29,Private room,CIUTAT VELLA,0
97.0,4,1.0,1.0,35,4.86,1.43,Entire home/apt,QUATRE CARRERES,1
116.0,4,1.0,1.0,1,5.0,1.54,Entire home/apt,QUATRE CARRERES,0
91.0,4,1.0,1.0,31,5.0,2.32,Entire home/apt,QUATRE CARRERES,1
100.0,4,1.0,1.0,50,4.94,2.64,Entire home/apt,CAMINS AL GRAU,1
111.0,6,2.0,2.0,7,4.43,1.81,Entire home/apt,QUATRE CARRERES,0
108.0,2,1.0,1.0,56,4.82,3.44,Entire home/apt,POBLATS MARITIMS,1
110.0,4,0.0,1.0,1,4.0,3.3,Entire home/apt,CAMINS AL GRAU,0
91.0,3,1.0,1.0,6,5.0,4.08,Entire home/apt,POBLATS MARITIMS,1
55.0,4,2.0,1.0,8,3.88,3.27,Entire home/apt,PATRAIX,0
103.0,4,2.0,1.0,26,4.65,0.98,Entire home/apt,CIUTAT VELLA,0
136.0,4,1.0,1.0,11,4.36,2.6,Entire home/apt,CAMINS AL GRAU,0
133.0,4,2.0,1.0,4,3.75,0.74,Entire home/apt,L'EIXAMPLE,0
55.0,2,1.0,1.0,3,4.33,0.53,Entire home/apt,CIUTAT VELLA,0
97.0,3,1.0,1.0,2,4.5,3.64,Entire home/apt,POBLATS MARITIMS,0
114.0,4,1.0,1.0,1,5.0,1.35,Entire home/apt,PATRAIX,0
133.0,4,1.0,1.0,10,4.7,0.66,Entire home/apt,CIUTAT VELLA,0
121.0,4,1.0,1.0,13,4.38,0.62,Entire home/apt,CIUTAT VELLA,0
102.0,4,2.0,1.0,1,5.0,2.1,Entire home/apt,L'OLIVERETA,1
59.0,2,1.0,1.0,1,5.0,2.1,Entire home/apt,L'OLIVERETA,1
116.0,4,1.0,1.0,1,4.0,3.37,Entire home/apt,CAMINS AL GRAU,0
151.0,8,4.0,1.0,30,4.53,4.16,Entire home/apt,POBLATS MARITIMS,0
32.0,2,1.0,1.0,40,4.68,0.54,Private room,EXTRAMURS,1
40.0,2,1.0,1.0,39,4.72,0.54,Private room,EXTRAMURS,1
33.0,2,1.0,1.0,30,4.67,0.54,Private room,EXTRAMURS,1
65.0,5,3.0,1.5,6,4.33,2.1,Entire home/apt,L'OLIVERETA,0
116.0,4,1.0,1.0,1,4.0,1.54,Entire home/apt,QUATRE CARRERES,0
106.0,4,1.0,1.0,1,5.0,1.54,Entire home/apt,QUATRE CARRERES,0
115.0,4,1.0,1.0,1,4.0,1.54,Entire home/apt,QUATRE CARRERES,0
93.0,4,1.0,1.0,1,5.0,1.35,Entire home/apt,PATRAIX,0
42.0,1,1.0,0.5,1,5.0,1.63,Private room,QUATRE CARRERES,0
153.0,4,1.0,1.0,1,5.0,2.29,Entire home/apt,QUATRE CARRERES,0
42.0,2,1.0,1.0,13,3.77,2.93,Private room,JESUS,0
47.0,2,1.0,1.0,2,4.5,2.36,Private room,ALGIROS,0
113.0,2,1.0,1.0,32,4.75,2.45,Entire home/apt,CAMINS AL GRAU,0
52.0,2,1.0,1.0,5,4.8,4.27,Private room,POBLATS MARITIMS,1
33.0,1,1.0,1.0,3,5.0,4.18,Private room,POBLATS MARITIMS,0
75.0,2,1.0,1.0,7,4.71,3.52,Private room,POBLATS MARITIMS,0
67.0,2,1.0,1.0,10,5.0,3.53,Private room,POBLATS MARITIMS,0
95.0,6,1.0,2.0,14,4.64,1.47,Entire home/apt,QUATRE CARRERES,0
56.0,2,1.0,1.0,15,4.07,1.03,Entire home/apt,EXTRAMURS,0
54.0,1,1.0,1.0,20,5.0,0.75,Private room,EXTRAMURS,1
122.0,4,1.0,1.0,8,5.0,1.54,Entire home/apt,QUATRE CARRERES,0
36.0,1,1.0,0.5,10,4.7,2.62,Private room,BENICALAP,1
122.0,2,1.0,1.0,9,4.78,0.9,Entire home/apt,CIUTAT VELLA,1
69.0,2,1.0,2.0,1,5.0,1.92,Private room,PATRAIX,0
34.0,1,1.0,2.0,2,5.0,1.84,Private room,PATRAIX,0
110.0,2,1.0,1.0,19,4.53,2.15,Entire home/apt,PATRAIX,0
100.0,2,1.0,1.0,3,5.0,2.92,Entire home/apt,CAMINS AL GRAU,0
65.0,4,2.0,2.0,1,5.0,0.71,Entire home/apt,CIUTAT VELLA,0
72.0,2,1.0,1.0,7,5.0,0.86,Private room,EXTRAMURS,0
30.0,1,1.0,2.0,8,4.88,1.8,Private room,CAMPANAR,1
39.0,2,1.0,1.0,5,4.2,3.76,Private room,POBLATS MARITIMS,0
109.0,2,0.0,1.0,3,4.67,0.7,Entire home/apt,L'EIXAMPLE,0
35.0,2,1.0,1.0,16,4.81,4.14,Private room,POBLATS MARITIMS,0
80.0,3,1.0,1.0,17,4.82,1.22,Entire home/apt,PATRAIX,0
72.0,3,1.0,1.0,7,4.57,5.37,Entire home/apt,POBLATS DEL NORD,0
81.0,3,1.0,1.0,13,4.46,0.77,Entire home/apt,CIUTAT VELLA,0
85.0,4,1.0,1.0,14,4.79,2.21,Entire home/apt,BENIMACLET,0
104.0,4,1.0,1.0,18,4.94,1.78,Entire home/apt,QUATRE CARRERES,1
92.0,3,1.0,1.0,25,4.84,0.45,Entire home/apt,CIUTAT VELLA,1
96.0,4,1.0,1.0,3,5.0,1.87,Entire home/apt,LA SAIDIA,1
36.0,1,1.0,1.0,13,4.77,2.12,Private room,BENIMACLET,1
193.0,6,4.0,2.0,10,5.0,1.86,Entire home/apt,EL PLA DEL REAL,0
69.0,2,1.0,1.0,2,5.0,3.94,Entire home/apt,POBLATS MARITIMS,0
34.0,1,1.0,1.0,14,4.93,3.84,Private room,POBLATS MARITIMS,0
39.0,2,1.0,2.0,13,4.85,2.04,Private room,ALGIROS,0
35.0,2,1.0,2.0,14,4.71,2.04,Private room,ALGIROS,0
85.0,2,1.0,1.0,33,4.94,0.45,Private room,EXTRAMURS,1
120.0,2,1.0,1.0,1,5.0,0.49,Entire home/apt,CIUTAT VELLA,0
57.0,2,1.0,1.0,31,4.94,1.39,Private room,QUATRE CARRERES,0
72.0,4,1.0,1.0,3,4.33,1.69,Entire home/apt,L'OLIVERETA,0
89.0,4,2.0,2.0,1,5.0,1.62,Entire home/apt,EXTRAMURS,0
121.0,2,1.0,1.0,5,4.6,3.97,Entire home/apt,POBLATS MARITIMS,0
118.0,4,0.0,1.0,4,5.0,0.23,Entire home/apt,CIUTAT VELLA,0
69.0,2,1.0,1.0,28,4.82,2.16,Private room,QUATRE CARRERES,0
167.0,6,3.0,1.0,14,4.71,4.09,Entire home/apt,POBLATS MARITIMS,0
93.0,3,0.0,1.0,23,4.91,0.37,Entire home/apt,CIUTAT VELLA,1
45.0,3,1.0,2.0,14,4.93,1.98,Private room,ALGIROS,0
88.0,3,0.0,1.0,25,4.48,0.58,Entire home/apt,CIUTAT VELLA,1
48.0,2,1.0,1.0,2,3.0,3.98,Private room,POBLATS MARITIMS,0
179.0,5,2.0,2.0,17,4.88,0.52,Entire home/apt,CIUTAT VELLA,0
368.0,10,3.0,2.0,12,4.92,1.92,Entire home/apt,LA SAIDIA,1
97.0,3,0.0,1.0,26,4.81,0.54,Entire home/apt,CIUTAT VELLA,1
97.0,3,0.0,1.0,23,4.7,0.37,Entire home/apt,CIUTAT VELLA,1
35.0,2,1.0,1.0,3,5.0,4.25,Private room,QUATRE CARRERES,0
127.0,2,1.0,1.0,5,5.0,3.87,Entire home/apt,POBLATS MARITIMS,0
154.0,5,2.0,1.0,22,4.82,0.17,Entire home/apt,CIUTAT VELLA,1
148.0,4,2.0,1.0,21,4.9,0.17,Entire home/apt,CIUTAT VELLA,1
105.0,2,1.0,1.0,14,4.64,2.44,Entire home/apt,CAMINS AL GRAU,0
88.0,3,0.0,1.0,20,4.7,0.53,Entire home/apt,CIUTAT VELLA,1
81.0,4,2.0,1.0,19,4.79,1.69,Entire home/apt,L'OLIVERETA,0
43.0,2,1.0,1.5,20,4.85,2.79,Private room,CAMINS AL GRAU,1
59.0,2,1.0,1.0,2,5.0,3.84,Entire home/apt,POBLATS MARITIMS,1
112.0,4,1.0,1.0,3,5.0,2.03,Entire home/apt,BENIMACLET,0
110.0,4,1.0,1.0,4,5.0,1.94,Entire home/apt,LA SAIDIA,0
235.0,8,3.0,2.0,5,5.0,1.66,Entire home/apt,JESUS,0
127.0,4,1.0,1.0,6,4.83,3.95,Entire home/apt,POBLATS MARITIMS,0
76.0,2,1.0,1.0,14,4.79,2.16,Entire home/apt,ALGIROS,0
74.0,4,2.0,1.0,17,4.76,2.06,Entire home/apt,ALGIROS,0
40.0,2,1.0,1.0,22,4.73,1.24,Private room,L'EIXAMPLE,0
114.0,4,1.0,1.0,1,5.0,3.02,Entire home/apt,QUATRE CARRERES,1
69.0,2,1.0,1.0,3,5.0,3.84,Entire home/apt,POBLATS MARITIMS,1
102.0,4,2.0,1.0,4,5.0,4.07,Entire home/apt,POBLATS MARITIMS,0
59.0,2,1.0,1.0,2,5.0,3.84,Entire home/apt,POBLATS MARITIMS,1
125.0,6,1.0,1.0,12,4.83,0.49,Entire home/apt,CIUTAT VELLA,1
50.0,2,1.0,0.5,1,5.0,2.92,Private room,CAMINS AL GRAU,0
91.0,2,1.0,1.0,11,4.91,0.28,Entire home/apt,CIUTAT VELLA,1
45.0,2,1.0,0.5,1,5.0,1.61,Private room,QUATRE CARRERES,0
86.0,4,2.0,1.5,17,4.88,5.12,Entire home/apt,POBLATS DE L'OEST,0
86.0,5,2.0,1.0,12,4.75,0.85,Entire home/apt,EXTRAMURS,0
70.0,2,1.0,1.0,33,4.91,4.8,Entire home/apt,POBLATS DE L'OEST,0
41.0,6,3.0,3.0,3,5.0,2.4,Entire home/apt,CAMINS AL GRAU,0
38.0,2,1.0,1.0,8,4.75,4.23,Entire home/apt,POBLATS MARITIMS,0
40.0,2,1.0,1.0,21,4.62,1.86,Private room,CAMINS AL GRAU,0
138.0,4,2.0,1.5,3,4.67,4.0,Entire home/apt,POBLATS MARITIMS,0
89.0,4,2.0,1.0,10,5.0,3.81,Entire home/apt,POBLATS MARITIMS,0
52.0,2,1.0,0.5,1,5.0,0.96,Private room,L'EIXAMPLE,0
129.0,7,3.0,1.0,16,4.94,2.68,Entire home/apt,CAMINS AL GRAU,1
56.0,2,1.0,1.0,1,1.0,1.08,Private room,L'EIXAMPLE,0
39.0,2,1.0,1.0,10,4.7,1.53,Private room,L'OLIVERETA,0
68.0,3,1.0,1.0,28,4.61,0.3,Entire home/apt,EXTRAMURS,0
146.0,2,1.0,1.0,4,5.0,1.92,Entire home/apt,EL PLA DEL REAL,0
121.0,8,3.0,2.0,24,4.96,1.58,Entire home/apt,CAMPANAR,1
38.0,2,1.0,2.0,15,4.27,2.64,Private room,L'OLIVERETA,0
51.0,2,1.0,1.0,14,4.93,2.24,Private room,ALGIROS,0
146.0,6,5.0,2.0,2,5.0,3.61,Entire home/apt,POBLATS MARITIMS,0
121.0,4,1.0,1.0,6,5.0,1.8,Entire home/apt,QUATRE CARRERES,0
147.0,6,3.0,1.0,18,4.5,2.2,Entire home/apt,JESUS,0
258.0,4,2.0,2.0,14,4.86,0.06,Entire home/apt,CIUTAT VELLA,0
73.0,4,1.0,1.0,5,5.0,2.73,Entire home/apt,ALGIROS,0
86.0,4,1.0,1.0,19,5.0,1.96,Entire home/apt,BENIMACLET,1
107.0,2,1.0,1.0,10,4.8,0.28,Entire home/apt,CIUTAT VELLA,1
52.0,2,1.0,1.0,2,4.5,1.93,Entire home/apt,CAMPANAR,0
57.0,4,2.0,1.0,2,4.0,1.94,Entire home/apt,CAMPANAR,0
135.0,4,2.0,1.0,5,4.8,0.87,Entire home/apt,CIUTAT VELLA,0
137.0,4,1.0,1.0,1,5.0,2.34,Entire home/apt,ALGIROS,0
223.0,6,2.0,1.0,9,4.56,1.09,Entire home/apt,L'EIXAMPLE,0
46.0,2,1.0,1.0,27,4.93,4.33,Private room,POBLATS MARITIMS,0
70.0,3,2.0,1.0,1,5.0,1.47,Entire home/apt,PATRAIX,1
160.0,4,1.0,1.0,11,4.64,0.19,Entire home/apt,CIUTAT VELLA,0
65.0,1,1.0,1.0,5,5.0,1.04,Private room,L'EIXAMPLE,1
54.0,2,1.0,2.0,4,4.0,0.86,Private room,CIUTAT VELLA,0
38.0,2,1.0,1.0,24,4.79,0.35,Private room,L'EIXAMPLE,0
99.0,4,1.0,1.0,3,5.0,2.09,Entire home/apt,PATRAIX,0
121.0,4,1.0,1.0,18,5.0,4.14,Entire home/apt,POBLATS MARITIMS,1
140.0,4,1.0,1.0,1,5.0,2.3,Entire home/apt,ALGIROS,0
37.0,2,1.0,1.0,16,4.81,0.28,Private room,CIUTAT VELLA,0
131.0,4,1.0,1.0,5,5.0,2.3,Entire home/apt,ALGIROS,0
39.0,2,1.0,1.0,13,4.77,0.27,Private room,CIUTAT VELLA,0
39.0,1,1.0,0.5,2,4.5,3.37,Private room,ALGIROS,1
38.0,2,1.0,1.0,9,4.67,0.51,Private room,L'EIXAMPLE,0
38.0,2,1.0,1.0,17,4.82,0.29,Private room,CIUTAT VELLA,0
42.0,2,1.0,1.0,19,4.84,0.26,Private room,CIUTAT VELLA,0
79.0,4,1.0,1.0,25,4.92,1.99,Entire home/apt,LA SAIDIA,1
85.0,4,1.0,1.0,28,4.96,1.91,Entire home/apt,LA SAIDIA,1
126.0,4,1.0,1.0,10,5.0,2.83,Entire home/apt,ALGIROS,0
76.0,2,1.0,1.0,15,4.8,0.48,Entire home/apt,CIUTAT VELLA,1
138.0,7,2.0,1.5,17,4.65,1.02,Entire home/apt,L'EIXAMPLE,1
127.0,3,1.0,1.0,2,2.5,1.64,Entire home/apt,L'OLIVERETA,0
94.0,4,1.0,1.0,6,4.83,2.45,Entire home/apt,BENIMACLET,0
90.0,3,1.0,1.0,21,4.95,4.54,Entire home/apt,POBLATS MARITIMS,1
55.0,2,1.0,1.0,3,5.0,4.35,Private room,POBLATS MARITIMS,1
78.0,4,1.0,1.0,7,3.86,2.33,Entire home/apt,BENIMACLET,0
84.0,2,1.0,1.0,3,4.33,2.6,Private room,CAMINS AL GRAU,1
40.0,1,1.0,1.0,24,4.71,2.68,Private room,CAMINS AL GRAU,1
34.0,1,1.0,1.0,19,4.53,2.77,Private room,CAMINS AL GRAU,1
53.0,2,1.0,1.0,2,5.0,0.96,Private room,CIUTAT VELLA,0
39.0,1,1.0,1.0,2,4.5,0.96,Private room,CIUTAT VELLA,0
90.0,2,1.0,1.0,44,4.84,3.34,Entire home/apt,POBLATS MARITIMS,1
105.0,4,3.0,1.0,7,5.0,1.22,Entire home/apt,EXTRAMURS,0
186.0,4,2.0,1.0,4,4.5,1.05,Entire home/apt,CIUTAT VELLA,0
148.0,3,1.0,1.0,1,1.0,1.22,Entire home/apt,CIUTAT VELLA,0
68.0,2,1.0,1.0,1,5.0,0.49,Entire home/apt,CIUTAT VELLA,0
50.0,2,1.0,1.0,18,4.83,2.49,Private room,QUATRE CARRERES,0
133.0,4,1.0,1.0,1,4.0,2.15,Entire home/apt,ALGIROS,0
156.0,4,3.0,2.0,1,5.0,3.44,Entire home/apt,ALGIROS,0
69.0,4,1.0,1.0,5,4.6,0.31,Entire home/apt,CIUTAT VELLA,0
40.0,2,1.0,1.0,10,4.5,2.8,Private room,JESUS,0
107.0,3,0.0,1.0,1,5.0,1.91,Entire home/apt,LA SAIDIA,0
69.0,2,1.0,1.0,18,4.89,2.64,Entire home/apt,BENICALAP,1
144.0,4,1.0,1.0,1,4.0,2.15,Entire home/apt,ALGIROS,0
45.0,2,1.0,1.0,9,4.78,1.95,Private room,JESUS,0
45.0,2,1.0,1.0,6,5.0,1.96,Private room,JESUS,0
33.0,2,1.0,1.0,2,3.5,3.74,Private room,POBLATS MARITIMS,0
105.0,4,1.0,1.0,8,4.75,3.91,Entire home/apt,POBLATS MARITIMS,0
65.0,1,1.0,1.0,1,5.0,1.04,Private room,L'EIXAMPLE,1
89.0,2,1.0,1.0,2,5.0,1.86,Entire home/apt,JESUS,0
53.0,1,1.0,0.0,4,5.0,2.61,Private room,CAMINS AL GRAU,0
208.0,6,1.0,1.0,28,4.89,1.51,Entire home/apt,QUATRE CARRERES,1
122.0,4,1.0,1.0,18,5.0,1.51,Entire home/apt,QUATRE CARRERES,1
122.0,4,1.0,1.0,10,4.9,1.51,Entire home/apt,QUATRE CARRERES,1
122.0,4,1.0,1.0,12,5.0,1.51,Entire home/apt,QUATRE CARRERES,1
122.0,4,1.0,1.0,4,5.0,1.51,Entire home/apt,QUATRE CARRERES,1
122.0,4,1.0,1.0,9,4.78,1.51,Entire home/apt,QUATRE CARRERES,1
122.0,4,1.0,1.0,25,4.92,1.51,Entire home/apt,QUATRE CARRERES,1
116.0,5,2.0,1.0,19,4.79,1.56,Entire home/apt,QUATRE CARRERES,0
43.0,2,1.0,1.0,17,4.47,4.27,Private room,POBLATS MARITIMS,0
120.0,4,2.0,1.0,19,4.95,12.79,Entire home/apt,POBLATS DEL SUD,0
128.0,2,1.0,1.0,1,5.0,0.63,Entire home/apt,EXTRAMURS,0
89.0,4,2.0,1.0,2,3.5,3.09,Entire home/apt,CAMINS AL GRAU,0
108.0,4,2.0,1.0,17,5.0,6.21,Entire home/apt,POBLATS MARITIMS,0
96.0,3,1.0,1.0,17,4.88,4.54,Entire home/apt,POBLATS MARITIMS,1
101.0,3,1.0,1.0,25,4.96,4.55,Entire home/apt,POBLATS MARITIMS,1
35.0,1,1.0,1.5,15,4.6,4.23,Private room,POBLATS MARITIMS,0
135.0,2,1.0,1.0,2,5.0,1.0,Entire home/apt,CIUTAT VELLA,1
141.0,2,1.0,1.0,1,4.0,1.0,Entire home/apt,CIUTAT VELLA,1
141.0,2,1.0,1.0,17,4.94,1.0,Entire home/apt,CIUTAT VELLA,1
147.0,2,1.0,1.0,7,4.71,1.0,Entire home/apt,CIUTAT VELLA,1
118.0,4,0.0,1.0,4,4.5,1.85,Entire home/apt,QUATRE CARRERES,0
142.0,2,1.0,2.0,7,5.0,0.61,Entire home/apt,EXTRAMURS,0
212.0,5,3.0,2.0,16,4.88,0.81,Entire home/apt,CIUTAT VELLA,0
142.0,4,1.0,1.0,1,5.0,2.26,Entire home/apt,LA SAIDIA,0
137.0,4,0.0,1.0,3,5.0,1.8,Entire home/apt,QUATRE CARRERES,0
124.0,4,0.0,1.0,4,5.0,1.91,Entire home/apt,QUATRE CARRERES,0
120.0,6,3.0,2.0,2,5.0,20.89,Entire home/apt,POBLATS DEL SUD,0
105.0,6,2.0,2.0,22,4.91,1.66,Entire home/apt,L'OLIVERETA,0
106.0,3,1.0,1.0,3,4.33,2.3,Entire home/apt,QUATRE CARRERES,0
132.0,4,0.0,1.0,3,4.67,1.96,Entire home/apt,QUATRE CARRERES,0
135.0,4,0.0,1.0,4,4.5,1.78,Entire home/apt,QUATRE CARRERES,0
150.0,4,2.0,1.0,2,5.0,0.88,Entire home/apt,CIUTAT VELLA,0
57.0,2,1.0,1.0,5,5.0,1.76,Private room,LA SAIDIA,0
112.0,3,1.0,1.0,3,5.0,0.6,Entire home/apt,EXTRAMURS,0
61.0,2,1.0,1.0,3,4.67,2.6,Private room,CAMINS AL GRAU,1
38.0,2,1.0,1.0,2,4.0,2.24,Private room,CAMINS AL GRAU,0
186.0,4,2.0,2.0,18,4.89,0.67,Entire home/apt,L'EIXAMPLE,0
145.0,5,3.0,1.0,4,5.0,3.02,Entire home/apt,CAMINS AL GRAU,1
75.0,7,1.0,1.0,2,5.0,3.09,Entire home/apt,BENICALAP,0
48.0,3,1.0,1.0,8,3.63,2.65,Entire home/apt,RASCANYA,0
180.0,4,2.0,2.0,2,5.0,0.86,Entire home/apt,L'EIXAMPLE,1
42.0,1,1.0,1.0,19,4.84,0.86,Private room,EXTRAMURS,0
172.0,6,3.0,1.0,5,5.0,3.54,Entire home/apt,POBLATS MARITIMS,0
77.0,3,1.0,1.0,21,4.95,1.04,Entire home/apt,EXTRAMURS,0
63.0,2,1.0,1.0,4,5.0,2.25,Private room,L'OLIVERETA,0
59.0,2,1.0,1.0,3,5.0,2.23,Private room,L'OLIVERETA,0
90.0,4,2.0,1.0,36,4.56,0.15,Entire home/apt,CIUTAT VELLA,0
84.0,4,2.0,1.0,32,4.34,0.3,Entire home/apt,CIUTAT VELLA,0
90.0,5,4.0,2.0,2,5.0,1.4,Entire home/apt,EL PLA DEL REAL,0
57.0,2,1.0,1.0,5,5.0,3.35,Private room,CAMINS AL GRAU,0
103.0,4,2.0,2.0,21,4.95,1.54,Entire home/apt,EL PLA DEL REAL,1
111.0,4,0.0,1.0,2,4.5,1.21,Entire home/apt,EXTRAMURS,0
112.0,4,0.0,1.0,12,4.5,1.24,Entire home/apt,EXTRAMURS,0
100.0,4,1.0,1.0,9,4.67,1.86,Entire home/apt,CAMPANAR,1
60.0,2,1.0,1.0,7,4.57,1.11,Private room,L'EIXAMPLE,0
86.0,4,1.0,1.0,4,5.0,1.98,Entire home/apt,LA SAIDIA,1
39.0,1,1.0,1.0,4,3.5,1.08,Private room,L'EIXAMPLE,0
120.0,4,3.0,1.0,3,5.0,3.83,Entire home/apt,POBLATS MARITIMS,0
154.0,8,2.0,1.0,5,4.8,3.24,Entire home/apt,CAMINS AL GRAU,0
153.0,8,2.0,1.0,6,4.83,3.24,Entire home/apt,CAMINS AL GRAU,0
87.0,4,2.0,1.5,1,3.0,1.1,Entire home/apt,CIUTAT VELLA,0
98.0,4,1.0,1.0,5,5.0,0.86,Entire home/apt,L'EIXAMPLE,0
142.0,4,1.0,1.0,12,5.0,1.7,Entire home/apt,LA SAIDIA,1
147.0,4,1.0,1.0,14,5.0,1.72,Entire home/apt,LA SAIDIA,1
133.0,4,1.0,1.0,9,4.78,1.7,Entire home/apt,LA SAIDIA,1
71.0,5,4.0,2.0,1,5.0,1.71,Entire home/apt,EL PLA DEL REAL,0
89.0,4,1.0,1.0,2,5.0,2.86,Entire home/apt,CAMINS AL GRAU,0
85.0,2,1.0,1.0,39,4.77,0.45,Private room,EXTRAMURS,1
90.0,3,1.0,1.0,5,4.6,2.77,Entire home/apt,RASCANYA,0
92.0,4,2.0,1.0,6,5.0,1.03,Entire home/apt,EXTRAMURS,0
85.0,2,1.0,1.0,30,4.73,0.45,Private room,EXTRAMURS,1
108.0,4,0.0,1.0,12,4.42,2.13,Entire home/apt,QUATRE CARRERES,0
85.0,2,1.0,1.0,30,4.77,0.45,Private room,EXTRAMURS,1
117.0,4,1.0,1.0,5,5.0,1.83,Entire home/apt,QUATRE CARRERES,0
80.0,3,1.0,1.0,13,4.77,3.05,Entire home/apt,ALGIROS,0
140.0,4,1.0,2.0,1,5.0,1.68,Entire home/apt,LA SAIDIA,0
85.0,2,1.0,1.0,27,4.81,0.45,Private room,EXTRAMURS,1
85.0,2,1.0,1.0,32,4.75,0.45,Private room,EXTRAMURS,1
172.0,4,1.0,1.0,2,4.5,0.95,Entire home/apt,EXTRAMURS,0
240.0,3,1.0,1.0,1,5.0,1.93,Entire home/apt,CAMINS AL GRAU,0
107.0,2,1.0,1.0,2,3.0,3.52,Entire home/apt,BENICALAP,0
63.0,2,1.0,1.0,1,5.0,1.78,Private room,CAMINS AL GRAU,0
35.0,2,1.0,1.0,1,5.0,1.97,Private room,LA SAIDIA,0
150.0,2,1.0,1.0,2,5.0,1.9,Entire home/apt,QUATRE CARRERES,0
40.0,2,1.0,1.0,3,5.0,2.04,Private room,L'OLIVERETA,0
132.0,6,1.0,1.0,2,4.0,3.79,Entire home/apt,POBLATS MARITIMS,0
129.0,4,1.0,1.0,6,5.0,1.04,Entire home/apt,EXTRAMURS,0
90.0,2,1.0,1.0,32,4.78,0.45,Private room,EXTRAMURS,1
85.0,2,1.0,1.0,31,4.81,0.45,Private room,EXTRAMURS,1
99.0,4,2.0,2.0,1,4.0,1.63,Entire home/apt,JESUS,0
99.0,4,2.0,1.5,7,5.0,2.62,Entire home/apt,BENICALAP,0
37.0,4,2.0,1.0,2,5.0,1.76,Entire home/apt,PATRAIX,1
58.0,4,1.0,1.0,1,4.0,0.87,Entire home/apt,L'EIXAMPLE,0
216.0,6,3.0,3.0,8,5.0,2.18,Entire home/apt,ALGIROS,0
54.0,2,1.0,1.0,1,5.0,4.94,Private room,QUATRE CARRERES,0
134.0,4,1.0,1.0,8,5.0,0.95,Entire home/apt,EXTRAMURS,0
123.0,4,1.0,1.0,2,5.0,0.97,Entire home/apt,EXTRAMURS,0
129.0,4,1.0,1.0,7,5.0,1.04,Entire home/apt,EXTRAMURS,0
36.0,1,1.0,2.0,1,5.0,0.57,Private room,L'EIXAMPLE,0
74.0,2,1.0,1.0,8,4.75,1.07,Entire home/apt,EXTRAMURS,1
89.0,2,1.0,1.0,10,4.8,1.21,Entire home/apt,EXTRAMURS,1
38.0,2,1.0,1.0,23,4.78,2.07,Private room,BENIMACLET,0
82.0,2,1.0,1.0,11,5.0,1.53,Private room,JESUS,0
95.0,3,1.0,1.0,5,5.0,4.02,Entire home/apt,POBLATS MARITIMS,0
117.0,4,1.0,1.0,4,4.75,1.57,Entire home/apt,QUATRE CARRERES,0
141.0,3,0.0,1.0,1,5.0,3.34,Entire home/apt,CAMINS AL GRAU,0
79.0,4,2.0,1.0,8,5.0,2.37,Entire home/apt,RASCANYA,0
177.0,4,1.0,1.0,1,5.0,0.93,Entire home/apt,L'EIXAMPLE,0
248.0,5,2.0,1.0,9,4.89,0.93,Entire home/apt,L'EIXAMPLE,0
263.0,5,2.0,1.0,3,5.0,0.93,Entire home/apt,L'EIXAMPLE,0
83.0,2,1.0,1.0,7,4.57,2.38,Entire home/apt,BENICALAP,0
278.0,11,4.0,4.0,4,5.0,4.0,Entire home/apt,POBLATS MARITIMS,1
83.0,2,1.0,1.0,3,4.67,2.45,Entire home/apt,BENICALAP,0
80.0,2,1.0,1.0,1,4.0,2.46,Entire home/apt,BENICALAP,0
80.0,2,1.0,1.0,1,5.0,2.67,Entire home/apt,BENICALAP,0
38.0,2,1.0,1.0,9,5.0,1.45,Private room,QUATRE CARRERES,0
67.0,2,1.0,1.0,29,4.93,2.55,Entire home/apt,BENICALAP,1
40.0,3,1.0,0.5,2,4.5,2.25,Private room,LA SAIDIA,0
140.0,4,2.0,1.0,12,4.92,4.02,Entire home/apt,POBLATS MARITIMS,1
102.0,4,2.0,1.0,1,5.0,3.91,Entire home/apt,POBLATS MARITIMS,0
60.0,2,1.0,1.0,7,5.0,2.0,Private room,L'OLIVERETA,0
100.0,3,1.0,1.0,10,4.8,2.08,Entire home/apt,QUATRE CARRERES,0
140.0,2,1.0,1.0,8,4.0,0.47,Entire home/apt,CIUTAT VELLA,0
53.0,2,1.0,1.0,2,4.5,1.24,Entire home/apt,L'EIXAMPLE,0
80.0,2,1.0,1.0,20,4.55,1.68,Entire home/apt,JESUS,0
114.0,4,1.0,1.0,1,5.0,2.85,Entire home/apt,RASCANYA,0
87.0,3,1.0,1.0,8,4.88,1.9,Entire home/apt,QUATRE CARRERES,1
75.0,2,1.0,1.0,6,5.0,20.23,Entire home/apt,POBLATS DEL SUD,1
184.0,5,3.0,2.0,1,5.0,0.89,Entire home/apt,L'EIXAMPLE,0
194.0,4,3.0,2.0,4,4.75,0.53,Entire home/apt,CIUTAT VELLA,0
86.0,4,1.0,1.0,6,4.83,1.5,Entire home/apt,L'OLIVERETA,0
123.0,4,3.0,1.0,12,4.83,1.84,Entire home/apt,LA SAIDIA,0
69.0,2,1.0,1.0,24,4.75,1.71,Entire home/apt,JESUS,0
66.0,2,1.0,1.0,16,4.88,1.54,Entire home/apt,JESUS,0
103.0,4,1.0,1.0,8,4.5,4.32,Entire home/apt,POBLATS MARITIMS,1
123.0,3,1.0,1.0,5,5.0,4.3,Entire home/apt,POBLATS MARITIMS,1
55.0,2,1.0,1.0,9,4.67,4.93,Private room,QUATRE CARRERES,0
32.0,1,1.0,1.0,5,5.0,4.22,Private room,POBLATS MARITIMS,0
117.0,3,0.0,1.0,8,4.75,2.67,Entire home/apt,RASCANYA,0
128.0,4,2.0,1.0,13,4.77,0.75,Entire home/apt,L'EIXAMPLE,0
105.0,4,1.0,1.0,6,5.0,1.92,Entire home/apt,L'OLIVERETA,0
32.0,1,1.0,1.0,41,4.85,2.43,Private room,CAMINS AL GRAU,0
214.0,4,2.0,2.0,5,4.8,1.79,Entire home/apt,LA SAIDIA,0
42.0,2,1.0,1.5,10,4.8,3.73,Private room,POBLATS MARITIMS,0
51.0,2,1.0,2.0,8,5.0,2.05,Private room,BENIMACLET,0
178.0,6,3.0,2.0,4,5.0,1.88,Entire home/apt,EL PLA DEL REAL,1
91.0,3,0.0,1.0,19,4.95,4.55,Entire home/apt,POBLATS MARITIMS,1
85.0,3,0.0,1.0,21,4.95,4.55,Entire home/apt,POBLATS MARITIMS,1
97.0,3,0.0,1.0,18,5.0,4.55,Entire home/apt,POBLATS MARITIMS,1
114.0,4,1.0,1.0,12,4.92,2.41,Entire home/apt,RASCANYA,1
77.0,3,0.0,1.0,9,4.78,1.42,Entire home/apt,PATRAIX,0
90.0,2,1.0,1.0,2,3.5,1.58,Entire home/apt,PATRAIX,0
100.0,2,1.0,1.0,4,5.0,1.59,Entire home/apt,PATRAIX,0
137.0,3,2.0,2.0,3,4.67,3.94,Entire home/apt,POBLATS MARITIMS,0
171.0,6,3.0,2.0,3,5.0,1.38,Entire home/apt,QUATRE CARRERES,0
163.0,5,2.0,1.0,4,4.25,1.33,Entire home/apt,QUATRE CARRERES,0
83.0,3,0.0,1.0,5,4.4,1.45,Entire home/apt,PATRAIX,0
30.0,1,1.0,1.0,7,5.0,2.79,Private room,PATRAIX,0
150.0,5,2.0,2.0,6,4.5,0.67,Entire home/apt,EXTRAMURS,0
92.0,3,2.0,2.0,13,5.0,2.95,Entire home/apt,L'OLIVERETA,0
36.0,1,1.0,1.0,1,5.0,4.27,Private room,POBLATS MARITIMS,0
180.0,5,2.0,1.5,1,5.0,4.09,Entire home/apt,POBLATS MARITIMS,0
102.0,4,1.0,2.0,3,4.33,4.38,Entire home/apt,POBLATS MARITIMS,0
130.0,4,1.0,1.0,2,5.0,1.36,Entire home/apt,EXTRAMURS,0
50.0,2,1.0,1.0,6,4.67,4.11,Private room,POBLATS MARITIMS,0
100.0,4,2.0,1.0,9,4.22,2.3,Entire home/apt,LA SAIDIA,0
98.0,4,1.0,1.0,11,4.91,0.97,Entire home/apt,CIUTAT VELLA,1
99.0,4,1.0,1.0,1,5.0,1.2,Entire home/apt,L'EIXAMPLE,0
39.0,2,1.0,1.0,1,3.0,2.93,Private room,JESUS,0
144.0,2,1.0,1.0,1,4.0,0.3,Entire home/apt,EXTRAMURS,0
155.0,2,1.0,1.0,1,5.0,0.3,Entire home/apt,EXTRAMURS,0
159.0,6,2.0,1.0,4,5.0,2.46,Entire home/apt,CAMINS AL GRAU,0
156.0,4,1.0,1.0,1,5.0,0.3,Entire home/apt,EXTRAMURS,0
175.0,2,1.0,1.0,1,5.0,0.3,Entire home/apt,EXTRAMURS,0
185.0,2,1.0,1.0,4,4.75,0.3,Entire home/apt,EXTRAMURS,0
99.0,4,1.0,1.0,7,4.86,1.6,Entire home/apt,EL PLA DEL REAL,1
203.0,4,1.0,1.0,3,5.0,0.3,Entire home/apt,EXTRAMURS,0
213.0,4,1.0,1.0,3,5.0,0.3,Entire home/apt,EXTRAMURS,0
99.0,4,1.0,1.0,10,5.0,1.62,Entire home/apt,EL PLA DEL REAL,1
80.0,4,1.0,1.0,2,4.5,2.64,Entire home/apt,CAMPANAR,0
79.0,4,1.0,1.0,5,5.0,2.48,Entire home/apt,CAMPANAR,0
105.0,4,1.0,1.0,8,5.0,2.45,Entire home/apt,JESUS,0
138.0,5,3.0,1.0,3,5.0,1.15,Entire home/apt,EXTRAMURS,0
130.0,3,1.0,1.0,8,4.63,0.96,Entire home/apt,CIUTAT VELLA,0
224.0,4,2.0,1.0,3,5.0,0.61,Entire home/apt,EXTRAMURS,1
234.0,4,2.0,1.0,9,5.0,0.46,Entire home/apt,CIUTAT VELLA,1
245.0,4,2.0,1.0,9,5.0,0.42,Entire home/apt,CIUTAT VELLA,1
212.0,4,2.0,1.0,7,4.86,0.54,Entire home/apt,CIUTAT VELLA,1
45.0,2,0.0,1.0,1,5.0,0.81,Entire home/apt,EXTRAMURS,0
106.0,4,1.0,1.0,9,5.0,3.97,Entire home/apt,POBLATS MARITIMS,0
45.0,1,1.0,1.0,2,5.0,2.86,Private room,CAMINS AL GRAU,0
85.0,2,1.0,1.0,11,4.91,2.42,Entire home/apt,CAMINS AL GRAU,0
123.0,4,1.0,1.0,3,5.0,2.46,Entire home/apt,CAMINS AL GRAU,0
115.0,4,0.0,1.0,6,4.67,2.45,Entire home/apt,CAMINS AL GRAU,0
60.0,2,1.0,2.5,3,3.0,0.35,Private room,L'EIXAMPLE,0
90.0,4,1.0,1.0,8,5.0,1.89,Entire home/apt,QUATRE CARRERES,1
118.0,4,1.0,1.0,10,5.0,4.0,Entire home/apt,POBLATS MARITIMS,1
37.0,1,1.0,1.0,4,5.0,2.85,Private room,RASCANYA,0
130.0,2,1.0,1.0,3,5.0,0.28,Entire home/apt,CIUTAT VELLA,1
113.0,6,2.0,1.0,1,5.0,2.19,Entire home/apt,LA SAIDIA,0
67.0,2,1.0,2.0,13,5.0,0.25,Private room,CIUTAT VELLA,0
148.0,4,2.0,2.0,9,5.0,0.22,Entire home/apt,CIUTAT VELLA,0
125.0,4,2.0,1.0,10,4.6,2.67,Entire home/apt,CAMINS AL GRAU,0
37.0,1,1.0,1.0,8,5.0,2.97,Private room,RASCANYA,0
69.0,4,1.0,1.0,8,4.88,4.19,Entire home/apt,POBLATS MARITIMS,0
47.0,3,2.0,1.0,3,5.0,2.01,Entire home/apt,CAMPANAR,0
58.0,2,1.0,1.0,33,4.85,0.58,Private room,CIUTAT VELLA,0
120.0,5,4.0,1.0,1,5.0,2.84,Entire home/apt,RASCANYA,0
105.0,4,2.0,1.0,5,4.8,0.74,Entire home/apt,L'EIXAMPLE,0
100.0,4,2.0,1.0,3,4.67,0.94,Entire home/apt,L'EIXAMPLE,0
163.0,6,3.0,3.5,16,4.81,2.48,Entire home/apt,BENICALAP,0
90.0,3,2.0,1.0,2,5.0,0.92,Entire home/apt,EXTRAMURS,0
40.0,2,1.0,2.0,22,4.64,1.17,Private room,EXTRAMURS,0
115.0,3,2.0,1.0,9,5.0,1.22,Entire home/apt,CIUTAT VELLA,1
103.0,2,1.0,1.0,10,5.0,2.43,Entire home/apt,RASCANYA,1
80.0,2,1.0,0.5,1,4.0,1.91,Private room,EL PLA DEL REAL,0
104.0,4,1.0,1.0,2,4.0,2.41,Entire home/apt,CAMINS AL GRAU,0
113.0,4,1.0,0.0,3,5.0,2.39,Entire home/apt,CAMINS AL GRAU,0
52.0,2,1.0,1.0,10,4.9,2.0,Private room,CAMINS AL GRAU,0
223.0,6,3.0,3.0,11,4.91,2.82,Entire home/apt,CAMINS AL GRAU,0
45.0,1,1.0,0.5,1,1.0,3.03,Private room,BENICALAP,0
97.0,4,2.0,1.0,17,4.82,0.75,Entire home/apt,EXTRAMURS,0
178.0,2,1.0,1.0,3,5.0,2.38,Private room,CAMINS AL GRAU,0
80.0,8,4.0,1.0,1,5.0,4.16,Entire home/apt,POBLATS MARITIMS,0
95.0,2,1.0,2.5,1,5.0,2.22,Private room,RASCANYA,0
50.0,2,1.0,1.0,5,4.8,2.82,Private room,JESUS,0
213.0,4,2.0,2.5,1,5.0,0.34,Entire home/apt,CIUTAT VELLA,0
133.0,6,0.0,1.0,1,5.0,3.39,Entire home/apt,POBLATS MARITIMS,1
132.0,2,1.0,1.0,5,5.0,2.68,Entire home/apt,ALGIROS,0
106.0,5,2.0,1.0,12,4.67,2.21,Entire home/apt,PATRAIX,0
87.0,3,1.0,1.0,9,4.22,2.12,Entire home/apt,PATRAIX,0
79.0,2,0.0,1.0,3,5.0,3.46,Entire home/apt,JESUS,1
79.0,2,0.0,1.0,3,5.0,3.71,Entire home/apt,JESUS,1
125.0,3,1.0,1.0,3,4.67,1.67,Entire home/apt,QUATRE CARRERES,0
103.0,2,0.0,1.0,6,4.67,2.39,Entire home/apt,RASCANYA,0
102.0,2,0.0,1.0,6,5.0,2.42,Entire home/apt,RASCANYA,0
98.0,2,0.0,1.0,2,3.0,2.14,Entire home/apt,LA SAIDIA,0
95.0,2,0.0,1.0,8,4.63,2.26,Entire home/apt,RASCANYA,0
132.0,6,2.0,1.0,1,5.0,1.22,Entire home/apt,PATRAIX,0
50.0,1,1.0,0.5,4,5.0,1.24,Private room,EXTRAMURS,0
109.0,3,2.0,1.0,2,3.5,0.83,Entire home/apt,EXTRAMURS,0
168.0,5,2.0,1.5,3,5.0,1.08,Entire home/apt,EXTRAMURS,0
43.0,2,1.0,1.0,6,4.83,1.91,Private room,L'OLIVERETA,0
147.0,5,2.0,2.0,3,5.0,1.06,Entire home/apt,EXTRAMURS,0
131.0,5,2.0,1.5,3,5.0,1.27,Entire home/apt,PATRAIX,0
111.0,2,1.0,1.0,4,4.0,0.79,Entire home/apt,CIUTAT VELLA,0
108.0,2,1.0,1.0,9,5.0,2.69,Entire home/apt,ALGIROS,0
188.0,7,2.0,1.0,6,4.5,1.07,Entire home/apt,EXTRAMURS,0
35.0,1,1.0,2.0,5,5.0,1.84,Private room,CAMINS AL GRAU,0
205.0,8,3.0,2.0,4,5.0,1.16,Entire home/apt,EXTRAMURS,0
93.0,2,0.0,1.0,7,4.57,4.02,Entire home/apt,POBLATS MARITIMS,0
100.0,4,1.0,1.0,12,4.92,0.56,Entire home/apt,CIUTAT VELLA,0
141.0,5,2.0,1.0,7,4.71,2.69,Entire home/apt,CAMINS AL GRAU,0
142.0,6,3.0,1.0,11,4.64,4.06,Entire home/apt,POBLATS MARITIMS,0
90.0,2,1.0,1.0,7,4.86,1.8,Entire home/apt,QUATRE CARRERES,0
81.0,4,1.0,1.0,2,3.5,1.89,Entire home/apt,L'OLIVERETA,0
75.0,4,0.0,1.0,1,5.0,3.07,Entire home/apt,BENICALAP,1
75.0,4,0.0,1.0,1,5.0,3.33,Entire home/apt,BENICALAP,1
122.0,6,1.0,1.0,1,5.0,3.39,Entire home/apt,POBLATS MARITIMS,1
179.0,6,3.0,1.0,3,5.0,1.81,Entire home/apt,QUATRE CARRERES,0
68.0,2,1.0,1.0,7,4.86,0.84,Private room,EXTRAMURS,0
200.0,5,3.0,3.0,1,4.0,3.05,Entire home/apt,CAMINS AL GRAU,0
46.0,2,1.0,1.0,17,4.53,3.46,Private room,POBLATS MARITIMS,0
71.0,2,1.0,1.0,1,1.0,4.28,Private room,POBLATS MARITIMS,0
83.0,3,2.0,1.0,9,4.56,1.84,Entire home/apt,LA SAIDIA,0
91.0,4,0.0,1.0,1,4.0,3.66,Entire home/apt,JESUS,1
125.0,6,2.0,1.0,6,4.67,3.7,Entire home/apt,POBLATS MARITIMS,0
94.0,2,1.0,1.0,1,5.0,0.32,Entire home/apt,CIUTAT VELLA,0
103.0,6,2.0,1.0,2,5.0,2.87,Entire home/apt,CAMINS AL GRAU,0
134.0,6,1.0,1.0,4,4.5,3.82,Entire home/apt,POBLATS MARITIMS,0
120.0,4,1.0,1.0,4,3.5,3.87,Entire home/apt,POBLATS MARITIMS,0
160.0,8,3.0,1.0,5,4.6,3.87,Entire home/apt,POBLATS MARITIMS,0
30.0,1,1.0,2.0,10,4.8,3.16,Private room,PATRAIX,0
43.0,2,1.0,1.0,15,4.4,3.58,Private room,POBLATS MARITIMS,0
53.0,2,1.0,1.0,1,5.0,1.43,Entire home/apt,QUATRE CARRERES,0
131.0,4,1.0,1.0,6,5.0,4.1,Entire home/apt,POBLATS MARITIMS,1
51.0,2,1.0,1.0,1,2.0,2.03,Private room,EL PLA DEL REAL,0
42.0,2,1.0,1.0,24,4.71,2.27,Private room,LA SAIDIA,0
96.0,7,3.0,2.0,13,4.85,1.98,Entire home/apt,LA SAIDIA,1
116.0,4,1.0,1.0,1,5.0,2.19,Entire home/apt,QUATRE CARRERES,0
71.0,2,1.0,1.0,6,5.0,2.69,Entire home/apt,BENICALAP,1
150.0,5,1.0,1.0,10,5.0,2.3,Entire home/apt,ALGIROS,0
125.0,4,1.0,1.0,1,5.0,2.19,Entire home/apt,QUATRE CARRERES,0
113.0,2,1.0,1.0,1,4.0,1.01,Entire home/apt,L'EIXAMPLE,0
100.0,2,1.0,1.0,1,5.0,2.19,Entire home/apt,CAMPANAR,0
34.0,1,1.0,1.0,2,4.5,2.56,Private room,L'OLIVERETA,0
32.0,2,1.0,1.0,5,4.8,3.02,Private room,CAMINS AL GRAU,0
63.0,2,1.0,1.0,7,4.86,0.39,Private room,EXTRAMURS,0
36.0,2,1.0,0.5,6,4.33,3.0,Private room,CAMINS AL GRAU,0
140.0,4,2.0,1.0,10,5.0,1.37,Entire home/apt,QUATRE CARRERES,0
87.0,4,2.0,2.0,15,4.4,2.04,Entire home/apt,CAMINS AL GRAU,0
72.0,3,1.0,1.0,3,4.0,2.23,Entire home/apt,ALGIROS,0
71.0,2,1.0,1.0,2,5.0,0.83,Private room,EXTRAMURS,0
144.0,4,2.0,2.0,1,5.0,0.91,Entire home/apt,CIUTAT VELLA,0
258.0,8,3.0,2.0,3,5.0,1.88,Entire home/apt,CAMINS AL GRAU,0
115.0,4,2.0,1.0,1,5.0,0.54,Entire home/apt,CIUTAT VELLA,0
107.0,8,3.0,2.5,3,5.0,3.92,Entire home/apt,POBLATS MARITIMS,0
67.0,3,1.0,1.0,2,5.0,2.79,Entire home/apt,RASCANYA,0
160.0,4,2.0,1.0,3,5.0,1.79,Entire home/apt,LA SAIDIA,0
31.0,2,1.0,1.0,12,4.83,1.92,Private room,ALGIROS,0
130.0,4,1.0,1.0,2,4.0,2.19,Entire home/apt,QUATRE CARRERES,0
212.0,6,3.0,2.0,8,5.0,3.13,Entire home/apt,CAMINS AL GRAU,0
110.0,4,2.0,1.0,2,4.5,1.69,Entire home/apt,QUATRE CARRERES,1
113.0,2,0.0,0.0,1,5.0,2.17,Entire home/apt,L'OLIVERETA,0
32.0,2,1.0,1.5,2,4.0,3.28,Private room,CAMINS AL GRAU,0
139.0,4,2.0,1.0,6,4.83,19.05,Entire home/apt,POBLATS DEL SUD,0
215.0,6,3.0,2.0,5,5.0,3.12,Entire home/apt,CAMINS AL GRAU,0
82.0,3,1.0,1.0,4,4.0,1.95,Entire home/apt,QUATRE CARRERES,0
114.0,6,2.0,1.0,2,4.0,0.14,Entire home/apt,CIUTAT VELLA,0
99.0,6,2.0,1.0,3,5.0,0.25,Entire home/apt,CIUTAT VELLA,0
77.0,4,1.0,1.0,5,4.8,1.92,Entire home/apt,QUATRE CARRERES,0
50.0,2,1.0,1.0,13,4.92,0.91,Private room,L'EIXAMPLE,0
110.0,5,2.0,1.0,1,4.0,0.96,Entire home/apt,L'EIXAMPLE,0
157.0,6,3.0,1.0,6,4.83,0.24,Entire home/apt,CIUTAT VELLA,0
118.0,4,1.0,1.0,1,5.0,4.16,Entire home/apt,POBLATS MARITIMS,0
137.0,4,1.0,1.0,4,4.75,2.19,Entire home/apt,QUATRE CARRERES,1
40.0,2,1.0,0.5,1,5.0,1.61,Private room,QUATRE CARRERES,0
285.0,16,4.0,3.0,1,5.0,2.76,Entire home/apt,BENICALAP,0
45.0,2,1.0,1.5,4,3.0,3.91,Private room,POBLATS MARITIMS,0
90.0,2,1.0,1.0,2,5.0,1.36,Entire home/apt,EXTRAMURS,0
180.0,4,2.0,1.0,1,5.0,1.73,Entire home/apt,L'OLIVERETA,0
52.0,1,1.0,1.5,7,4.57,4.28,Private room,POBLATS MARITIMS,0
116.0,3,1.0,1.0,2,4.5,2.07,Entire home/apt,QUATRE CARRERES,0
98.0,3,1.0,1.0,2,4.0,2.08,Entire home/apt,QUATRE CARRERES,0
73.0,3,1.0,1.0,2,4.5,1.91,Entire home/apt,QUATRE CARRERES,0
133.0,4,2.0,1.0,6,3.67,4.21,Entire home/apt,POBLATS MARITIMS,0
53.0,2,1.0,1.0,1,5.0,1.22,Entire home/apt,L'EIXAMPLE,0
114.0,4,1.0,1.0,2,5.0,1.88,Entire home/apt,CAMINS AL GRAU,0
97.0,2,1.0,1.0,4,5.0,0.24,Entire home/apt,CIUTAT VELLA,0
148.0,3,1.0,1.0,1,5.0,3.16,Private room,POBLATS MARITIMS,0
139.0,3,2.0,1.0,1,5.0,3.16,Private room,POBLATS MARITIMS,0
163.0,5,1.0,1.0,1,5.0,3.16,Private room,POBLATS MARITIMS,0
132.0,4,2.0,2.0,6,5.0,0.65,Entire home/apt,EXTRAMURS,1
32.0,2,1.0,0.5,14,4.86,2.29,Private room,L'OLIVERETA,0
119.0,4,2.0,1.0,7,4.86,4.14,Entire home/apt,POBLATS MARITIMS,0
103.0,4,2.0,1.0,3,4.0,1.32,Entire home/apt,JESUS,0
74.0,3,2.0,1.0,6,4.67,1.36,Entire home/apt,JESUS,1
94.0,4,0.0,1.0,3,4.67,1.91,Entire home/apt,JESUS,0
153.0,8,3.0,2.0,3,5.0,1.66,Entire home/apt,JESUS,0
82.0,4,1.0,1.0,3,5.0,2.96,Entire home/apt,RASCANYA,0
115.0,3,2.0,1.0,1,5.0,3.44,Private room,POBLATS MARITIMS,0
115.0,3,1.0,1.0,3,3.0,3.44,Private room,POBLATS MARITIMS,0
115.0,3,1.0,1.0,3,3.0,3.44,Private room,POBLATS MARITIMS,0
165.0,4,2.0,2.0,4,5.0,1.24,Entire home/apt,L'EIXAMPLE,0
104.0,4,2.0,1.0,6,4.67,2.66,Entire home/apt,CAMINS AL GRAU,0
124.0,4,1.0,1.0,3,5.0,3.52,Entire home/apt,POBLATS MARITIMS,1
67.0,2,1.0,1.0,4,4.0,0.59,Private room,CIUTAT VELLA,0
53.0,2,1.0,1.0,7,5.0,1.51,Private room,QUATRE CARRERES,1
96.0,2,1.0,1.0,2,3.5,3.55,Entire home/apt,POBLATS MARITIMS,0
102.0,2,1.0,1.0,4,3.75,3.39,Entire home/apt,POBLATS MARITIMS,0
90.0,3,2.0,1.0,1,5.0,2.59,Entire home/apt,CAMINS AL GRAU,0
80.0,2,1.0,1.0,5,4.8,0.37,Private room,CIUTAT VELLA,0
48.0,2,1.0,1.0,2,4.5,1.85,Private room,LA SAIDIA,0
127.0,2,1.0,1.0,19,5.0,4.57,Entire home/apt,POBLATS MARITIMS,0
99.0,4,1.0,1.0,4,5.0,1.91,Entire home/apt,JESUS,0
128.0,6,3.0,2.0,5,4.4,2.78,Entire home/apt,RASCANYA,0
44.0,2,1.0,1.0,3,4.0,3.75,Private room,POBLATS MARITIMS,0
39.0,1,1.0,1.0,2,5.0,2.8,Private room,ALGIROS,0
48.0,2,1.0,1.0,2,5.0,2.84,Private room,PATRAIX,0
112.0,3,1.0,1.0,6,5.0,2.53,Entire home/apt,CAMINS AL GRAU,0
126.0,3,1.0,1.0,9,4.89,2.53,Entire home/apt,CAMINS AL GRAU,0
137.0,4,2.0,1.0,7,4.71,4.15,Entire home/apt,POBLATS MARITIMS,1
38.0,2,1.0,0.5,8,4.38,1.92,Private room,EL PLA DEL REAL,0
35.0,1,1.0,1.0,5,4.8,3.56,Private room,POBLATS MARITIMS,0
101.0,4,1.0,1.0,5,5.0,2.31,Entire home/apt,ALGIROS,0
89.0,4,1.0,1.0,7,4.14,2.3,Entire home/apt,ALGIROS,0
86.0,2,1.0,1.0,1,5.0,4.05,Entire home/apt,POBLATS MARITIMS,0
51.0,2,1.0,1.0,1,1.0,2.92,Private room,ALGIROS,0
101.0,4,1.0,1.0,3,4.33,3.42,Entire home/apt,POBLATS MARITIMS,0
92.0,2,1.0,1.0,2,5.0,1.8,Entire home/apt,QUATRE CARRERES,0
134.0,4,2.0,2.0,5,5.0,1.21,Entire home/apt,L'EIXAMPLE,0
162.0,6,3.0,2.0,5,5.0,2.52,Entire home/apt,BENICALAP,0
123.0,2,1.0,1.0,16,4.94,4.58,Entire home/apt,POBLATS MARITIMS,0
116.0,4,2.0,1.0,13,4.77,1.16,Entire home/apt,EXTRAMURS,0
50.0,1,1.0,1.0,9,4.89,1.5,Private room,QUATRE CARRERES,0
131.0,3,1.0,1.0,5,4.8,1.16,Entire home/apt,EXTRAMURS,0
132.0,3,1.0,1.0,1,5.0,1.44,Entire home/apt,LA SAIDIA,0
150.0,3,1.0,1.0,5,5.0,1.44,Entire home/apt,LA SAIDIA,0
134.0,5,2.0,1.0,7,4.43,4.32,Entire home/apt,POBLATS MARITIMS,0
115.0,2,1.0,1.0,1,5.0,0.45,Entire home/apt,EXTRAMURS,0
47.0,2,1.0,2.0,4,2.75,3.88,Private room,POBLATS MARITIMS,0
113.0,4,2.0,2.0,6,5.0,1.14,Entire home/apt,CIUTAT VELLA,0
272.0,4,2.0,1.0,3,4.67,4.11,Entire home/apt,POBLATS MARITIMS,0
209.0,2,1.0,2.0,1,5.0,2.64,Entire home/apt,CAMINS AL GRAU,0
119.0,4,2.0,2.0,2,4.5,2.56,Entire home/apt,L'OLIVERETA,0
38.0,2,1.0,1.0,1,5.0,4.36,Entire home/apt,POBLATS MARITIMS,0
99.0,5,2.0,1.0,5,3.8,2.37,Entire home/apt,RASCANYA,0
180.0,4,1.0,2.0,5,4.6,1.75,Entire home/apt,LA SAIDIA,1
38.0,2,1.0,1.0,3,5.0,1.6,Private room,CAMPANAR,1
80.0,3,1.0,1.0,8,5.0,13.48,Entire home/apt,POBLATS DEL SUD,0
102.0,4,2.0,1.0,2,5.0,0.31,Entire home/apt,CIUTAT VELLA,0
66.0,4,1.0,1.0,1,5.0,2.65,Entire home/apt,BENIMACLET,0
72.0,3,0.0,1.0,9,3.89,0.45,Entire home/apt,CIUTAT VELLA,1
66.0,5,2.0,1.0,2,5.0,1.56,Entire home/apt,LA SAIDIA,0
115.0,5,2.0,1.0,2,5.0,0.65,Entire home/apt,CIUTAT VELLA,0
266.0,10,3.0,3.0,5,5.0,1.66,Entire home/apt,LA SAIDIA,0
103.0,2,1.0,1.0,2,5.0,2.05,Entire home/apt,JESUS,0
188.0,4,2.0,2.0,5,5.0,1.12,Entire home/apt,L'EIXAMPLE,0
52.0,2,1.0,1.0,11,4.73,2.09,Private room,CAMPANAR,0
30.0,1,1.0,1.0,1,5.0,3.98,Private room,POBLATS MARITIMS,0
72.0,2,0.0,1.0,9,4.22,2.14,Private room,ALGIROS,0
85.0,4,2.0,1.0,2,3.5,2.81,Entire home/apt,RASCANYA,0
192.0,5,2.0,1.0,3,5.0,0.75,Entire home/apt,CIUTAT VELLA,0
105.0,6,3.0,2.0,3,5.0,2.64,Entire home/apt,L'OLIVERETA,0
107.0,4,3.0,1.0,8,4.88,2.94,Entire home/apt,BENICALAP,0
87.0,6,2.0,2.0,8,5.0,1.82,Entire home/apt,L'OLIVERETA,0
100.0,3,0.0,1.0,14,4.64,1.06,Entire home/apt,L'EIXAMPLE,0
45.0,2,1.0,1.0,6,3.33,4.09,Entire home/apt,POBLATS MARITIMS,0
105.0,4,1.0,1.0,1,5.0,1.78,Entire home/apt,JESUS,0
36.0,1,1.0,1.0,2,5.0,1.09,Private room,CIUTAT VELLA,0
167.0,10,4.0,2.0,1,5.0,0.05,Entire home/apt,CIUTAT VELLA,0
105.0,2,1.0,1.0,6,5.0,3.84,Entire home/apt,POBLATS MARITIMS,1
168.0,4,2.0,1.0,1,5.0,2.32,Entire home/apt,QUATRE CARRERES,0
190.0,5,2.0,1.0,1,5.0,2.04,Entire home/apt,QUATRE CARRERES,0
45.0,1,1.0,1.0,4,5.0,3.14,Private room,POBLATS MARITIMS,1
157.0,6,2.0,2.0,2,5.0,0.96,Entire home/apt,EXTRAMURS,0
101.0,4,1.0,1.0,2,5.0,1.75,Entire home/apt,QUATRE CARRERES,1
35.0,2,1.0,2.0,3,4.67,3.6,Private room,POBLATS MARITIMS,0
262.0,8,4.0,2.0,1,5.0,4.06,Entire home/apt,POBLATS MARITIMS,0
49.0,2,1.0,1.0,3,5.0,1.8,Private room,CAMPANAR,0
96.0,2,1.0,1.0,9,5.0,3.68,Entire home/apt,POBLATS MARITIMS,1
107.0,4,1.0,1.0,1,5.0,3.06,Entire home/apt,RASCANYA,0
80.0,2,1.0,1.0,3,3.0,3.49,Entire home/apt,POBLATS MARITIMS,0
57.0,2,1.0,1.0,6,3.83,3.61,Private room,POBLATS MARITIMS,0
97.0,2,1.0,1.0,13,4.31,3.61,Private room,POBLATS MARITIMS,0
87.0,2,1.0,1.0,7,4.71,3.61,Private room,POBLATS MARITIMS,0
132.0,4,1.0,1.0,6,5.0,3.75,Private room,POBLATS MARITIMS,0
132.0,4,1.0,1.0,5,4.8,3.75,Private room,POBLATS MARITIMS,0
132.0,4,1.0,1.0,6,4.83,3.75,Private room,POBLATS MARITIMS,0
113.0,3,1.0,1.0,1,1.0,3.75,Private room,POBLATS MARITIMS,0
132.0,3,1.0,1.0,1,5.0,3.75,Private room,POBLATS MARITIMS,0
65.0,2,1.0,1.0,1,5.0,1.78,Entire home/apt,PATRAIX,0
132.0,2,1.0,1.0,4,5.0,3.75,Private room,POBLATS MARITIMS,0
132.0,2,1.0,1.0,2,5.0,3.75,Private room,POBLATS MARITIMS,0
55.0,2,1.0,1.0,1,4.0,1.58,Private room,QUATRE CARRERES,0
30.0,2,1.0,1.0,7,4.43,4.25,Private room,POBLATS MARITIMS,0
119.0,4,1.0,1.0,2,5.0,2.02,Entire home/apt,BENIMACLET,0
59.0,2,1.0,1.0,4,4.75,4.16,Private room,POBLATS MARITIMS,0
36.0,1,1.0,0.5,3,4.67,5.27,Private room,POBLATS DE L'OEST,0
61.0,2,1.0,2.0,6,4.83,2.57,Private room,ALGIROS,0
251.0,4,2.0,1.0,2,5.0,3.95,Entire home/apt,POBLATS MARITIMS,0
30.0,3,1.0,1.0,4,3.75,1.28,Private room,L'EIXAMPLE,0
63.0,2,1.0,1.0,1,5.0,0.51,Entire home/apt,CIUTAT VELLA,1
30.0,1,1.0,1.0,3,3.67,3.41,Private room,POBLATS MARITIMS,0
104.0,4,1.0,1.0,6,4.83,1.36,Entire home/apt,PATRAIX,0
72.0,6,2.0,1.0,1,5.0,4.32,Entire home/apt,POBLATS MARITIMS,1
36.0,2,1.0,1.0,5,4.8,2.14,Private room,BENIMACLET,1
85.0,3,1.0,1.0,5,4.8,2.25,Entire home/apt,RASCANYA,0
59.0,2,1.0,1.0,1,5.0,1.6,Entire home/apt,CAMPANAR,1
191.0,5,3.0,4.0,1,5.0,0.93,Entire home/apt,CIUTAT VELLA,0
40.0,2,1.0,1.0,3,5.0,3.98,Private room,POBLATS MARITIMS,1
71.0,2,1.0,1.0,2,5.0,2.88,Private room,ALGIROS,0
85.0,2,1.0,1.0,3,4.33,1.71,Entire home/apt,LA SAIDIA,0
49.0,1,1.0,1.0,1,5.0,1.0,Private room,EXTRAMURS,0
39.0,1,1.0,1.0,6,4.83,0.79,Private room,CIUTAT VELLA,0
169.0,4,2.0,1.0,3,5.0,1.31,Entire home/apt,EXTRAMURS,0
104.0,4,2.0,1.0,9,4.22,2.9,Entire home/apt,RASCANYA,0
30.0,2,1.0,1.5,1,5.0,3.3,Private room,CAMINS AL GRAU,0
30.0,2,1.0,1.0,1,1.0,3.62,Private room,POBLATS MARITIMS,0
112.0,5,2.0,1.0,3,4.67,0.82,Entire home/apt,CIUTAT VELLA,0
95.0,4,1.0,1.5,1,5.0,3.9,Entire home/apt,POBLATS MARITIMS,0
135.0,4,1.0,1.0,2,5.0,1.84,Entire home/apt,LA SAIDIA,0
126.0,5,2.0,2.0,1,5.0,4.0,Entire home/apt,POBLATS MARITIMS,0
87.0,3,1.0,1.0,1,5.0,2.39,Entire home/apt,RASCANYA,0
114.0,4,1.0,1.0,2,5.0,1.88,Entire home/apt,CAMINS AL GRAU,0
120.0,4,2.0,1.0,3,4.67,1.87,Entire home/apt,CAMINS AL GRAU,0
87.0,4,1.0,1.0,5,5.0,4.34,Private room,POBLATS DEL NORD,0
62.0,2,1.0,1.0,15,4.87,1.49,Private room,JESUS,0
77.0,3,1.0,1.0,2,4.5,1.87,Entire home/apt,JESUS,0
34.0,1,1.0,1.0,1,5.0,1.15,Private room,L'EIXAMPLE,0
36.0,2,1.0,1.0,3,4.0,0.6,Private room,EXTRAMURS,0
152.0,4,2.0,1.0,1,5.0,4.37,Entire home/apt,POBLATS MARITIMS,0
100.0,3,1.0,1.0,1,5.0,0.37,Entire home/apt,CIUTAT VELLA,1
158.0,6,4.0,1.5,3,5.0,4.43,Entire home/apt,POBLATS MARITIMS,0
76.0,3,1.0,1.0,11,4.91,2.68,Entire home/apt,RASCANYA,1
30.0,1,1.0,1.0,1,5.0,4.33,Private room,POBLATS MARITIMS,0
51.0,2,1.0,1.5,1,5.0,2.91,Private room,ALGIROS,0
77.0,2,1.0,1.0,2,5.0,2.59,Entire home/apt,ALGIROS,0
63.0,2,1.0,1.0,1,5.0,0.64,Private room,EXTRAMURS,0
85.0,2,0.0,1.0,1,4.0,1.49,Entire home/apt,QUATRE CARRERES,0
100.0,2,1.0,1.0,2,5.0,1.63,Entire home/apt,QUATRE CARRERES,0
103.0,2,1.0,1.0,1,4.0,1.7,Entire home/apt,QUATRE CARRERES,0
93.0,2,0.0,1.0,1,5.0,1.72,Entire home/apt,QUATRE CARRERES,0
33.0,2,1.0,1.0,7,5.0,2.38,Private room,ALGIROS,0
98.0,4,1.0,1.0,2,3.5,3.91,Entire home/apt,POBLATS MARITIMS,0
55.0,2,1.0,1.0,10,4.9,0.69,Private room,CIUTAT VELLA,0
55.0,2,1.0,0.0,2,5.0,2.34,Private room,CAMINS AL GRAU,0
81.0,3,1.0,1.0,1,5.0,3.36,Private room,POBLATS MARITIMS,0
111.0,4,2.0,1.0,4,5.0,0.83,Entire home/apt,EXTRAMURS,0
40.0,2,1.0,1.5,2,4.0,2.35,Private room,ALGIROS,0
51.0,2,1.0,1.5,9,4.89,2.47,Private room,ALGIROS,0
144.0,4,2.0,1.0,2,4.5,0.86,Entire home/apt,EXTRAMURS,0
31.0,2,1.0,2.0,2,4.0,3.57,Private room,POBLATS MARITIMS,0
35.0,2,3.0,1.0,1,5.0,1.65,Private room,QUATRE CARRERES,0
66.0,2,1.0,1.0,1,5.0,1.9,Entire home/apt,EL PLA DEL REAL,1
57.0,2,1.0,1.0,4,5.0,2.76,Private room,QUATRE CARRERES,0
70.0,4,3.0,1.0,1,5.0,1.83,Entire home/apt,LA SAIDIA,0
53.0,2,1.0,1.0,1,5.0,2.89,Private room,PATRAIX,0
41.0,2,1.0,1.5,3,5.0,2.9,Private room,ALGIROS,0
104.0,2,1.0,2.0,2,3.0,1.19,Entire home/apt,CIUTAT VELLA,0
278.0,6,3.0,1.5,3,5.0,0.58,Entire home/apt,EXTRAMURS,1
256.0,6,3.0,1.5,3,5.0,0.61,Entire home/apt,EXTRAMURS,1
42.0,2,1.0,1.5,5,5.0,2.9,Private room,ALGIROS,0
48.0,2,1.0,1.5,5,5.0,2.89,Private room,ALGIROS,0
144.0,6,2.0,1.0,5,5.0,3.91,Entire home/apt,POBLATS MARITIMS,0
125.0,3,1.0,1.0,5,4.8,4.58,Entire home/apt,POBLATS MARITIMS,0
57.0,2,1.0,1.0,1,5.0,2.58,Private room,QUATRE CARRERES,0
78.0,2,1.0,1.0,2,5.0,1.17,Private room,L'EIXAMPLE,0
149.0,2,1.0,1.0,15,5.0,1.71,Entire home/apt,LA SAIDIA,0
165.0,6,3.0,1.0,2,5.0,3.53,Entire home/apt,POBLATS MARITIMS,0
123.0,4,2.0,2.0,3,5.0,1.14,Private room,L'EIXAMPLE,0
48.0,2,1.0,1.5,2,5.0,2.9,Private room,ALGIROS,0
66.0,3,1.0,1.0,3,5.0,3.4,Entire home/apt,POBLATS MARITIMS,0
108.0,3,1.0,1.0,2,4.5,2.3,Entire home/apt,QUATRE CARRERES,0
117.0,3,1.0,1.0,1,5.0,1.62,Entire home/apt,QUATRE CARRERES,0
68.0,1,2.0,0.5,1,5.0,4.02,Private room,POBLATS MARITIMS,0
58.0,3,1.0,1.0,2,5.0,1.63,Entire home/apt,PATRAIX,0
123.0,4,2.0,2.0,2,5.0,1.4,Private room,QUATRE CARRERES,0
143.0,6,3.0,1.0,1,5.0,2.83,Entire home/apt,RASCANYA,0
66.0,4,1.0,1.0,2,4.5,3.4,Entire home/apt,POBLATS MARITIMS,0
184.0,9,4.0,2.0,1,5.0,1.77,Entire home/apt,EL PLA DEL REAL,0
36.0,1,1.0,1.0,3,5.0,1.9,Private room,EL PLA DEL REAL,0
31.0,2,1.0,1.0,3,4.67,13.47,Entire home/apt,POBLATS DEL SUD,0
89.0,3,2.0,1.0,1,5.0,2.45,Entire home/apt,L'OLIVERETA,0
36.0,2,1.0,1.0,1,5.0,13.36,Entire home/apt,POBLATS DEL SUD,0
46.0,2,1.0,1.0,4,3.5,13.56,Entire home/apt,POBLATS DEL SUD,0
87.0,4,3.0,2.0,3,4.67,1.89,Entire home/apt,QUATRE CARRERES,0
46.0,2,1.0,0.5,3,4.67,1.96,Private room,ALGIROS,0
50.0,2,1.0,1.0,1,4.0,1.44,Private room,L'OLIVERETA,0
94.0,4,1.0,1.0,1,5.0,2.58,Entire home/apt,CAMINS AL GRAU,0
41.0,2,1.0,1.0,2,4.5,2.47,Private room,CAMINS AL GRAU,0
87.0,3,1.0,1.0,4,5.0,1.55,Entire home/apt,EL PLA DEL REAL,0
109.0,4,2.0,1.0,1,5.0,1.31,Entire home/apt,PATRAIX,0
32.0,2,0.0,2.0,2,3.5,0.28,Private room,CIUTAT VELLA,0
80.0,4,0.0,1.0,1,5.0,1.6,Entire home/apt,JESUS,0
132.0,3,1.0,1.0,1,5.0,3.75,Private room,POBLATS MARITIMS,0
132.0,4,2.0,1.0,1,5.0,2.61,Entire home/apt,L'OLIVERETA,0
113.0,4,2.0,1.0,1,5.0,2.7,Entire home/apt,CAMPANAR,0
174.0,4,1.0,1.0,1,5.0,3.99,Entire home/apt,POBLATS MARITIMS,0
33.0,2,1.0,2.0,1,5.0,2.63,Private room,ALGIROS,0
31.0,2,1.0,1.0,1,5.0,3.63,Private room,POBLATS MARITIMS,0
44.0,3,1.0,1.0,1,5.0,1.32,Entire home/apt,CIUTAT VELLA,0
70.0,4,1.0,1.0,3,5.0,5.31,Entire home/apt,POBLATS DE L'OEST,0
201.0,8,2.0,2.0,1,5.0,1.59,Entire home/apt,LA SAIDIA,0
95.0,4,1.0,1.0,2,5.0,2.48,Entire home/apt,ALGIROS,0
100.0,4,1.0,1.0,1,5.0,3.54,Entire home/apt,POBLATS MARITIMS,1
92.0,4,2.0,1.0,5,5.0,3.61,Entire home/apt,POBLATS MARITIMS,0
32.0,1,1.0,1.0,1,5.0,3.43,Private room,BENICALAP,0
81.0,4,1.0,1.0,1,5.0,5.35,Entire home/apt,POBLATS DE L'OEST,0
36.0,1,1.0,1.0,2,5.0,1.75,Private room,LA SAIDIA,0
78.0,8,3.0,1.5,3,5.0,4.58,Entire home/apt,QUATRE CARRERES,0
74.0,4,1.0,1.0,1,5.0,5.16,Entire home/apt,POBLATS DE L'OEST,0
63.0,2,1.0,1.0,3,4.67,0.73,Entire home/apt,CIUTAT VELLA,0
70.0,2,1.0,1.0,1,5.0,0.97,Private room,EXTRAMURS,0
43.0,2,1.0,1.5,3,5.0,2.49,Private room,ALGIROS,0
36.0,1,1.0,0.5,4,4.75,2.49,Private room,ALGIROS,0
98.0,6,2.0,2.0,2,5.0,4.59,Entire home/apt,QUATRE CARRERES,0
175.0,5,5.0,2.0,1,5.0,2.36,Entire home/apt,CAMINS AL GRAU,0
200.0,5,3.0,2.0,1,5.0,2.42,Entire home/apt,CAMINS AL GRAU,0
87.0,2,1.0,1.0,1,5.0,1.84,Entire home/apt,QUATRE CARRERES,1
70.0,2,1.0,1.0,1,5.0,3.02,Entire home/apt,CAMINS AL GRAU,0
99.0,4,1.0,1.0,1,5.0,1.9,Entire home/apt,CAMPANAR,0
71.0,2,1.0,1.0,2,5.0,2.69,Entire home/apt,CAMINS AL GRAU,0
69.0,2,1.0,1.0,2,5.0,1.77,Entire home/apt,CAMINS AL GRAU,0
60.0,2,1.0,1.0,1,5.0,2.01,Private room,EL PLA DEL REAL,0
42.0,1,1.0,1.0,2,4.0,2.28,Private room,BENIMACLET,0
75.0,4,1.0,1.0,3,5.0,1.67,Entire home/apt,PATRAIX,0
44.0,2,1.0,1.0,1,5.0,1.94,Private room,CAMINS AL GRAU,0
51.0,2,1.0,1.0,1,5.0,0.92,Private room,CIUTAT VELLA,0
353.0,2,1.0,1.0,2,4.5,2.26,Entire home/apt,PATRAIX,0
309.0,2,1.0,1.0,1,5.0,2.26,Entire home/apt,PATRAIX,0
44.0,2,1.0,1.0,5,4.8,2.09,Private room,ALGIROS,0
41.0,2,1.0,1.5,1,5.0,2.37,Private room,RASCANYA,0
