,diames,diasemana,mestexto,año,valor
1999-01-04,4,lunes,enero,1999,10447.8
1999-01-05,5,martes,enero,1999,10650.7
1999-01-07,7,jueves,enero,1999,10443.4
1999-01-08,8,viernes,enero,1999,10412.3
1999-01-09,11,lunes,enero,1999,10248.6
1999-01-10,12,martes,enero,1999,10010.5
1999-01-11,13,miércoles,enero,1999,9321.7
1999-01-12,14,jueves,enero,1999,9304.2
1999-01-13,15,viernes,enero,1999,9596.3
1999-01-14,18,lunes,enero,1999,10071.5
1999-01-15,19,martes,enero,1999,9971.7
1999-01-16,20,miércoles,enero,1999,10090.1
1999-01-17,21,jueves,enero,1999,9920.8
1999-01-18,22,viernes,enero,1999,9612.0
1999-01-19,25,lunes,enero,1999,9665.6
1999-01-20,26,martes,enero,1999,9589.6
1999-01-21,27,miércoles,enero,1999,9609.5
1999-01-22,28,jueves,enero,1999,9832.2
1999-01-23,29,viernes,enero,1999,9878.8
1999-01-24,1,lunes,febrero,1999,9998.2
1999-01-25,2,martes,febrero,1999,9943.6
1999-01-26,3,miércoles,febrero,1999,9944.2
1999-01-27,4,jueves,febrero,1999,9855.4
1999-01-28,5,viernes,febrero,1999,9809.3
1999-01-29,8,lunes,febrero,1999,9648.8
1999-01-30,9,martes,febrero,1999,9500.0
1999-01-31,10,miércoles,febrero,1999,9656.7
1999-02-01,11,jueves,febrero,1999,9690.5
1999-02-02,12,viernes,febrero,1999,9739.4
1999-02-03,15,lunes,febrero,1999,9901.1
1999-02-04,16,martes,febrero,1999,9799.3
1999-02-05,17,miércoles,febrero,1999,9797.9
1999-02-06,18,jueves,febrero,1999,9758.7
1999-02-07,19,viernes,febrero,1999,9840.9
1999-02-08,22,lunes,febrero,1999,9945.2
1999-02-09,23,martes,febrero,1999,10133.8
1999-02-10,24,miércoles,febrero,1999,10224.6
1999-02-11,25,jueves,febrero,1999,10052.1
1999-02-12,26,viernes,febrero,1999,9997.3
1999-02-13,1,lunes,marzo,1999,9838.9
1999-02-14,2,martes,marzo,1999,9823.0
1999-02-15,3,miércoles,marzo,1999,9707.6
1999-02-16,4,jueves,marzo,1999,9834.3
1999-02-17,5,viernes,marzo,1999,10005.0
1999-02-18,8,lunes,marzo,1999,9861.4
1999-02-19,9,martes,marzo,1999,9915.3
1999-02-20,10,miércoles,marzo,1999,9940.1
1999-02-21,11,jueves,marzo,1999,10191.6
1999-02-22,12,viernes,marzo,1999,10094.7
1999-02-23,15,lunes,marzo,1999,10121.0
1999-02-24,16,martes,marzo,1999,10213.9
1999-02-25,17,miércoles,marzo,1999,10119.1
1999-02-26,18,jueves,marzo,1999,10039.7
1999-02-27,19,viernes,marzo,1999,10073.7
1999-02-28,22,lunes,marzo,1999,9955.1
1999-03-01,23,martes,marzo,1999,9728.4
1999-03-02,24,miércoles,marzo,1999,9720.7
1999-03-03,25,jueves,marzo,1999,9868.3
1999-03-04,26,viernes,marzo,1999,9659.1
1999-03-05,29,lunes,marzo,1999,9748.1
1999-03-06,30,martes,marzo,1999,9677.0
1999-03-07,31,miércoles,marzo,1999,9740.7
1999-03-11,6,martes,abril,1999,10011.3
1999-03-12,7,miércoles,abril,1999,10027.7
1999-03-13,8,jueves,abril,1999,10100.6
1999-03-14,9,viernes,abril,1999,10101.9
1999-03-15,12,lunes,abril,1999,10039.2
1999-03-16,13,martes,abril,1999,10120.8
1999-03-17,14,miércoles,abril,1999,10080.4
1999-03-18,15,jueves,abril,1999,10000.0
1999-03-19,16,viernes,abril,1999,9777.3
1999-03-20,19,lunes,abril,1999,9851.7
1999-03-21,20,martes,abril,1999,9662.0
1999-03-22,21,miércoles,abril,1999,9771.1
1999-03-23,22,jueves,abril,1999,9794.8
1999-03-24,23,viernes,abril,1999,9901.6
1999-03-25,26,lunes,abril,1999,9907.2
1999-03-26,27,martes,abril,1999,10069.9
1999-03-27,28,miércoles,abril,1999,10010.4
1999-03-28,29,jueves,abril,1999,10007.6
1999-03-29,30,viernes,abril,1999,9975.4
1999-03-30,3,lunes,mayo,1999,10090.8
1999-03-31,4,martes,mayo,1999,10019.2
1999-04-01,5,miércoles,mayo,1999,10012.1
1999-04-02,6,jueves,mayo,1999,10073.0
1999-04-03,7,viernes,mayo,1999,10155.0
1999-04-04,10,lunes,mayo,1999,10172.7
1999-04-05,11,martes,mayo,1999,10167.1
1999-04-06,12,miércoles,mayo,1999,10184.7
1999-04-07,13,jueves,mayo,1999,10275.0
1999-04-08,14,viernes,mayo,1999,10167.2
1999-04-09,17,lunes,mayo,1999,9966.1
1999-04-10,18,martes,mayo,1999,9984.8
1999-04-11,19,miércoles,mayo,1999,10174.4
1999-04-12,20,jueves,mayo,1999,10151.2
1999-04-13,21,viernes,mayo,1999,10213.7
1999-04-14,24,lunes,mayo,1999,10170.4
1999-04-15,25,martes,mayo,1999,10141.0
1999-04-16,26,miércoles,mayo,1999,10097.7
1999-04-17,27,jueves,mayo,1999,9990.9
1999-04-18,28,viernes,mayo,1999,10030.6
1999-04-19,31,lunes,mayo,1999,10072.3
1999-04-20,1,martes,junio,1999,10056.9
1999-04-21,2,miércoles,junio,1999,10068.8
1999-04-22,3,jueves,junio,1999,10221.5
1999-04-23,4,viernes,junio,1999,10244.7
1999-04-24,7,lunes,junio,1999,10280.2
1999-04-25,8,martes,junio,1999,10221.8
1999-04-26,9,miércoles,junio,1999,10242.8
1999-04-27,10,jueves,junio,1999,10096.2
1999-04-28,11,viernes,junio,1999,10195.3
1999-04-29,14,lunes,junio,1999,10100.0
1999-04-30,15,martes,junio,1999,10179.7
1999-05-01,16,miércoles,junio,1999,10190.8
1999-05-02,17,jueves,junio,1999,10195.0
1999-05-03,18,viernes,junio,1999,10337.5
1999-05-04,21,lunes,junio,1999,10382.7
1999-05-05,22,martes,junio,1999,10387.7
1999-05-06,23,miércoles,junio,1999,10380.7
1999-05-07,24,jueves,junio,1999,10333.6
1999-05-08,25,viernes,junio,1999,10290.3
1999-05-09,28,lunes,junio,1999,10291.1
1999-05-10,29,martes,junio,1999,10299.6
1999-05-11,30,miércoles,junio,1999,10218.6
1999-05-12,1,jueves,julio,1999,10370.5
1999-05-13,2,viernes,julio,1999,10402.3
1999-05-14,5,lunes,julio,1999,10555.6
1999-05-15,6,martes,julio,1999,10474.4
1999-05-16,7,miércoles,julio,1999,10402.8
1999-05-17,8,jueves,julio,1999,10311.3
1999-05-18,9,viernes,julio,1999,10333.2
1999-05-19,12,lunes,julio,1999,10311.9
1999-05-20,13,martes,julio,1999,10119.0
1999-05-21,14,miércoles,julio,1999,10009.3
1999-05-22,15,jueves,julio,1999,10134.6
1999-05-23,16,viernes,julio,1999,10119.2
1999-05-24,19,lunes,julio,1999,10190.9
1999-05-25,20,martes,julio,1999,10057.9
1999-05-26,21,miércoles,julio,1999,9999.8
1999-05-27,22,jueves,julio,1999,9896.1
1999-05-28,23,viernes,julio,1999,9771.6
1999-05-29,26,lunes,julio,1999,9684.9
1999-05-30,27,martes,julio,1999,9583.4
1999-05-31,28,miércoles,julio,1999,9571.5
1999-06-01,29,jueves,julio,1999,9292.6
1999-06-02,30,viernes,julio,1999,9391.9
1999-06-03,2,lunes,agosto,1999,9400.1
1999-06-04,3,martes,agosto,1999,9434.2
1999-06-05,4,miércoles,agosto,1999,9436.2
1999-06-06,5,jueves,agosto,1999,9194.5
1999-06-07,6,viernes,agosto,1999,9140.7
1999-06-08,9,lunes,agosto,1999,9335.7
1999-06-09,10,martes,agosto,1999,9230.2
1999-06-10,11,miércoles,agosto,1999,9360.4
1999-06-11,12,jueves,agosto,1999,9407.9
1999-06-12,13,viernes,agosto,1999,9561.7
1999-06-13,16,lunes,agosto,1999,9474.5
1999-06-14,17,martes,agosto,1999,9613.5
1999-06-15,18,miércoles,agosto,1999,9570.9
1999-06-16,19,jueves,agosto,1999,9569.3
1999-06-17,20,viernes,agosto,1999,9738.3
1999-06-18,23,lunes,agosto,1999,9730.0
1999-06-19,24,martes,agosto,1999,9861.7
1999-06-20,25,miércoles,agosto,1999,9941.4
1999-06-21,26,jueves,agosto,1999,9931.9
1999-06-22,27,viernes,agosto,1999,10058.4
1999-06-23,30,lunes,agosto,1999,10006.2
1999-06-24,31,martes,agosto,1999,9806.1
1999-06-25,1,miércoles,septiembre,1999,9903.6
1999-06-26,2,jueves,septiembre,1999,9694.0
1999-06-27,3,viernes,septiembre,1999,9943.1
1999-06-28,6,lunes,septiembre,1999,9975.4
1999-06-29,7,martes,septiembre,1999,9871.2
1999-06-30,8,miércoles,septiembre,1999,9891.6
1999-07-01,9,jueves,septiembre,1999,10028.0
1999-07-02,10,viernes,septiembre,1999,10026.6
1999-07-03,13,lunes,septiembre,1999,9919.0
1999-07-04,14,martes,septiembre,1999,9779.2
1999-07-05,15,miércoles,septiembre,1999,9728.6
1999-07-06,16,jueves,septiembre,1999,9645.7
1999-07-07,17,viernes,septiembre,1999,9728.2
1999-07-08,20,lunes,septiembre,1999,9722.8
1999-07-09,21,martes,septiembre,1999,9621.8
1999-07-10,22,miércoles,septiembre,1999,9655.0
1999-07-11,23,jueves,septiembre,1999,9720.4
1999-07-12,24,viernes,septiembre,1999,9617.7
1999-07-13,27,lunes,septiembre,1999,9707.8
1999-07-14,28,martes,septiembre,1999,9639.9
1999-07-15,29,miércoles,septiembre,1999,9552.5
1999-07-16,30,jueves,septiembre,1999,9525.4
1999-07-17,1,viernes,octubre,1999,9482.8
1999-07-18,4,lunes,octubre,1999,9601.0
1999-07-19,5,martes,octubre,1999,9656.3
1999-07-20,6,miércoles,octubre,1999,9624.7
1999-07-21,7,jueves,octubre,1999,9721.0
1999-07-22,8,viernes,octubre,1999,9770.9
1999-07-23,11,lunes,octubre,1999,9808.2
1999-07-25,13,miércoles,octubre,1999,9592.5
1999-07-26,14,jueves,octubre,1999,9548.9
1999-07-27,15,viernes,octubre,1999,9376.7
1999-07-28,18,lunes,octubre,1999,9290.8
1999-07-29,19,martes,octubre,1999,9413.4
1999-07-30,20,miércoles,octubre,1999,9405.6
1999-07-31,21,jueves,octubre,1999,9270.2
1999-08-01,22,viernes,octubre,1999,9389.4
1999-08-02,25,lunes,octubre,1999,9304.8
1999-08-03,26,martes,octubre,1999,9443.3
1999-08-04,27,miércoles,octubre,1999,9419.2
1999-08-05,28,jueves,octubre,1999,9610.3
1999-08-06,29,viernes,octubre,1999,9741.5
1999-08-08,2,martes,noviembre,1999,9847.9
1999-08-09,3,miércoles,noviembre,1999,9936.9
1999-08-10,4,jueves,noviembre,1999,10113.4
1999-08-11,5,viernes,noviembre,1999,10231.3
1999-08-12,8,lunes,noviembre,1999,10336.8
1999-08-13,9,martes,noviembre,1999,10260.1
1999-08-14,10,miércoles,noviembre,1999,10354.3
1999-08-15,11,jueves,noviembre,1999,10497.1
1999-08-16,12,viernes,noviembre,1999,10469.9
1999-08-17,15,lunes,noviembre,1999,10555.9
1999-08-18,16,martes,noviembre,1999,10619.7
1999-08-19,17,miércoles,noviembre,1999,10639.7
1999-08-20,18,jueves,noviembre,1999,10725.9
1999-08-21,19,viernes,noviembre,1999,10793.0
1999-08-22,22,lunes,noviembre,1999,10613.6
1999-08-23,23,martes,noviembre,1999,10685.1
1999-08-24,24,miércoles,noviembre,1999,10720.2
1999-08-25,25,jueves,noviembre,1999,10945.2
1999-08-26,26,viernes,noviembre,1999,10971.3
1999-08-27,29,lunes,noviembre,1999,10892.5
1999-08-28,30,martes,noviembre,1999,10958.1
1999-08-29,1,miércoles,diciembre,1999,11084.3
1999-08-30,2,jueves,diciembre,1999,11166.6
1999-08-31,3,viernes,diciembre,1999,11310.0
1999-09-02,7,martes,diciembre,1999,11549.6
1999-09-04,9,jueves,diciembre,1999,11560.1
1999-09-05,10,viernes,diciembre,1999,11434.5
1999-09-06,13,lunes,diciembre,1999,11465.8
1999-09-07,14,martes,diciembre,1999,11480.1
1999-09-08,15,miércoles,diciembre,1999,11372.5
1999-09-09,16,jueves,diciembre,1999,11427.1
1999-09-10,17,viernes,diciembre,1999,11613.1
1999-09-11,20,lunes,diciembre,1999,11673.1
1999-09-12,21,martes,diciembre,1999,11572.8
1999-09-13,22,miércoles,diciembre,1999,11585.5
1999-09-14,23,jueves,diciembre,1999,11686.6
1999-09-16,27,lunes,diciembre,1999,11615.7
1999-09-17,28,martes,diciembre,1999,11517.6
1999-09-18,29,miércoles,diciembre,1999,11581.4
1999-09-19,30,jueves,diciembre,1999,11641.4
1999-09-21,3,lunes,enero,2000,11610.0
1999-09-22,4,martes,enero,2000,11206.6
1999-09-23,5,miércoles,enero,2000,10863.1
1999-09-25,7,viernes,enero,2000,11102.4
1999-09-26,10,lunes,enero,2000,11173.3
1999-09-27,11,martes,enero,2000,11012.4
1999-09-28,12,miércoles,enero,2000,10851.8
1999-09-29,13,jueves,enero,2000,10931.9
1999-09-30,14,viernes,enero,2000,11184.0
1999-10-01,17,lunes,enero,2000,11285.6
1999-10-02,18,martes,enero,2000,11066.3
1999-10-03,19,miércoles,enero,2000,11120.7
1999-10-04,20,jueves,enero,2000,11047.6
1999-10-05,21,viernes,enero,2000,10969.3
1999-10-06,24,lunes,enero,2000,10955.0
1999-10-07,25,martes,enero,2000,10863.5
1999-10-08,26,miércoles,enero,2000,11031.4
1999-10-09,27,jueves,enero,2000,11206.6
1999-10-10,28,viernes,enero,2000,11009.3
1999-10-11,31,lunes,enero,2000,10835.1
1999-10-12,1,martes,febrero,2000,10970.0
1999-10-13,2,miércoles,febrero,2000,11195.6
1999-10-14,3,jueves,febrero,2000,11544.1
1999-10-15,4,viernes,febrero,2000,11580.1
1999-10-16,7,lunes,febrero,2000,11506.8
1999-10-17,8,martes,febrero,2000,11834.8
1999-10-18,9,miércoles,febrero,2000,11939.5
1999-10-19,10,jueves,febrero,2000,12020.6
1999-10-20,11,viernes,febrero,2000,12432.6
1999-10-21,14,lunes,febrero,2000,12458.6
1999-10-22,15,martes,febrero,2000,12165.1
1999-10-23,16,miércoles,febrero,2000,12235.1
1999-10-24,17,jueves,febrero,2000,12326.7
1999-10-25,18,viernes,febrero,2000,12368.0
1999-10-26,21,lunes,febrero,2000,12260.3
1999-10-27,22,martes,febrero,2000,12076.9
1999-10-28,23,miércoles,febrero,2000,12312.3
1999-10-29,24,jueves,febrero,2000,12352.3
1999-10-30,25,viernes,febrero,2000,12690.9
1999-10-31,28,lunes,febrero,2000,12467.0
1999-11-01,29,martes,febrero,2000,12585.8
1999-11-02,1,miércoles,marzo,2000,12538.7
1999-11-03,2,jueves,marzo,2000,12709.6
1999-11-04,3,viernes,marzo,2000,12745.0
1999-11-05,6,lunes,marzo,2000,12816.8
1999-11-06,7,martes,marzo,2000,12667.2
1999-11-07,8,miércoles,marzo,2000,12668.3
1999-11-08,9,jueves,marzo,2000,12563.2
1999-11-09,10,viernes,marzo,2000,12513.7
1999-11-10,13,lunes,marzo,2000,12359.7
1999-11-11,14,martes,marzo,2000,12555.8
1999-11-12,15,miércoles,marzo,2000,12279.5
1999-11-13,16,jueves,marzo,2000,12260.9
1999-11-14,17,viernes,marzo,2000,12369.8
1999-11-15,20,lunes,marzo,2000,12362.4
1999-11-16,21,martes,marzo,2000,12308.3
1999-11-17,22,miércoles,marzo,2000,12172.2
1999-11-18,23,jueves,marzo,2000,12073.3
1999-11-19,24,viernes,marzo,2000,12213.8
1999-11-20,27,lunes,marzo,2000,12162.0
1999-11-21,28,martes,marzo,2000,12211.1
1999-11-22,29,miércoles,marzo,2000,12088.6
1999-11-23,30,jueves,marzo,2000,11833.4
1999-11-24,31,viernes,marzo,2000,11935.0
1999-11-25,3,lunes,abril,2000,11686.4
1999-11-26,4,martes,abril,2000,11584.2
1999-11-27,5,miércoles,abril,2000,11374.6
1999-11-28,6,jueves,abril,2000,11607.9
1999-11-29,7,viernes,abril,2000,11790.6
1999-11-30,10,lunes,abril,2000,11768.7
1999-12-01,11,martes,abril,2000,11515.3
1999-12-02,12,miércoles,abril,2000,11542.1
1999-12-03,13,jueves,abril,2000,11647.2
1999-12-04,14,viernes,abril,2000,11363.9
1999-12-05,17,lunes,abril,2000,11217.3
1999-12-06,18,martes,abril,2000,11261.5
1999-12-07,19,miércoles,abril,2000,11339.8
1999-12-08,20,jueves,abril,2000,11502.0
1999-12-11,25,martes,abril,2000,11425.5
1999-12-12,26,miércoles,abril,2000,11481.5
1999-12-13,27,jueves,abril,2000,11273.0
1999-12-14,28,viernes,abril,2000,11467.9
1999-12-16,2,martes,mayo,2000,11867.2
1999-12-17,3,miércoles,mayo,2000,11667.9
1999-12-18,4,jueves,mayo,2000,11597.5
1999-12-19,5,viernes,mayo,2000,11560.9
1999-12-20,8,lunes,mayo,2000,11304.0
1999-12-21,9,martes,mayo,2000,11071.7
1999-12-22,10,miércoles,mayo,2000,10832.3
1999-12-23,11,jueves,mayo,2000,11036.3
1999-12-24,12,viernes,mayo,2000,11102.6
1999-12-25,15,lunes,mayo,2000,11009.3
1999-12-26,16,martes,mayo,2000,11220.7
1999-12-27,17,miércoles,mayo,2000,10905.3
1999-12-28,18,jueves,mayo,2000,10889.6
1999-12-29,19,viernes,mayo,2000,10544.9
1999-12-30,22,lunes,mayo,2000,10326.3
1999-12-31,23,martes,mayo,2000,10380.1
2000-01-01,24,miércoles,mayo,2000,10342.4
2000-01-02,25,jueves,mayo,2000,10560.6
2000-01-03,26,viernes,mayo,2000,10437.1
2000-01-04,29,lunes,mayo,2000,10558.9
2000-01-05,30,martes,mayo,2000,10648.5
2000-01-06,31,miércoles,mayo,2000,10688.5
2000-01-07,1,jueves,junio,2000,10875.5
2000-01-08,2,viernes,junio,2000,11141.5
2000-01-09,5,lunes,junio,2000,11004.2
2000-01-10,6,martes,junio,2000,10782.5
2000-01-11,7,miércoles,junio,2000,10688.9
2000-01-12,8,jueves,junio,2000,10799.6
2000-01-13,9,viernes,junio,2000,10873.2
2000-01-14,12,lunes,junio,2000,10791.3
2000-01-15,13,martes,junio,2000,10806.0
2000-01-16,14,miércoles,junio,2000,10880.7
2000-01-17,15,jueves,junio,2000,10876.0
2000-01-18,16,viernes,junio,2000,10723.8
2000-01-19,19,lunes,junio,2000,10595.6
2000-01-20,20,martes,junio,2000,10563.4
2000-01-21,21,miércoles,junio,2000,10351.4
2000-01-22,22,jueves,junio,2000,10490.5
2000-01-23,23,viernes,junio,2000,10533.1
2000-01-24,26,lunes,junio,2000,10488.9
2000-01-25,27,martes,junio,2000,10528.2
2000-01-26,28,miércoles,junio,2000,10583.2
2000-01-27,29,jueves,junio,2000,10366.4
2000-01-28,30,viernes,junio,2000,10581.3
2000-01-29,3,lunes,julio,2000,10676.7
2000-01-30,4,martes,julio,2000,10848.9
2000-01-31,5,miércoles,julio,2000,10757.6
2000-02-01,6,jueves,julio,2000,10739.6
2000-02-02,7,viernes,julio,2000,10896.7
2000-02-03,10,lunes,julio,2000,10828.9
2000-02-04,11,martes,julio,2000,10874.8
2000-02-05,12,miércoles,julio,2000,10878.7
2000-02-06,13,jueves,julio,2000,10848.2
2000-02-07,14,viernes,julio,2000,11002.6
2000-02-08,17,lunes,julio,2000,10949.2
2000-02-09,18,martes,julio,2000,10791.5
2000-02-10,19,miércoles,julio,2000,10850.7
2000-02-11,20,jueves,julio,2000,10986.1
2000-02-12,21,viernes,julio,2000,10879.6
2000-02-13,24,lunes,julio,2000,10831.5
2000-02-14,25,martes,julio,2000,10714.6
2000-02-15,26,miércoles,julio,2000,10743.8
2000-02-16,27,jueves,julio,2000,10726.0
2000-02-17,28,viernes,julio,2000,10560.0
2000-02-18,31,lunes,julio,2000,10531.6
2000-02-19,1,martes,agosto,2000,10549.0
2000-02-20,2,miércoles,agosto,2000,10644.5
2000-02-21,3,jueves,agosto,2000,10453.0
2000-02-22,4,viernes,agosto,2000,10583.4
2000-02-23,7,lunes,agosto,2000,10707.7
2000-02-24,8,martes,agosto,2000,10867.6
2000-02-25,9,miércoles,agosto,2000,10951.9
2000-02-26,10,jueves,agosto,2000,11110.6
2000-02-27,11,viernes,agosto,2000,11094.6
2000-02-28,14,lunes,agosto,2000,11210.6
2000-02-29,15,martes,agosto,2000,11207.9
2000-03-01,16,miércoles,agosto,2000,11342.7
2000-03-02,17,jueves,agosto,2000,11155.5
2000-03-03,18,viernes,agosto,2000,11065.5
2000-03-04,21,lunes,agosto,2000,11093.5
2000-03-05,22,martes,agosto,2000,10934.6
2000-03-06,23,miércoles,agosto,2000,10798.1
2000-03-07,24,jueves,agosto,2000,10720.1
2000-03-08,25,viernes,agosto,2000,10818.3
2000-03-09,28,lunes,agosto,2000,10907.5
2000-03-10,29,martes,agosto,2000,10840.6
2000-03-11,30,miércoles,agosto,2000,10869.6
2000-03-12,31,jueves,agosto,2000,10884.7
2000-03-13,1,viernes,septiembre,2000,11170.1
2000-03-14,4,lunes,septiembre,2000,11246.3
2000-03-15,5,martes,septiembre,2000,11188.2
2000-03-16,6,miércoles,septiembre,2000,11238.5
2000-03-17,7,jueves,septiembre,2000,11282.5
2000-03-18,8,viernes,septiembre,2000,11103.3
2000-03-19,11,lunes,septiembre,2000,11229.8
2000-03-20,12,martes,septiembre,2000,11311.8
2000-03-21,13,miércoles,septiembre,2000,11212.5
2000-03-22,14,jueves,septiembre,2000,11451.6
2000-03-23,15,viernes,septiembre,2000,11463.1
2000-03-24,18,lunes,septiembre,2000,11188.1
2000-03-25,19,martes,septiembre,2000,11065.5
2000-03-26,20,miércoles,septiembre,2000,10901.3
2000-03-27,21,jueves,septiembre,2000,10803.4
2000-03-28,22,viernes,septiembre,2000,11029.4
2000-03-29,25,lunes,septiembre,2000,11159.1
2000-03-30,26,martes,septiembre,2000,10956.0
2000-03-31,27,miércoles,septiembre,2000,10957.6
2000-04-01,28,jueves,septiembre,2000,11023.1
2000-04-02,29,viernes,septiembre,2000,10950.0
2000-04-03,2,lunes,octubre,2000,11152.5
2000-04-04,3,martes,octubre,2000,11271.2
2000-04-05,4,miércoles,octubre,2000,11159.3
2000-04-06,5,jueves,octubre,2000,11237.3
2000-04-07,6,viernes,octubre,2000,11150.0
2000-04-08,9,lunes,octubre,2000,10838.8
2000-04-09,10,martes,octubre,2000,10950.7
2000-04-10,11,miércoles,octubre,2000,10618.7
2000-04-12,13,viernes,octubre,2000,10385.4
2000-04-13,16,lunes,octubre,2000,10455.2
2000-04-14,17,martes,octubre,2000,10375.4
2000-04-15,18,miércoles,octubre,2000,10056.1
2000-04-16,19,jueves,octubre,2000,10367.3
2000-04-17,20,viernes,octubre,2000,10443.6
2000-04-18,23,lunes,octubre,2000,10329.9
2000-04-19,24,martes,octubre,2000,10666.9
2000-04-20,25,miércoles,octubre,2000,10517.4
2000-04-21,26,jueves,octubre,2000,10324.7
2000-04-22,27,viernes,octubre,2000,10395.7
2000-04-23,30,lunes,octubre,2000,10307.3
2000-04-24,31,martes,octubre,2000,10363.1
2000-04-26,2,jueves,noviembre,2000,10507.0
2000-04-27,3,viernes,noviembre,2000,10542.7
2000-04-28,6,lunes,noviembre,2000,10610.5
2000-04-29,7,martes,noviembre,2000,10573.6
2000-04-30,8,miércoles,noviembre,2000,10488.4
2000-05-01,9,jueves,noviembre,2000,10273.5
2000-05-02,10,viernes,noviembre,2000,9986.0
2000-05-03,13,lunes,noviembre,2000,9897.3
2000-05-04,14,martes,noviembre,2000,10274.8
2000-05-05,15,miércoles,noviembre,2000,10294.1
2000-05-06,16,jueves,noviembre,2000,10135.3
2000-05-07,17,viernes,noviembre,2000,9845.9
2000-05-08,20,lunes,noviembre,2000,9548.7
2000-05-09,21,martes,noviembre,2000,9594.0
2000-05-10,22,miércoles,noviembre,2000,9252.5
2000-05-11,23,jueves,noviembre,2000,9334.8
2000-05-12,24,viernes,noviembre,2000,9642.3
2000-05-13,27,lunes,noviembre,2000,9541.9
2000-05-14,28,martes,noviembre,2000,9358.0
2000-05-15,29,miércoles,noviembre,2000,9477.3
2000-05-16,30,jueves,noviembre,2000,9214.5
2000-05-17,1,viernes,diciembre,2000,9339.4
2000-05-18,4,lunes,diciembre,2000,9069.1
2000-05-19,5,martes,diciembre,2000,9461.1
2000-05-21,7,jueves,diciembre,2000,9497.3
2000-05-23,11,lunes,diciembre,2000,9788.1
2000-05-24,12,martes,diciembre,2000,9753.5
2000-05-25,13,miércoles,diciembre,2000,9716.9
2000-05-26,14,jueves,diciembre,2000,9518.3
2000-05-27,15,viernes,diciembre,2000,9155.7
2000-05-28,18,lunes,diciembre,2000,9052.8
2000-05-29,19,martes,diciembre,2000,9255.5
2000-05-30,20,miércoles,diciembre,2000,8864.3
2000-05-31,21,jueves,diciembre,2000,8964.2
2000-06-01,22,viernes,diciembre,2000,9039.0
2000-06-04,27,miércoles,diciembre,2000,9078.5
2000-06-05,28,jueves,diciembre,2000,9075.6
2000-06-06,29,viernes,diciembre,2000,9109.8
2000-06-08,2,martes,enero,2001,9080.2
2000-06-09,3,miércoles,enero,2001,9200.9
2000-06-10,4,jueves,enero,2001,9597.2
2000-06-11,5,viernes,enero,2001,9601.4
2000-06-12,8,lunes,enero,2001,9623.6
2000-06-13,9,martes,enero,2001,9581.8
2000-06-14,10,miércoles,enero,2001,9585.8
2000-06-15,11,jueves,enero,2001,9699.8
2000-06-16,12,viernes,enero,2001,9890.2
2000-06-17,15,lunes,enero,2001,9892.0
2000-06-18,16,martes,enero,2001,9722.4
2000-06-19,17,miércoles,enero,2001,10020.1
2000-06-20,18,jueves,enero,2001,10070.8
2000-06-21,19,viernes,enero,2001,9955.5
2000-06-22,22,lunes,enero,2001,10019.2
2000-06-23,23,martes,enero,2001,10100.4
2000-06-24,24,miércoles,enero,2001,10116.2
2000-06-25,25,jueves,enero,2001,10132.0
2000-06-26,26,viernes,enero,2001,10090.1
2000-06-27,29,lunes,enero,2001,9949.9
2000-06-28,30,martes,enero,2001,10036.2
2000-06-29,31,miércoles,enero,2001,10116.0
2000-06-30,1,jueves,febrero,2001,10123.0
2000-07-01,2,viernes,febrero,2001,9848.5
2000-07-02,5,lunes,febrero,2001,9846.7
2000-07-03,6,martes,febrero,2001,9934.8
2000-07-04,7,miércoles,febrero,2001,9880.7
2000-07-05,8,jueves,febrero,2001,10020.8
2000-07-06,9,viernes,febrero,2001,9936.3
2000-07-07,12,lunes,febrero,2001,10096.5
2000-07-08,13,martes,febrero,2001,10054.2
2000-07-09,14,miércoles,febrero,2001,9759.7
2000-07-10,15,jueves,febrero,2001,9865.3
2000-07-11,16,viernes,febrero,2001,9789.5
2000-07-12,19,lunes,febrero,2001,9861.3
2000-07-13,20,martes,febrero,2001,9680.5
2000-07-14,21,miércoles,febrero,2001,9592.1
2000-07-15,22,jueves,febrero,2001,9418.8
2000-07-16,23,viernes,febrero,2001,9344.8
2000-07-17,26,lunes,febrero,2001,9476.4
2000-07-18,27,martes,febrero,2001,9554.1
2000-07-19,28,miércoles,febrero,2001,9551.4
2000-07-20,1,jueves,marzo,2001,9486.1
2000-07-21,2,viernes,marzo,2001,9570.9
2000-07-22,5,lunes,marzo,2001,9688.1
2000-07-23,6,martes,marzo,2001,9892.1
2000-07-24,7,miércoles,marzo,2001,9923.3
2000-07-25,8,jueves,marzo,2001,9798.2
2000-07-26,9,viernes,marzo,2001,9726.6
2000-07-27,12,lunes,marzo,2001,9494.8
2000-07-28,13,martes,marzo,2001,9510.9
2000-07-29,14,miércoles,marzo,2001,9393.0
2000-07-30,15,jueves,marzo,2001,9476.3
2000-07-31,16,viernes,marzo,2001,9290.0
2000-08-01,19,lunes,marzo,2001,9251.3
2000-08-02,20,martes,marzo,2001,9216.7
2000-08-03,21,miércoles,marzo,2001,8899.8
2000-08-04,22,jueves,marzo,2001,8531.8
2000-08-05,23,viernes,marzo,2001,8810.5
2000-08-06,26,lunes,marzo,2001,9063.4
2000-08-07,27,martes,marzo,2001,9263.3
2000-08-08,28,miércoles,marzo,2001,9163.4
2000-08-09,29,jueves,marzo,2001,9222.8
2000-08-10,30,viernes,marzo,2001,9308.3
2000-08-11,2,lunes,abril,2001,9324.3
2000-08-12,3,martes,abril,2001,9011.8
2000-08-13,4,miércoles,abril,2001,9172.4
2000-08-14,5,jueves,abril,2001,9340.2
2000-08-15,6,viernes,abril,2001,9328.4
2000-08-16,9,lunes,abril,2001,9453.5
2000-08-17,10,martes,abril,2001,9601.8
2000-08-18,11,miércoles,abril,2001,9613.9
2000-08-19,12,jueves,abril,2001,9648.8
2000-08-22,17,martes,abril,2001,9526.5
2000-08-23,18,miércoles,abril,2001,9797.8
2000-08-24,19,jueves,abril,2001,9798.0
2000-08-25,20,viernes,abril,2001,9547.5
2000-08-26,23,lunes,abril,2001,9269.4
2000-08-27,24,martes,abril,2001,9418.9
2000-08-28,25,miércoles,abril,2001,9350.4
2000-08-29,26,jueves,abril,2001,9523.9
2000-08-30,27,viernes,abril,2001,9634.6
2000-08-31,30,lunes,abril,2001,9761.0
2000-09-02,2,miércoles,mayo,2001,9633.5
2000-09-03,3,jueves,mayo,2001,9497.2
2000-09-04,4,viernes,mayo,2001,9542.7
2000-09-05,7,lunes,mayo,2001,9589.2
2000-09-06,8,martes,mayo,2001,9658.0
2000-09-07,9,miércoles,mayo,2001,9654.3
2000-09-08,10,jueves,mayo,2001,9781.5
2000-09-09,11,viernes,mayo,2001,9684.5
2000-09-10,14,lunes,mayo,2001,9602.2
2000-09-11,15,martes,mayo,2001,9667.6
2000-09-12,16,miércoles,mayo,2001,9588.1
2000-09-13,17,jueves,mayo,2001,9661.5
2000-09-14,18,viernes,mayo,2001,9728.4
2000-09-15,21,lunes,mayo,2001,9678.2
2000-09-16,22,martes,mayo,2001,9626.9
2000-09-17,23,miércoles,mayo,2001,9632.6
2000-09-18,24,jueves,mayo,2001,9616.2
2000-09-19,25,viernes,mayo,2001,9468.4
2000-09-20,28,lunes,mayo,2001,9545.6
2000-09-21,29,martes,mayo,2001,9487.2
2000-09-22,30,miércoles,mayo,2001,9439.9
2000-09-23,31,jueves,mayo,2001,9500.7
2000-09-24,1,viernes,junio,2001,9399.4
2000-09-25,4,lunes,junio,2001,9561.5
2000-09-26,5,martes,junio,2001,9601.8
2000-09-27,6,miércoles,junio,2001,9530.7
2000-09-28,7,jueves,junio,2001,9516.8
2000-09-29,8,viernes,junio,2001,9607.3
2000-09-30,11,lunes,junio,2001,9606.8
2000-10-01,12,martes,junio,2001,9444.0
2000-10-02,13,miércoles,junio,2001,9522.5
2000-10-03,14,jueves,junio,2001,9476.6
2000-10-04,15,viernes,junio,2001,9363.3
2000-10-05,18,lunes,junio,2001,9018.7
2000-10-06,19,martes,junio,2001,9047.9
2000-10-07,20,miércoles,junio,2001,9021.5
2000-10-08,21,jueves,junio,2001,8920.9
2000-10-09,22,viernes,junio,2001,8925.2
2000-10-10,25,lunes,junio,2001,8964.3
2000-10-11,26,martes,junio,2001,8792.7
2000-10-12,27,miércoles,junio,2001,8787.6
2000-10-13,28,jueves,junio,2001,8855.9
2000-10-14,29,viernes,junio,2001,8878.4
2000-10-15,2,lunes,julio,2001,9073.3
2000-10-16,3,martes,julio,2001,9015.9
2000-10-17,4,miércoles,julio,2001,8885.0
2000-10-18,5,jueves,julio,2001,8787.6
2000-10-19,6,viernes,julio,2001,8501.9
2000-10-20,9,lunes,julio,2001,8526.2
2000-10-21,10,martes,julio,2001,8465.1
2000-10-22,11,miércoles,julio,2001,8266.1
2000-10-23,12,jueves,julio,2001,8166.7
2000-10-24,13,viernes,julio,2001,8303.9
2000-10-25,16,lunes,julio,2001,8296.1
2000-10-26,17,martes,julio,2001,8372.7
2000-10-27,18,miércoles,julio,2001,8210.1
2000-10-28,19,jueves,julio,2001,8354.2
2000-10-29,20,viernes,julio,2001,8304.1
2000-10-30,23,lunes,julio,2001,8378.9
2000-10-31,24,martes,julio,2001,8373.8
2000-11-01,25,miércoles,julio,2001,8153.5
2000-11-02,26,jueves,julio,2001,8231.0
2000-11-03,27,viernes,julio,2001,8217.0
2000-11-04,30,lunes,julio,2001,8417.9
2000-11-05,31,martes,julio,2001,8480.0
2000-11-06,1,miércoles,agosto,2001,8557.3
2000-11-07,2,jueves,agosto,2001,8608.7
2000-11-08,3,viernes,agosto,2001,8564.7
2000-11-09,6,lunes,agosto,2001,8636.2
2000-11-10,7,martes,agosto,2001,8567.7
2000-11-11,8,miércoles,agosto,2001,8439.2
2000-11-12,9,jueves,agosto,2001,8292.0
2000-11-13,10,viernes,agosto,2001,8203.0
2000-11-14,13,lunes,agosto,2001,8337.7
2000-11-15,14,martes,agosto,2001,8450.0
2000-11-17,16,jueves,agosto,2001,8322.9
2000-11-18,17,viernes,agosto,2001,8200.1
2000-11-19,20,lunes,agosto,2001,8190.3
2000-11-20,21,martes,agosto,2001,8196.0
2000-11-21,22,miércoles,agosto,2001,8305.6
2000-11-22,23,jueves,agosto,2001,8401.3
2000-11-23,24,viernes,agosto,2001,8540.6
2000-11-24,27,lunes,agosto,2001,8515.6
2000-11-25,28,martes,agosto,2001,8372.9
2000-11-26,29,miércoles,agosto,2001,8425.3
2000-11-27,30,jueves,agosto,2001,8232.1
2000-11-28,31,viernes,agosto,2001,8321.1
2000-11-29,3,lunes,septiembre,2001,8153.0
2000-11-30,4,martes,septiembre,2001,8291.2
2000-12-01,5,miércoles,septiembre,2001,8117.3
2000-12-02,6,jueves,septiembre,2001,7904.7
2000-12-03,7,viernes,septiembre,2001,7727.2
2000-12-04,10,lunes,septiembre,2001,7678.7
2000-12-05,11,martes,septiembre,2001,7328.4
2000-12-06,12,miércoles,septiembre,2001,7336.7
2000-12-07,13,jueves,septiembre,2001,7338.7
2000-12-08,14,viernes,septiembre,2001,6911.8
2000-12-09,17,lunes,septiembre,2001,7094.8
2000-12-10,18,martes,septiembre,2001,7043.8
2000-12-11,19,miércoles,septiembre,2001,6933.6
2000-12-12,20,jueves,septiembre,2001,6725.3
2000-12-13,21,viernes,septiembre,2001,6498.4
2000-12-14,24,lunes,septiembre,2001,6885.7
2000-12-15,25,martes,septiembre,2001,7000.5
2000-12-16,26,miércoles,septiembre,2001,7050.9
2000-12-17,27,jueves,septiembre,2001,7197.9
2000-12-18,28,viernes,septiembre,2001,7314.0
2000-12-19,1,lunes,octubre,2001,7193.1
2000-12-20,2,martes,octubre,2001,7309.9
2000-12-21,3,miércoles,octubre,2001,7245.0
2000-12-22,4,jueves,octubre,2001,7466.3
2000-12-23,5,viernes,octubre,2001,7169.3
2000-12-24,8,lunes,octubre,2001,7200.0
2000-12-25,9,martes,octubre,2001,7278.4
2000-12-26,10,miércoles,octubre,2001,7529.6
2000-12-27,11,jueves,octubre,2001,7553.1
2000-12-29,15,lunes,octubre,2001,7511.9
2000-12-30,16,martes,octubre,2001,7643.7
2000-12-31,17,miércoles,octubre,2001,7918.6
2001-01-01,18,jueves,octubre,2001,7802.3
2001-01-02,19,viernes,octubre,2001,7590.7
2001-01-03,22,lunes,octubre,2001,7780.4
2001-01-04,23,martes,octubre,2001,7943.3
2001-01-05,24,miércoles,octubre,2001,8096.7
2001-01-06,25,jueves,octubre,2001,7879.3
2001-01-07,26,viernes,octubre,2001,7958.3
2001-01-08,29,lunes,octubre,2001,7795.3
2001-01-09,30,martes,octubre,2001,7562.5
2001-01-10,31,miércoles,octubre,2001,7774.26
2001-01-11,1,jueves,noviembre,2001,7754.8
2001-01-12,2,viernes,noviembre,2001,7677.5
2001-01-13,5,lunes,noviembre,2001,7926.0
2001-01-14,6,martes,noviembre,2001,8017.8
2001-01-15,7,miércoles,noviembre,2001,8118.4
2001-01-16,8,jueves,noviembre,2001,8363.3
2001-01-17,9,viernes,noviembre,2001,8222.0
2001-01-18,12,lunes,noviembre,2001,8059.8
2001-01-19,13,martes,noviembre,2001,8383.1
2001-01-20,14,miércoles,noviembre,2001,8463.6
2001-01-21,15,jueves,noviembre,2001,8500.3
2001-01-22,16,viernes,noviembre,2001,8536.6
2001-01-23,19,lunes,noviembre,2001,8691.1
2001-01-24,20,martes,noviembre,2001,8540.6
2001-01-25,21,miércoles,noviembre,2001,8425.4
2001-01-26,22,jueves,noviembre,2001,8506.1
2001-01-27,23,viernes,noviembre,2001,8531.7
2001-01-28,26,lunes,noviembre,2001,8563.1
2001-01-29,27,martes,noviembre,2001,8439.3
2001-01-30,28,miércoles,noviembre,2001,8348.3
2001-01-31,29,jueves,noviembre,2001,8272.9
2001-02-01,30,viernes,noviembre,2001,8364.7
2001-02-02,3,lunes,diciembre,2001,8302.9
2001-02-03,4,martes,diciembre,2001,8514.6
2001-02-04,5,miércoles,diciembre,2001,8825.5
2001-02-06,7,viernes,diciembre,2001,8703.2
2001-02-07,10,lunes,diciembre,2001,8559.9
2001-02-08,11,martes,diciembre,2001,8636.7
2001-02-09,12,miércoles,diciembre,2001,8532.5
2001-02-10,13,jueves,diciembre,2001,8319.5
2001-02-11,14,viernes,diciembre,2001,8281.6
2001-02-12,17,lunes,diciembre,2001,8543.1
2001-02-13,18,martes,diciembre,2001,8474.1
2001-02-14,19,miércoles,diciembre,2001,8327.0
2001-02-15,20,jueves,diciembre,2001,8232.8
2001-02-16,21,viernes,diciembre,2001,8284.9
2001-02-20,27,jueves,diciembre,2001,8434.9
2001-02-21,28,viernes,diciembre,2001,8397.6
2001-02-24,2,miércoles,enero,2002,8377.1
2001-02-25,3,jueves,enero,2002,8554.7
2001-02-26,4,viernes,enero,2002,8463.1
2001-02-27,7,lunes,enero,2002,8177.3
2001-02-28,8,martes,enero,2002,8186.6
2001-03-01,9,miércoles,enero,2002,8066.1
2001-03-02,10,jueves,enero,2002,7935.4
2001-03-03,11,viernes,enero,2002,7983.1
2001-03-04,14,lunes,enero,2002,7800.3
2001-03-05,15,martes,enero,2002,7948.7
2001-03-06,16,miércoles,enero,2002,7804.1
2001-03-07,17,jueves,enero,2002,7977.5
2001-03-08,18,viernes,enero,2002,8008.8
2001-03-09,21,lunes,enero,2002,7902.5
2001-03-10,22,martes,enero,2002,8033.1
2001-03-11,23,miércoles,enero,2002,8078.3
2001-03-12,24,jueves,enero,2002,8213.3
2001-03-13,25,viernes,enero,2002,8185.0
2001-03-14,28,lunes,enero,2002,8273.1
2001-03-15,29,martes,enero,2002,8178.4
2001-03-16,30,miércoles,enero,2002,8019.7
2001-03-17,31,jueves,enero,2002,8050.4
2001-03-18,1,viernes,febrero,2002,8171.1
2001-03-19,4,lunes,febrero,2002,8014.3
2001-03-20,5,martes,febrero,2002,7852.7
2001-03-21,6,miércoles,febrero,2002,7708.1
2001-03-22,7,jueves,febrero,2002,7872.4
2001-03-23,8,viernes,febrero,2002,7829.8
2001-03-24,11,lunes,febrero,2002,7819.7
2001-03-25,12,martes,febrero,2002,7787.8
2001-03-26,13,miércoles,febrero,2002,7867.2
2001-03-27,14,jueves,febrero,2002,8021.4
2001-03-28,15,viernes,febrero,2002,7920.4
2001-03-29,18,lunes,febrero,2002,7832.4
2001-03-30,19,martes,febrero,2002,7708.6
2001-03-31,20,miércoles,febrero,2002,7716.4
2001-04-01,21,jueves,febrero,2002,7736.5
2001-04-02,22,viernes,febrero,2002,7662.4
2001-04-03,25,lunes,febrero,2002,7775.1
2001-04-04,26,martes,febrero,2002,7847.0
2001-04-05,27,miércoles,febrero,2002,8101.4
2001-04-06,28,jueves,febrero,2002,8135.5
2001-04-07,1,viernes,marzo,2002,8230.7
2001-04-08,4,lunes,marzo,2002,8385.0
2001-04-09,5,martes,marzo,2002,8307.2
2001-04-10,6,miércoles,marzo,2002,8320.5
2001-04-11,7,jueves,marzo,2002,8382.2
2001-04-12,8,viernes,marzo,2002,8369.7
2001-04-13,11,lunes,marzo,2002,8317.9
2001-04-14,12,martes,marzo,2002,8225.9
2001-04-15,13,miércoles,marzo,2002,8199.0
2001-04-16,14,jueves,marzo,2002,8253.3
2001-04-17,15,viernes,marzo,2002,8318.8
2001-04-18,18,lunes,marzo,2002,8394.7
2001-04-19,19,martes,marzo,2002,8471.3
2001-04-20,20,miércoles,marzo,2002,8390.1
2001-04-21,21,jueves,marzo,2002,8334.4
2001-04-22,22,viernes,marzo,2002,8346.0
2001-04-23,25,lunes,marzo,2002,8167.2
2001-04-24,26,martes,marzo,2002,8123.2
2001-04-25,27,miércoles,marzo,2002,8158.0
2001-04-26,28,jueves,marzo,2002,8249.7
2001-04-29,2,martes,abril,2002,8202.1
2001-04-30,3,miércoles,abril,2002,8236.1
2001-05-01,4,jueves,abril,2002,8164.7
2001-05-02,5,viernes,abril,2002,8170.1
2001-05-03,8,lunes,abril,2002,7976.1
2001-05-04,9,martes,abril,2002,8038.5
2001-05-05,10,miércoles,abril,2002,8098.2
2001-05-06,11,jueves,abril,2002,7971.1
2001-05-07,12,viernes,abril,2002,8027.3
2001-05-08,15,lunes,abril,2002,8116.9
2001-05-09,16,martes,abril,2002,8353.5
2001-05-10,17,miércoles,abril,2002,8393.8
2001-05-11,18,jueves,abril,2002,8348.1
2001-05-12,19,viernes,abril,2002,8420.4
2001-05-13,22,lunes,abril,2002,8363.5
2001-05-14,23,martes,abril,2002,8356.9
2001-05-15,24,miércoles,abril,2002,8325.0
2001-05-16,25,jueves,abril,2002,8171.1
2001-05-17,26,viernes,abril,2002,8182.0
2001-05-18,29,lunes,abril,2002,8146.3
2001-05-19,30,martes,abril,2002,8154.4
2001-05-21,2,jueves,mayo,2002,8048.0
2001-05-22,3,viernes,mayo,2002,8019.0
2001-05-23,6,lunes,mayo,2002,7945.9
2001-05-24,7,martes,mayo,2002,7910.7
2001-05-25,8,miércoles,mayo,2002,8087.9
2001-05-26,9,jueves,mayo,2002,8041.4
2001-05-27,10,viernes,mayo,2002,7897.1
2001-05-28,13,lunes,mayo,2002,7998.1
2001-05-29,14,martes,mayo,2002,8103.6
2001-05-30,15,miércoles,mayo,2002,8162.1
2001-05-31,16,jueves,mayo,2002,8088.1
2001-06-01,17,viernes,mayo,2002,8090.6
2001-06-02,20,lunes,mayo,2002,8000.0
2001-06-03,21,martes,mayo,2002,7950.0
2001-06-04,22,miércoles,mayo,2002,7857.1
2001-06-05,23,jueves,mayo,2002,7902.1
2001-06-06,24,viernes,mayo,2002,7950.2
2001-06-07,27,lunes,mayo,2002,7993.0
2001-06-08,28,martes,mayo,2002,7925.1
2001-06-09,29,miércoles,mayo,2002,7946.7
2001-06-10,30,jueves,mayo,2002,7854.8
2001-06-11,31,viernes,mayo,2002,7949.9
2001-06-12,3,lunes,junio,2002,7899.7
2001-06-13,4,martes,junio,2002,7667.0
2001-06-14,5,miércoles,junio,2002,7619.1
2001-06-15,6,jueves,junio,2002,7577.5
2001-06-16,7,viernes,junio,2002,7480.6
2001-06-17,10,lunes,junio,2002,7483.1
2001-06-18,11,martes,junio,2002,7553.9
2001-06-19,12,miércoles,junio,2002,7387.6
2001-06-20,13,jueves,junio,2002,7296.5
2001-06-21,14,viernes,junio,2002,7128.2
2001-06-22,17,lunes,junio,2002,7333.0
2001-06-23,18,martes,junio,2002,7350.8
2001-06-24,19,miércoles,junio,2002,7212.7
2001-06-25,20,jueves,junio,2002,7060.3
2001-06-26,21,viernes,junio,2002,6925.5
2001-06-27,24,lunes,junio,2002,6651.4
2001-06-28,25,martes,junio,2002,6773.6
2001-06-29,26,miércoles,junio,2002,6683.4
2001-06-30,27,jueves,junio,2002,6695.8
2001-07-01,28,viernes,junio,2002,6913.0
2001-07-02,1,lunes,julio,2002,6893.6
2001-07-03,2,martes,julio,2002,6713.4
2001-07-04,3,miércoles,julio,2002,6592.2
2001-07-05,4,jueves,julio,2002,6686.6
2001-07-06,5,viernes,julio,2002,7078.4
2001-07-07,8,lunes,julio,2002,7133.8
2001-07-08,9,martes,julio,2002,6997.7
2001-07-09,10,miércoles,julio,2002,6858.3
2001-07-10,11,jueves,julio,2002,6637.7
2001-07-11,12,viernes,julio,2002,6724.6
2001-07-12,15,lunes,julio,2002,6420.9
2001-07-13,16,martes,julio,2002,6421.2
2001-07-14,17,miércoles,julio,2002,6660.6
2001-07-15,18,jueves,julio,2002,6751.6
2001-07-16,19,viernes,julio,2002,6420.4
2001-07-17,22,lunes,julio,2002,6251.9
2001-07-18,23,martes,julio,2002,6158.6
2001-07-19,24,miércoles,julio,2002,6004.5
2001-07-20,25,jueves,julio,2002,6310.1
2001-07-21,26,viernes,julio,2002,6303.4
2001-07-22,29,lunes,julio,2002,6659.8
2001-07-23,30,martes,julio,2002,6322.3
2001-07-24,31,miércoles,julio,2002,6249.3
2001-07-25,1,jueves,agosto,2002,6074.9
2001-07-26,2,viernes,agosto,2002,6114.1
2001-07-27,5,lunes,agosto,2002,5963.2
2001-07-28,6,martes,agosto,2002,6168.6
2001-07-29,7,miércoles,agosto,2002,6091.7
2001-07-30,8,jueves,agosto,2002,6396.1
2001-07-31,9,viernes,agosto,2002,6400.3
2001-08-01,12,lunes,agosto,2002,6221.1
2001-08-02,13,martes,agosto,2002,6271.4
2001-08-03,14,miércoles,agosto,2002,6104.6
2001-08-05,16,viernes,agosto,2002,6326.6
2001-08-06,19,lunes,agosto,2002,6583.0
2001-08-07,20,martes,agosto,2002,6466.3
2001-08-08,21,miércoles,agosto,2002,6528.1
2001-08-09,22,jueves,agosto,2002,6678.8
2001-08-10,23,viernes,agosto,2002,6590.1
2001-08-11,26,lunes,agosto,2002,6534.1
2001-08-12,27,martes,agosto,2002,6703.1
2001-08-13,28,miércoles,agosto,2002,6472.7
2001-08-14,29,jueves,agosto,2002,6370.9
2001-08-15,30,viernes,agosto,2002,6435.7
2001-08-16,2,lunes,septiembre,2002,6341.3
2001-08-17,3,martes,septiembre,2002,6141.9
2001-08-18,4,miércoles,septiembre,2002,6165.1
2001-08-19,5,jueves,septiembre,2002,6080.4
2001-08-20,6,viernes,septiembre,2002,6261.6
2001-08-21,9,lunes,septiembre,2002,6143.3
2001-08-22,10,martes,septiembre,2002,6295.7
2001-08-23,11,miércoles,septiembre,2002,6492.0
2001-08-24,12,jueves,septiembre,2002,6251.1
2001-08-25,13,viernes,septiembre,2002,6141.3
2001-08-26,16,lunes,septiembre,2002,6087.0
2001-08-27,17,martes,septiembre,2002,6082.0
2001-08-28,18,miércoles,septiembre,2002,5905.5
2001-08-29,19,jueves,septiembre,2002,5819.0
2001-08-30,20,viernes,septiembre,2002,5761.1
2001-08-31,23,lunes,septiembre,2002,5580.1
2001-09-01,24,martes,septiembre,2002,5390.9
2001-09-02,25,miércoles,septiembre,2002,5447.4
2001-09-03,26,jueves,septiembre,2002,5682.4
2001-09-04,27,viernes,septiembre,2002,5630.6
2001-09-05,30,lunes,septiembre,2002,5431.7
2001-09-06,1,martes,octubre,2002,5368.6
2001-09-07,2,miércoles,octubre,2002,5614.4
2001-09-08,3,jueves,octubre,2002,5551.7
2001-09-09,4,viernes,octubre,2002,5499.2
2001-09-10,7,lunes,octubre,2002,5464.3
2001-09-11,8,martes,octubre,2002,5454.1
2001-09-12,9,miércoles,octubre,2002,5364.5
2001-09-13,10,jueves,octubre,2002,5447.6
2001-09-14,11,viernes,octubre,2002,5661.0
2001-09-15,14,lunes,octubre,2002,5603.3
2001-09-16,15,martes,octubre,2002,5889.4
2001-09-17,16,miércoles,octubre,2002,5865.4
2001-09-18,17,jueves,octubre,2002,6023.5
2001-09-19,18,viernes,octubre,2002,6010.8
2001-09-20,21,lunes,octubre,2002,6031.4
2001-09-21,22,martes,octubre,2002,6040.8
2001-09-22,23,miércoles,octubre,2002,5881.4
2001-09-23,24,jueves,octubre,2002,6054.2
2001-09-24,25,viernes,octubre,2002,6092.5
2001-09-25,28,lunes,octubre,2002,6164.6
2001-09-26,29,martes,octubre,2002,6005.9
2001-09-27,30,miércoles,octubre,2002,6038.1
2001-09-28,31,jueves,octubre,2002,6139.4
2001-09-30,4,lunes,noviembre,2002,6366.2
2001-10-01,5,martes,noviembre,2002,6369.1
2001-10-02,6,miércoles,noviembre,2002,6319.1
2001-10-03,7,jueves,noviembre,2002,6115.6
2001-10-04,8,viernes,noviembre,2002,6074.2
2001-10-05,11,lunes,noviembre,2002,6060.0
2001-10-06,12,martes,noviembre,2002,6141.9
2001-10-07,13,miércoles,noviembre,2002,6133.5
2001-10-08,14,jueves,noviembre,2002,6271.7
2001-10-09,15,viernes,noviembre,2002,6250.8
2001-10-10,18,lunes,noviembre,2002,6356.3
2001-10-11,19,martes,noviembre,2002,6299.3
2001-10-12,20,miércoles,noviembre,2002,6264.3
2001-10-13,21,jueves,noviembre,2002,6498.9
2001-10-14,22,viernes,noviembre,2002,6539.2
2001-10-15,25,lunes,noviembre,2002,6580.7
2001-10-16,26,martes,noviembre,2002,6471.5
2001-10-17,27,miércoles,noviembre,2002,6700.1
2001-10-18,28,jueves,noviembre,2002,6704.1
2001-10-19,29,viernes,noviembre,2002,6685.6
2001-10-20,2,lunes,diciembre,2002,6736.3
2001-10-21,3,martes,diciembre,2002,6582.4
2001-10-22,4,miércoles,diciembre,2002,6512.8
2001-10-23,5,jueves,diciembre,2002,6425.3
2001-10-25,9,lunes,diciembre,2002,6291.0
2001-10-26,10,martes,diciembre,2002,6332.1
2001-10-27,11,miércoles,diciembre,2002,6371.5
2001-10-28,12,jueves,diciembre,2002,6251.6
2001-10-29,13,viernes,diciembre,2002,6120.6
2001-10-30,16,lunes,diciembre,2002,6311.4
2001-10-31,17,martes,diciembre,2002,6266.6
2001-11-01,18,miércoles,diciembre,2002,6155.8
2001-11-02,19,jueves,diciembre,2002,6168.3
2001-11-03,20,viernes,diciembre,2002,6208.0
2001-11-04,23,lunes,diciembre,2002,6240.2
2001-11-08,27,viernes,diciembre,2002,6081.3
2001-11-09,30,lunes,diciembre,2002,6036.9
2001-11-12,2,jueves,enero,2003,6284.0
2001-11-13,3,viernes,enero,2003,6237.3
2001-11-15,7,martes,enero,2003,6349.3
2001-11-16,8,miércoles,enero,2003,6377.2
2001-11-17,9,jueves,enero,2003,6433.0
2001-11-18,10,viernes,enero,2003,6438.9
2001-11-19,13,lunes,enero,2003,6534.7
2001-11-20,14,martes,enero,2003,6589.2
2001-11-21,15,miércoles,enero,2003,6566.8
2001-11-22,16,jueves,enero,2003,6610.6
2001-11-23,17,viernes,enero,2003,6458.2
2001-11-24,20,lunes,enero,2003,6390.8
2001-11-25,21,martes,enero,2003,6346.3
2001-11-26,22,miércoles,enero,2003,6249.7
2001-11-27,23,jueves,enero,2003,6310.2
2001-11-28,24,viernes,enero,2003,6268.9
2001-11-29,27,lunes,enero,2003,6022.4
2001-11-30,28,martes,enero,2003,5955.4
2001-12-01,29,miércoles,enero,2003,5941.0
2001-12-02,30,jueves,enero,2003,6019.6
2001-12-03,31,viernes,enero,2003,5947.7
2001-12-04,3,lunes,febrero,2003,6017.2
2001-12-05,4,martes,febrero,2003,5872.9
2001-12-06,5,miércoles,febrero,2003,6002.6
2001-12-07,6,jueves,febrero,2003,5885.6
2001-12-08,7,viernes,febrero,2003,5809.3
2001-12-09,10,lunes,febrero,2003,5787.6
2001-12-10,11,martes,febrero,2003,5923.3
2001-12-11,12,miércoles,febrero,2003,5840.2
2001-12-12,13,jueves,febrero,2003,5817.6
2001-12-13,14,viernes,febrero,2003,5972.8
2001-12-14,17,lunes,febrero,2003,6082.9
2001-12-15,18,martes,febrero,2003,6165.0
2001-12-16,19,miércoles,febrero,2003,6036.8
2001-12-17,20,jueves,febrero,2003,5989.3
2001-12-18,21,viernes,febrero,2003,6043.2
2001-12-19,24,lunes,febrero,2003,5952.1
2001-12-20,25,martes,febrero,2003,5803.2
2001-12-21,26,miércoles,febrero,2003,5782.0
2001-12-22,27,jueves,febrero,2003,5887.7
2001-12-23,28,viernes,febrero,2003,5999.4
2001-12-24,3,lunes,marzo,2003,5987.2
2001-12-25,4,martes,marzo,2003,5861.8
2001-12-26,5,miércoles,marzo,2003,5879.8
2001-12-27,6,jueves,marzo,2003,5816.9
2001-12-28,7,viernes,marzo,2003,5716.5
2001-12-29,10,lunes,marzo,2003,5569.4
2001-12-30,11,martes,marzo,2003,5606.4
2001-12-31,12,miércoles,marzo,2003,5452.4
2002-01-01,13,jueves,marzo,2003,5670.7
2002-01-02,14,viernes,marzo,2003,5904.9
2002-01-03,17,lunes,marzo,2003,6064.5
2002-01-04,18,martes,marzo,2003,6089.6
2002-01-05,19,miércoles,marzo,2003,6171.3
2002-01-06,20,jueves,marzo,2003,6102.1
2002-01-07,21,viernes,marzo,2003,6258.0
2002-01-08,24,lunes,marzo,2003,6005.0
2002-01-09,25,martes,marzo,2003,6123.8
2002-01-10,26,miércoles,marzo,2003,6142.8
2002-01-11,27,jueves,marzo,2003,6022.4
2002-01-12,28,viernes,marzo,2003,6029.2
2002-01-13,31,lunes,marzo,2003,5870.5
2002-01-14,1,martes,abril,2003,5953.2
2002-01-15,2,miércoles,abril,2003,6174.5
2002-01-16,3,jueves,abril,2003,6238.0
2002-01-17,4,viernes,abril,2003,6324.1
2002-01-18,7,lunes,abril,2003,6454.2
2002-01-19,8,martes,abril,2003,6397.3
2002-01-20,9,miércoles,abril,2003,6468.5
2002-01-21,10,jueves,abril,2003,6407.8
2002-01-22,11,viernes,abril,2003,6442.3
2002-01-23,14,lunes,abril,2003,6488.6
2002-01-24,15,martes,abril,2003,6560.8
2002-01-25,16,miércoles,abril,2003,6503.1
2002-01-26,17,jueves,abril,2003,6574.4
2002-01-29,22,martes,abril,2003,6577.6
2002-01-30,23,miércoles,abril,2003,6587.4
2002-01-31,24,jueves,abril,2003,6526.9
2002-02-01,25,viernes,abril,2003,6492.5
2002-02-02,28,lunes,abril,2003,6607.8
2002-02-03,29,martes,abril,2003,6557.2
2002-02-04,30,miércoles,abril,2003,6489.5
2002-02-06,2,viernes,mayo,2003,6456.4
2002-02-07,5,lunes,mayo,2003,6491.3
2002-02-08,6,martes,mayo,2003,6568.7
2002-02-09,7,miércoles,mayo,2003,6429.0
2002-02-10,8,jueves,mayo,2003,6300.5
2002-02-11,9,viernes,mayo,2003,6387.8
2002-02-12,12,lunes,mayo,2003,6395.0
2002-02-13,13,martes,mayo,2003,6376.0
2002-02-14,14,miércoles,mayo,2003,6363.4
2002-02-15,15,jueves,mayo,2003,6413.8
2002-02-16,16,viernes,mayo,2003,6481.5
2002-02-17,19,lunes,mayo,2003,6279.6
2002-02-18,20,martes,mayo,2003,6298.1
2002-02-19,21,miércoles,mayo,2003,6198.9
2002-02-20,22,jueves,mayo,2003,6317.9
2002-02-21,23,viernes,mayo,2003,6346.2
2002-02-22,26,lunes,mayo,2003,6338.2
2002-02-23,27,martes,mayo,2003,6363.6
2002-02-24,28,miércoles,mayo,2003,6472.9
2002-02-25,29,jueves,mayo,2003,6483.0
2002-02-26,30,viernes,mayo,2003,6508.5
2002-02-27,2,lunes,junio,2003,6595.4
2002-02-28,3,martes,junio,2003,6562.9
2002-03-01,4,miércoles,junio,2003,6637.7
2002-03-02,5,jueves,junio,2003,6591.1
2002-03-03,6,viernes,junio,2003,6717.7
2002-03-04,9,lunes,junio,2003,6670.1
2002-03-05,10,martes,junio,2003,6696.8
2002-03-06,11,miércoles,junio,2003,6791.2
2002-03-07,12,jueves,junio,2003,6849.1
2002-03-08,13,viernes,junio,2003,6857.2
2002-03-09,16,lunes,junio,2003,6960.9
2002-03-10,17,martes,junio,2003,6977.1
2002-03-11,18,miércoles,junio,2003,7015.8
2002-03-12,19,jueves,junio,2003,6908.6
2002-03-13,20,viernes,junio,2003,7081.6
2002-03-14,23,lunes,junio,2003,6919.7
2002-03-15,24,martes,junio,2003,6871.4
2002-03-16,25,miércoles,junio,2003,6941.3
2002-03-17,26,jueves,junio,2003,6944.6
2002-03-18,27,viernes,junio,2003,6970.1
2002-03-19,30,lunes,junio,2003,6862.0
2002-03-20,1,martes,julio,2003,6739.1
2002-03-21,2,miércoles,julio,2003,6830.9
2002-03-22,3,jueves,julio,2003,6795.3
2002-03-23,4,viernes,julio,2003,6800.4
2002-03-24,7,lunes,julio,2003,6944.6
2002-03-25,8,martes,julio,2003,6965.7
2002-03-26,9,miércoles,julio,2003,6915.7
2002-03-27,10,jueves,julio,2003,6838.5
2002-03-28,11,viernes,julio,2003,6968.6
2002-03-29,14,lunes,julio,2003,7046.0
2002-03-30,15,martes,julio,2003,7000.0
2002-03-31,16,miércoles,julio,2003,6932.8
2002-04-01,17,jueves,julio,2003,6945.3
2002-04-02,18,viernes,julio,2003,6900.4
2002-04-03,21,lunes,julio,2003,6825.2
2002-04-04,22,martes,julio,2003,6862.4
2002-04-05,23,miércoles,julio,2003,6868.0
2002-04-06,24,jueves,julio,2003,6981.1
2002-04-07,25,viernes,julio,2003,6903.8
2002-04-08,28,lunes,julio,2003,6996.7
2002-04-09,29,martes,julio,2003,6924.0
2002-04-10,30,miércoles,julio,2003,6984.3
2002-04-11,31,jueves,julio,2003,7061.7
2002-04-12,1,viernes,agosto,2003,6995.4
2002-04-13,4,lunes,agosto,2003,6945.0
2002-04-14,5,martes,agosto,2003,6991.3
2002-04-15,6,miércoles,agosto,2003,6924.3
2002-04-16,7,jueves,agosto,2003,6900.3
2002-04-17,8,viernes,agosto,2003,6930.8
2002-04-18,11,lunes,agosto,2003,6965.4
2002-04-19,12,martes,agosto,2003,7015.3
2002-04-20,13,miércoles,agosto,2003,6998.2
2002-04-21,14,jueves,agosto,2003,7110.3
2002-04-23,18,lunes,agosto,2003,7170.7
2002-04-24,19,martes,agosto,2003,7192.4
2002-04-25,20,miércoles,agosto,2003,7179.8
2002-04-26,21,jueves,agosto,2003,7214.9
2002-04-27,22,viernes,agosto,2003,7205.9
2002-04-28,25,lunes,agosto,2003,7166.4
2002-04-29,26,martes,agosto,2003,7130.0
2002-04-30,27,miércoles,agosto,2003,7143.3
2002-05-01,28,jueves,agosto,2003,7175.1
2002-05-02,29,viernes,agosto,2003,7111.3
2002-05-03,1,lunes,septiembre,2003,7194.4
2002-05-04,2,martes,septiembre,2003,7203.9
2002-05-05,3,miércoles,septiembre,2003,7291.7
2002-05-06,4,jueves,septiembre,2003,7265.7
2002-05-07,5,viernes,septiembre,2003,7230.6
2002-05-08,8,lunes,septiembre,2003,7287.0
2002-05-09,9,martes,septiembre,2003,7220.0
2002-05-10,10,miércoles,septiembre,2003,7116.0
2002-05-11,11,jueves,septiembre,2003,7113.4
2002-05-12,12,viernes,septiembre,2003,7022.9
2002-05-13,15,lunes,septiembre,2003,7057.6
2002-05-14,16,martes,septiembre,2003,7132.0
2002-05-15,17,miércoles,septiembre,2003,7146.7
2002-05-16,18,jueves,septiembre,2003,7195.7
2002-05-17,19,viernes,septiembre,2003,7102.7
2002-05-18,22,lunes,septiembre,2003,6953.3
2002-05-19,23,martes,septiembre,2003,6953.1
2002-05-20,24,miércoles,septiembre,2003,6909.0
2002-05-21,25,jueves,septiembre,2003,6895.7
2002-05-22,26,viernes,septiembre,2003,6809.4
2002-05-23,29,lunes,septiembre,2003,6772.0
2002-05-24,30,martes,septiembre,2003,6703.6
2002-05-25,1,miércoles,octubre,2003,6751.0
2002-05-26,2,jueves,octubre,2003,6762.4
2002-05-27,3,viernes,octubre,2003,6922.3
2002-05-28,6,lunes,octubre,2003,6894.2
2002-05-29,7,martes,octubre,2003,6894.1
2002-05-30,8,miércoles,octubre,2003,6924.3
2002-05-31,9,jueves,octubre,2003,7019.1
2002-06-01,10,viernes,octubre,2003,6974.7
2002-06-02,13,lunes,octubre,2003,7063.1
2002-06-03,14,martes,octubre,2003,7040.7
2002-06-04,15,miércoles,octubre,2003,7043.5
2002-06-05,16,jueves,octubre,2003,7034.3
2002-06-06,17,viernes,octubre,2003,6993.6
2002-06-07,20,lunes,octubre,2003,6984.8
2002-06-08,21,martes,octubre,2003,7007.4
2002-06-09,22,miércoles,octubre,2003,6914.6
2002-06-10,23,jueves,octubre,2003,6879.9
2002-06-11,24,viernes,octubre,2003,6869.0
2002-06-12,27,lunes,octubre,2003,6951.0
2002-06-13,28,martes,octubre,2003,7023.8
2002-06-14,29,miércoles,octubre,2003,7030.4
2002-06-15,30,jueves,octubre,2003,7119.1
2002-06-16,31,viernes,octubre,2003,7129.5
2002-06-17,3,lunes,noviembre,2003,7215.3
2002-06-18,4,martes,noviembre,2003,7199.7
2002-06-19,5,miércoles,noviembre,2003,7196.1
2002-06-20,6,jueves,noviembre,2003,7228.1
2002-06-21,7,viernes,noviembre,2003,7267.8
2002-06-22,10,lunes,noviembre,2003,7222.9
2002-06-23,11,martes,noviembre,2003,7191.4
2002-06-24,12,miércoles,noviembre,2003,7246.7
2002-06-25,13,jueves,noviembre,2003,7258.8
2002-06-26,14,viernes,noviembre,2003,7293.8
2002-06-27,17,lunes,noviembre,2003,7134.0
2002-06-28,18,martes,noviembre,2003,7127.3
2002-06-29,19,miércoles,noviembre,2003,7131.5
2002-06-30,20,jueves,noviembre,2003,7111.6
2002-07-01,21,viernes,noviembre,2003,7145.0
2002-07-02,24,lunes,noviembre,2003,7243.8
2002-07-03,25,martes,noviembre,2003,7251.9
2002-07-04,26,miércoles,noviembre,2003,7227.4
2002-07-05,27,jueves,noviembre,2003,7249.9
2002-07-06,28,viernes,noviembre,2003,7252.5
2002-07-07,1,lunes,diciembre,2003,7372.3
2002-07-08,2,martes,diciembre,2003,7348.7
2002-07-09,3,miércoles,diciembre,2003,7384.3
2002-07-10,4,jueves,diciembre,2003,7367.1
2002-07-11,5,viernes,diciembre,2003,7348.1
2002-07-13,9,martes,diciembre,2003,7391.0
2002-07-14,10,miércoles,diciembre,2003,7358.8
2002-07-15,11,jueves,diciembre,2003,7432.2
2002-07-16,12,viernes,diciembre,2003,7434.4
2002-07-17,15,lunes,diciembre,2003,7471.8
2002-07-18,16,martes,diciembre,2003,7487.0
2002-07-19,17,miércoles,diciembre,2003,7506.3
2002-07-20,18,jueves,diciembre,2003,7585.5
2002-07-21,19,viernes,diciembre,2003,7617.6
2002-07-22,22,lunes,diciembre,2003,7619.1
2002-07-23,23,martes,diciembre,2003,7696.5
2002-07-27,29,lunes,diciembre,2003,7760.4
2002-07-28,30,martes,diciembre,2003,7737.2
2002-07-31,2,viernes,enero,2004,7879.2
2002-08-01,5,lunes,enero,2004,7911.4
2002-08-03,7,miércoles,enero,2004,7913.7
2002-08-04,8,jueves,enero,2004,7943.4
2002-08-05,9,viernes,enero,2004,7924.6
2002-08-06,12,lunes,enero,2004,7934.6
2002-08-07,13,martes,enero,2004,7946.1
2002-08-08,14,miércoles,enero,2004,7978.1
2002-08-09,15,jueves,enero,2004,7957.3
2002-08-10,16,viernes,enero,2004,7979.3
2002-08-11,19,lunes,enero,2004,8016.3
2002-08-12,20,martes,enero,2004,7987.9
2002-08-13,21,miércoles,enero,2004,8051.9
2002-08-14,22,jueves,enero,2004,8101.3
2002-08-15,23,viernes,enero,2004,8114.5
2002-08-16,26,lunes,enero,2004,8031.4
2002-08-17,27,martes,enero,2004,8061.1
2002-08-18,28,miércoles,enero,2004,8116.4
2002-08-19,29,jueves,enero,2004,8013.1
2002-08-20,30,viernes,enero,2004,7929.9
2002-08-21,2,lunes,febrero,2004,7958.6
2002-08-22,3,martes,febrero,2004,7960.3
2002-08-23,4,miércoles,febrero,2004,7888.8
2002-08-24,5,jueves,febrero,2004,7949.1
2002-08-25,6,viernes,febrero,2004,8024.9
2002-08-26,9,lunes,febrero,2004,8135.2
2002-08-27,10,martes,febrero,2004,8171.9
2002-08-28,11,miércoles,febrero,2004,8197.2
2002-08-29,12,jueves,febrero,2004,8242.3
2002-08-30,13,viernes,febrero,2004,8199.6
2002-08-31,16,lunes,febrero,2004,8226.5
2002-09-01,17,martes,febrero,2004,8258.9
2002-09-02,18,miércoles,febrero,2004,8283.0
2002-09-03,19,jueves,febrero,2004,8340.6
2002-09-04,20,viernes,febrero,2004,8237.8
2002-09-05,23,lunes,febrero,2004,8245.2
2002-09-06,24,martes,febrero,2004,8159.6
2002-09-07,25,miércoles,febrero,2004,8173.6
2002-09-08,26,jueves,febrero,2004,8160.2
2002-09-09,27,viernes,febrero,2004,8249.4
2002-09-10,1,lunes,marzo,2004,8300.4
2002-09-11,2,martes,marzo,2004,8354.0
2002-09-12,3,miércoles,marzo,2004,8280.4
2002-09-13,4,jueves,marzo,2004,8337.9
2002-09-14,5,viernes,marzo,2004,8346.1
2002-09-15,8,lunes,marzo,2004,8369.7
2002-09-16,9,martes,marzo,2004,8286.7
2002-09-17,10,miércoles,marzo,2004,8292.9
2002-09-18,11,jueves,marzo,2004,8112.4
2002-09-19,12,viernes,marzo,2004,8032.6
2002-09-20,15,lunes,marzo,2004,7699.1
2002-09-21,16,martes,marzo,2004,7810.7
2002-09-22,17,miércoles,marzo,2004,7948.1
2002-09-23,18,jueves,marzo,2004,7820.4
2002-09-24,19,viernes,marzo,2004,7879.1
2002-09-25,22,lunes,marzo,2004,7727.8
2002-09-26,23,martes,marzo,2004,7768.3
2002-09-27,24,miércoles,marzo,2004,7752.9
2002-09-28,25,jueves,marzo,2004,7914.8
2002-09-29,26,viernes,marzo,2004,7952.8
2002-09-30,29,lunes,marzo,2004,8021.1
2002-10-01,30,martes,marzo,2004,8004.2
2002-10-02,31,miércoles,marzo,2004,8018.1
2002-10-03,1,jueves,abril,2004,8097.9
2002-10-04,2,viernes,abril,2004,8269.7
2002-10-05,5,lunes,abril,2004,8285.9
2002-10-06,6,martes,abril,2004,8281.8
2002-10-07,7,miércoles,abril,2004,8294.8
2002-10-08,8,jueves,abril,2004,8390.1
2002-10-11,13,martes,abril,2004,8444.3
2002-10-12,14,miércoles,abril,2004,8352.0
2002-10-13,15,jueves,abril,2004,8310.4
2002-10-14,16,viernes,abril,2004,8387.9
2002-10-15,19,lunes,abril,2004,8340.4
2002-10-16,20,martes,abril,2004,8375.2
2002-10-17,21,miércoles,abril,2004,8282.1
2002-10-18,22,jueves,abril,2004,8293.6
2002-10-19,23,viernes,abril,2004,8331.7
2002-10-20,26,lunes,abril,2004,8362.9
2002-10-21,27,martes,abril,2004,8359.0
2002-10-22,28,miércoles,abril,2004,8232.7
2002-10-23,29,jueves,abril,2004,8159.4
2002-10-24,30,viernes,abril,2004,8109.5
2002-10-25,3,lunes,mayo,2004,8170.6
2002-10-26,4,martes,mayo,2004,8151.6
2002-10-27,5,miércoles,mayo,2004,8235.8
2002-10-28,6,jueves,mayo,2004,8119.3
2002-10-29,7,viernes,mayo,2004,8027.0
2002-10-30,10,lunes,mayo,2004,7815.1
2002-10-31,11,martes,mayo,2004,7909.0
2002-11-01,12,miércoles,mayo,2004,7829.0
2002-11-02,13,jueves,mayo,2004,7866.4
2002-11-03,14,viernes,mayo,2004,7779.7
2002-11-04,17,lunes,mayo,2004,7671.9
2002-11-05,18,martes,mayo,2004,7724.9
2002-11-06,19,miércoles,mayo,2004,7900.0
2002-11-07,20,jueves,mayo,2004,7817.2
2002-11-08,21,viernes,mayo,2004,7806.5
2002-11-09,24,lunes,mayo,2004,7883.9
2002-11-10,25,martes,mayo,2004,7841.5
2002-11-11,26,miércoles,mayo,2004,7926.1
2002-11-12,27,jueves,mayo,2004,7965.4
2002-11-13,28,viernes,mayo,2004,7951.6
2002-11-14,31,lunes,mayo,2004,7959.3
2002-11-15,1,martes,junio,2004,7848.4
2002-11-16,2,miércoles,junio,2004,7908.7
2002-11-17,3,jueves,junio,2004,7901.9
2002-11-18,4,viernes,junio,2004,8010.7
2002-11-19,7,lunes,junio,2004,8109.0
2002-11-20,8,martes,junio,2004,8103.7
2002-11-21,9,miércoles,junio,2004,8075.2
2002-11-22,10,jueves,junio,2004,8097.7
2002-11-23,11,viernes,junio,2004,8062.3
2002-11-24,14,lunes,junio,2004,7965.2
2002-11-25,15,martes,junio,2004,8028.6
2002-11-26,16,miércoles,junio,2004,8069.3
2002-11-27,17,jueves,junio,2004,8102.9
2002-11-28,18,viernes,junio,2004,8109.2
2002-11-29,21,lunes,junio,2004,8129.3
2002-11-30,22,martes,junio,2004,8056.5
2002-12-01,23,miércoles,junio,2004,8107.2
2002-12-02,24,jueves,junio,2004,8162.6
2002-12-03,25,viernes,junio,2004,8120.5
2002-12-04,28,lunes,junio,2004,8184.4
2002-12-05,29,martes,junio,2004,8131.2
2002-12-06,30,miércoles,junio,2004,8078.3
2002-12-07,1,jueves,julio,2004,8085.3
2002-12-08,2,viernes,julio,2004,8034.6
2002-12-09,5,lunes,julio,2004,8060.3
2002-12-10,6,martes,julio,2004,8022.8
2002-12-11,7,miércoles,julio,2004,8063.8
2002-12-12,8,jueves,julio,2004,8085.0
2002-12-13,9,viernes,julio,2004,8047.5
2002-12-14,12,lunes,julio,2004,8053.6
2002-12-15,13,martes,julio,2004,8076.5
2002-12-16,14,miércoles,julio,2004,8029.6
2002-12-17,15,jueves,julio,2004,7983.1
2002-12-18,16,viernes,julio,2004,8010.9
2002-12-19,19,lunes,julio,2004,7981.4
2002-12-20,20,martes,julio,2004,7990.0
2002-12-21,21,miércoles,julio,2004,8031.4
2002-12-22,22,jueves,julio,2004,7925.2
2002-12-23,23,viernes,julio,2004,7848.8
2002-12-24,26,lunes,julio,2004,7740.9
2002-12-25,27,martes,julio,2004,7842.3
2002-12-26,28,miércoles,julio,2004,7809.1
2002-12-27,29,jueves,julio,2004,7872.8
2002-12-28,30,viernes,julio,2004,7919.3
2002-12-29,2,lunes,agosto,2004,7869.0
2002-12-30,3,martes,agosto,2004,7894.2
2002-12-31,4,miércoles,agosto,2004,7812.3
2003-01-01,5,jueves,agosto,2004,7836.5
2003-01-02,6,viernes,agosto,2004,7681.0
2003-01-03,9,lunes,agosto,2004,7633.6
2003-01-04,10,martes,agosto,2004,7654.7
2003-01-05,11,miércoles,agosto,2004,7607.7
2003-01-06,12,jueves,agosto,2004,7624.2
2003-01-07,13,viernes,agosto,2004,7578.3
2003-01-09,17,martes,agosto,2004,7670.7
2003-01-10,18,miércoles,agosto,2004,7709.1
2003-01-11,19,jueves,agosto,2004,7734.5
2003-01-12,20,viernes,agosto,2004,7707.1
2003-01-13,23,lunes,agosto,2004,7788.9
2003-01-14,24,martes,agosto,2004,7792.7
2003-01-15,25,miércoles,agosto,2004,7784.1
2003-01-16,26,jueves,agosto,2004,7838.2
2003-01-17,27,viernes,agosto,2004,7882.3
2003-01-18,30,lunes,agosto,2004,7881.7
2003-01-19,31,martes,agosto,2004,7869.5
2003-01-20,1,miércoles,septiembre,2004,7938.9
2003-01-21,2,jueves,septiembre,2004,7983.9
2003-01-22,3,viernes,septiembre,2004,8061.1
2003-01-23,6,lunes,septiembre,2004,8107.6
2003-01-24,7,martes,septiembre,2004,8112.1
2003-01-25,8,miércoles,septiembre,2004,8096.4
2003-01-26,9,jueves,septiembre,2004,8039.1
2003-01-27,10,viernes,septiembre,2004,8055.9
2003-01-28,13,lunes,septiembre,2004,8120.1
2003-01-29,14,martes,septiembre,2004,8091.8
2003-01-30,15,miércoles,septiembre,2004,8060.7
2003-01-31,16,jueves,septiembre,2004,8078.8
2003-02-01,17,viernes,septiembre,2004,8085.3
2003-02-02,20,lunes,septiembre,2004,8053.5
2003-02-03,21,martes,septiembre,2004,8071.1
2003-02-04,22,miércoles,septiembre,2004,8021.7
2003-02-05,23,jueves,septiembre,2004,7990.9
2003-02-06,24,viernes,septiembre,2004,7986.1
2003-02-07,27,lunes,septiembre,2004,7939.7
2003-02-08,28,martes,septiembre,2004,7988.3
2003-02-09,29,miércoles,septiembre,2004,8048.0
2003-02-10,30,jueves,septiembre,2004,8029.2
2003-02-11,1,viernes,octubre,2004,8220.6
2003-02-12,4,lunes,octubre,2004,8304.9
2003-02-13,5,martes,octubre,2004,8305.3
2003-02-14,6,miércoles,octubre,2004,8323.6
2003-02-15,7,jueves,octubre,2004,8332.7
2003-02-16,8,viernes,octubre,2004,8323.2
2003-02-17,11,lunes,octubre,2004,8301.7
2003-02-19,13,miércoles,octubre,2004,8296.4
2003-02-20,14,jueves,octubre,2004,8255.5
2003-02-21,15,viernes,octubre,2004,8261.1
2003-02-22,18,lunes,octubre,2004,8267.0
2003-02-23,19,martes,octubre,2004,8347.7
2003-02-24,20,miércoles,octubre,2004,8288.6
2003-02-25,21,jueves,octubre,2004,8345.6
2003-02-26,22,viernes,octubre,2004,8372.4
2003-02-27,25,lunes,octubre,2004,8230.2
2003-02-28,26,martes,octubre,2004,8232.5
2003-03-01,27,miércoles,octubre,2004,8338.4
2003-03-02,28,jueves,octubre,2004,8435.4
2003-03-03,29,viernes,octubre,2004,8418.3
2003-03-05,2,martes,noviembre,2004,8506.1
2003-03-06,3,miércoles,noviembre,2004,8525.7
2003-03-07,4,jueves,noviembre,2004,8533.8
2003-03-08,5,viernes,noviembre,2004,8570.6
2003-03-09,8,lunes,noviembre,2004,8578.1
2003-03-10,9,martes,noviembre,2004,8549.6
2003-03-11,10,miércoles,noviembre,2004,8527.9
2003-03-12,11,jueves,noviembre,2004,8558.5
2003-03-13,12,viernes,noviembre,2004,8550.0
2003-03-14,15,lunes,noviembre,2004,8520.1
2003-03-15,16,martes,noviembre,2004,8458.2
2003-03-16,17,miércoles,noviembre,2004,8624.0
2003-03-17,18,jueves,noviembre,2004,8636.3
2003-03-18,19,viernes,noviembre,2004,8625.9
2003-03-19,22,lunes,noviembre,2004,8603.4
2003-03-20,23,martes,noviembre,2004,8607.2
2003-03-21,24,miércoles,noviembre,2004,8668.0
2003-03-22,25,jueves,noviembre,2004,8755.4
2003-03-23,26,viernes,noviembre,2004,8739.2
2003-03-24,29,lunes,noviembre,2004,8715.5
2003-03-25,30,martes,noviembre,2004,8693.0
2003-03-26,1,miércoles,diciembre,2004,8773.9
2003-03-27,2,jueves,diciembre,2004,8811.4
2003-03-28,3,viernes,diciembre,2004,8787.9
2003-03-30,7,martes,diciembre,2004,8818.4
2003-04-01,9,jueves,diciembre,2004,8775.6
2003-04-02,10,viernes,diciembre,2004,8827.2
2003-04-03,13,lunes,diciembre,2004,8887.9
2003-04-04,14,martes,diciembre,2004,8893.8
2003-04-05,15,miércoles,diciembre,2004,8871.2
2003-04-06,16,jueves,diciembre,2004,8898.8
2003-04-07,17,viernes,diciembre,2004,8866.0
2003-04-08,20,lunes,diciembre,2004,8894.5
2003-04-09,21,martes,diciembre,2004,8941.8
2003-04-10,22,miércoles,diciembre,2004,9025.0
2003-04-11,23,jueves,diciembre,2004,9054.2
2003-04-13,27,lunes,diciembre,2004,9050.7
2003-04-14,28,martes,diciembre,2004,9077.1
2003-04-15,29,miércoles,diciembre,2004,9100.7
2003-04-16,30,jueves,diciembre,2004,9080.8
2003-04-18,3,lunes,enero,2005,9124.1
2003-04-19,4,martes,enero,2005,9120.0
2003-04-20,5,miércoles,enero,2005,9024.4
2003-04-22,7,viernes,enero,2005,9041.1
2003-04-23,10,lunes,enero,2005,9028.5
2003-04-24,11,martes,enero,2005,8966.4
2003-04-25,12,miércoles,enero,2005,8945.7
2003-04-26,13,jueves,enero,2005,9016.8
2003-04-27,14,viernes,enero,2005,9025.1
2003-04-28,17,lunes,enero,2005,9094.4
2003-04-29,18,martes,enero,2005,9096.9
2003-04-30,19,miércoles,enero,2005,9087.6
2003-05-01,20,jueves,enero,2005,9017.7
2003-05-02,21,viernes,enero,2005,8999.4
2003-05-03,24,lunes,enero,2005,8967.1
2003-05-04,25,martes,enero,2005,9033.2
2003-05-05,26,miércoles,enero,2005,9058.1
2003-05-06,27,jueves,enero,2005,9125.3
2003-05-07,28,viernes,enero,2005,9139.4
2003-05-08,31,lunes,enero,2005,9223.9
2003-05-09,1,martes,febrero,2005,9257.0
2003-05-10,2,miércoles,febrero,2005,9307.0
2003-05-11,3,jueves,febrero,2005,9310.4
2003-05-12,4,viernes,febrero,2005,9422.5
2003-05-13,7,lunes,febrero,2005,9461.7
2003-05-14,8,martes,febrero,2005,9479.2
2003-05-15,9,miércoles,febrero,2005,9450.8
2003-05-16,10,jueves,febrero,2005,9451.2
2003-05-17,11,viernes,febrero,2005,9588.3
2003-05-18,14,lunes,febrero,2005,9585.0
2003-05-19,15,martes,febrero,2005,9634.3
2003-05-20,16,miércoles,febrero,2005,9575.6
2003-05-21,17,jueves,febrero,2005,9585.7
2003-05-22,18,viernes,febrero,2005,9570.1
2003-05-23,21,lunes,febrero,2005,9464.6
2003-05-24,22,martes,febrero,2005,9350.3
2003-05-25,23,miércoles,febrero,2005,9354.1
2003-05-26,24,jueves,febrero,2005,9352.6
2003-05-27,25,viernes,febrero,2005,9439.7
2003-05-28,28,lunes,febrero,2005,9391.0
2003-05-29,1,martes,marzo,2005,9472.3
2003-05-30,2,miércoles,marzo,2005,9443.6
2003-05-31,3,jueves,marzo,2005,9418.8
2003-06-01,4,viernes,marzo,2005,9538.0
2003-06-02,7,lunes,marzo,2005,9545.9
2003-06-03,8,martes,marzo,2005,9480.2
2003-06-04,9,miércoles,marzo,2005,9410.3
2003-06-05,10,jueves,marzo,2005,9319.4
2003-06-06,11,viernes,marzo,2005,9330.2
2003-06-07,14,lunes,marzo,2005,9296.5
2003-06-08,15,martes,marzo,2005,9354.7
2003-06-09,16,miércoles,marzo,2005,9201.2
2003-06-10,17,jueves,marzo,2005,9235.8
2003-06-11,18,viernes,marzo,2005,9263.9
2003-06-12,21,lunes,marzo,2005,9225.4
2003-06-13,22,martes,marzo,2005,9299.2
2003-06-14,23,miércoles,marzo,2005,9252.1
2003-06-15,24,jueves,marzo,2005,9309.3
2003-06-18,29,martes,marzo,2005,9324.1
2003-06-19,30,miércoles,marzo,2005,9280.1
2003-06-20,31,jueves,marzo,2005,9258.8
2003-06-21,1,viernes,abril,2005,9289.5
2003-06-22,4,lunes,abril,2005,9206.0
2003-06-23,5,martes,abril,2005,9298.1
2003-06-24,6,miércoles,abril,2005,9382.1
2003-06-25,7,jueves,abril,2005,9392.4
2003-06-26,8,viernes,abril,2005,9385.8
2003-06-27,11,lunes,abril,2005,9334.8
2003-06-28,12,martes,abril,2005,9303.1
2003-06-29,13,miércoles,abril,2005,9373.9
2003-06-30,14,jueves,abril,2005,9364.5
2003-07-01,15,viernes,abril,2005,9155.2
2003-07-02,18,lunes,abril,2005,9025.8
2003-07-03,19,martes,abril,2005,9046.2
2003-07-04,20,miércoles,abril,2005,9016.6
2003-07-05,21,jueves,abril,2005,9018.7
2003-07-06,22,viernes,abril,2005,9096.4
2003-07-07,25,lunes,abril,2005,9106.2
2003-07-08,26,martes,abril,2005,9083.7
2003-07-09,27,miércoles,abril,2005,8985.0
2003-07-10,28,jueves,abril,2005,8985.4
2003-07-11,29,viernes,abril,2005,9001.6
2003-07-12,2,lunes,mayo,2005,9119.9
2003-07-13,3,martes,mayo,2005,9168.3
2003-07-14,4,miércoles,mayo,2005,9195.7
2003-07-15,5,jueves,mayo,2005,9235.5
2003-07-16,6,viernes,mayo,2005,9263.1
2003-07-17,9,lunes,mayo,2005,9223.5
2003-07-18,10,martes,mayo,2005,9146.1
2003-07-19,11,miércoles,mayo,2005,9149.9
2003-07-20,12,jueves,mayo,2005,9213.1
2003-07-21,13,viernes,mayo,2005,9222.5
2003-07-22,16,lunes,mayo,2005,9217.7
2003-07-23,17,martes,mayo,2005,9213.3
2003-07-24,18,miércoles,mayo,2005,9364.2
2003-07-25,19,jueves,mayo,2005,9400.1
2003-07-26,20,viernes,mayo,2005,9368.5
2003-07-27,23,lunes,mayo,2005,9397.0
2003-07-28,24,martes,mayo,2005,9372.4
2003-07-29,25,miércoles,mayo,2005,9351.3
2003-07-30,26,jueves,mayo,2005,9417.9
2003-07-31,27,viernes,mayo,2005,9381.5
2003-08-01,30,lunes,mayo,2005,9466.8
2003-08-02,31,martes,mayo,2005,9427.1
2003-08-03,1,miércoles,junio,2005,9550.8
2003-08-04,2,jueves,junio,2005,9539.7
2003-08-05,3,viernes,junio,2005,9497.7
2003-08-06,6,lunes,junio,2005,9449.4
2003-08-07,7,martes,junio,2005,9535.5
2003-08-08,8,miércoles,junio,2005,9487.7
2003-08-09,9,jueves,junio,2005,9494.0
2003-08-10,10,viernes,junio,2005,9561.5
2003-08-11,13,lunes,junio,2005,9579.2
2003-08-12,14,martes,junio,2005,9614.4
2003-08-13,15,miércoles,junio,2005,9563.6
2003-08-14,16,jueves,junio,2005,9624.7
2003-08-15,17,viernes,junio,2005,9682.3
2003-08-16,20,lunes,junio,2005,9659.5
2003-08-17,21,martes,junio,2005,9712.5
2003-08-18,22,miércoles,junio,2005,9726.2
2003-08-19,23,jueves,junio,2005,9769.6
2003-08-20,24,viernes,junio,2005,9677.4
2003-08-21,27,lunes,junio,2005,9622.9
2003-08-22,28,martes,junio,2005,9682.5
2003-08-23,29,miércoles,junio,2005,9769.2
2003-08-24,30,jueves,junio,2005,9783.2
2003-08-25,1,viernes,julio,2005,9829.1
2003-08-26,4,lunes,julio,2005,9815.0
2003-08-27,5,martes,julio,2005,9807.4
2003-08-28,6,miércoles,julio,2005,9832.5
2003-08-29,7,jueves,julio,2005,9644.4
2003-08-30,8,viernes,julio,2005,9793.2
2003-08-31,11,lunes,julio,2005,9876.3
2003-09-01,12,martes,julio,2005,9873.4
2003-09-02,13,miércoles,julio,2005,9937.8
2003-09-03,14,jueves,julio,2005,9965.2
2003-09-04,15,viernes,julio,2005,9943.8
2003-09-05,18,lunes,julio,2005,9961.0
2003-09-06,19,martes,julio,2005,10045.0
2003-09-07,20,miércoles,julio,2005,10007.0
2003-09-08,21,jueves,julio,2005,10021.5
2003-09-09,22,viernes,julio,2005,10018.8
2003-09-10,25,lunes,julio,2005,10017.1
2003-09-11,26,martes,julio,2005,10043.3
2003-09-12,27,miércoles,julio,2005,10088.7
2003-09-13,28,jueves,julio,2005,10128.8
2003-09-14,29,viernes,julio,2005,10115.6
2003-09-15,1,lunes,agosto,2005,10068.9
2003-09-16,2,martes,agosto,2005,10113.9
2003-09-17,3,miércoles,agosto,2005,10149.7
2003-09-18,4,jueves,agosto,2005,10074.3
2003-09-19,5,viernes,agosto,2005,10045.4
2003-09-20,8,lunes,agosto,2005,10115.5
2003-09-21,9,martes,agosto,2005,10145.6
2003-09-22,10,miércoles,agosto,2005,10229.2
2003-09-23,11,jueves,agosto,2005,10222.1
2003-09-24,12,viernes,agosto,2005,10187.2
2003-09-25,15,lunes,agosto,2005,10184.9
2003-09-26,16,martes,agosto,2005,10139.8
2003-09-27,17,miércoles,agosto,2005,10094.1
2003-09-28,18,jueves,agosto,2005,10037.9
2003-09-29,19,viernes,agosto,2005,10132.9
2003-09-30,22,lunes,agosto,2005,10174.8
2003-10-01,23,martes,agosto,2005,10104.1
2003-10-02,24,miércoles,agosto,2005,10078.9
2003-10-03,25,jueves,agosto,2005,9983.2
2003-10-04,26,viernes,agosto,2005,9904.8
2003-10-05,29,lunes,agosto,2005,9938.5
2003-10-06,30,martes,agosto,2005,9922.3
2003-10-07,31,miércoles,agosto,2005,10008.9
2003-10-08,1,jueves,septiembre,2005,10134.1
2003-10-09,2,viernes,septiembre,2005,10145.0
2003-10-10,5,lunes,septiembre,2005,10250.9
2003-10-11,6,martes,septiembre,2005,10373.2
2003-10-12,7,miércoles,septiembre,2005,10408.0
2003-10-13,8,jueves,septiembre,2005,10441.2
2003-10-14,9,viernes,septiembre,2005,10486.6
2003-10-15,12,lunes,septiembre,2005,10494.7
2003-10-16,13,martes,septiembre,2005,10429.8
2003-10-17,14,miércoles,septiembre,2005,10459.1
2003-10-18,15,jueves,septiembre,2005,10475.7
2003-10-19,16,viernes,septiembre,2005,10532.1
2003-10-20,19,lunes,septiembre,2005,10536.0
2003-10-21,20,martes,septiembre,2005,10583.4
2003-10-22,21,miércoles,septiembre,2005,10500.3
2003-10-23,22,jueves,septiembre,2005,10536.6
2003-10-24,23,viernes,septiembre,2005,10631.2
2003-10-25,26,lunes,septiembre,2005,10724.9
2003-10-26,27,martes,septiembre,2005,10678.5
2003-10-27,28,miércoles,septiembre,2005,10801.7
2003-10-28,29,jueves,septiembre,2005,10780.6
2003-10-29,30,viernes,septiembre,2005,10813.9
2003-10-30,3,lunes,octubre,2005,10880.7
2003-10-31,4,martes,octubre,2005,10919.2
2003-11-01,5,miércoles,octubre,2005,10823.1
2003-11-02,6,jueves,octubre,2005,10750.9
2003-11-03,7,viernes,octubre,2005,10732.4
2003-11-04,10,lunes,octubre,2005,10800.6
2003-11-05,11,martes,octubre,2005,10810.2
2003-11-06,12,miércoles,octubre,2005,10721.8
2003-11-07,13,jueves,octubre,2005,10567.1
2003-11-08,14,viernes,octubre,2005,10629.3
2003-11-09,17,lunes,octubre,2005,10629.5
2003-11-10,18,martes,octubre,2005,10529.9
2003-11-11,19,miércoles,octubre,2005,10402.5
2003-11-12,20,jueves,octubre,2005,10382.3
2003-11-13,21,viernes,octubre,2005,10368.8
2003-11-14,24,lunes,octubre,2005,10534.5
2003-11-15,25,martes,octubre,2005,10476.6
2003-11-16,26,miércoles,octubre,2005,10473.4
2003-11-17,27,jueves,octubre,2005,10328.6
2003-11-18,28,viernes,octubre,2005,10339.5
2003-11-19,31,lunes,octubre,2005,10493.8
2003-11-20,1,martes,noviembre,2005,10427.2
2003-11-21,2,miércoles,noviembre,2005,10424.5
2003-11-22,3,jueves,noviembre,2005,10476.9
2003-11-23,4,viernes,noviembre,2005,10412.3
2003-11-24,7,lunes,noviembre,2005,10420.9
2003-11-25,8,martes,noviembre,2005,10440.2
2003-11-26,9,miércoles,noviembre,2005,10456.3
2003-11-27,10,jueves,noviembre,2005,10438.4
2003-11-28,11,viernes,noviembre,2005,10510.3
2003-11-29,14,lunes,noviembre,2005,10504.6
2003-11-30,15,martes,noviembre,2005,10456.3
2003-12-01,16,miércoles,noviembre,2005,10391.7
2003-12-02,17,jueves,noviembre,2005,10445.2
2003-12-03,18,viernes,noviembre,2005,10527.1
2003-12-04,21,lunes,noviembre,2005,10535.1
2003-12-05,22,martes,noviembre,2005,10522.9
2003-12-06,23,miércoles,noviembre,2005,10626.7
2003-12-07,24,jueves,noviembre,2005,10634.2
2003-12-08,25,viernes,noviembre,2005,10656.3
2003-12-09,28,lunes,noviembre,2005,10618.8
2003-12-10,29,martes,noviembre,2005,10620.1
2003-12-11,30,miércoles,noviembre,2005,10557.8
2003-12-12,1,jueves,diciembre,2005,10678.7
2003-12-13,2,viernes,diciembre,2005,10649.8
2003-12-14,5,lunes,diciembre,2005,10532.1
2003-12-15,6,martes,diciembre,2005,10539.3
2003-12-16,7,miércoles,diciembre,2005,10506.6
2003-12-17,8,jueves,diciembre,2005,10495.8
2003-12-18,9,viernes,diciembre,2005,10489.3
2003-12-19,12,lunes,diciembre,2005,10540.0
2003-12-20,13,martes,diciembre,2005,10533.6
2003-12-21,14,miércoles,diciembre,2005,10502.4
2003-12-22,15,jueves,diciembre,2005,10483.5
2003-12-23,16,viernes,diciembre,2005,10555.3
2003-12-24,19,lunes,diciembre,2005,10528.3
2003-12-25,20,martes,diciembre,2005,10572.3
2003-12-26,21,miércoles,diciembre,2005,10682.7
2003-12-27,22,jueves,diciembre,2005,10701.3
2003-12-28,23,viernes,diciembre,2005,10723.9
2003-12-30,27,martes,diciembre,2005,10772.7
2003-12-31,28,miércoles,diciembre,2005,10769.5
2004-01-01,29,jueves,diciembre,2005,10778.1
2004-01-02,30,viernes,diciembre,2005,10733.9
2004-01-03,2,lunes,enero,2006,10786.7
2004-01-04,3,martes,enero,2006,10818.1
2004-01-05,4,miércoles,enero,2006,10895.8
2004-01-06,5,jueves,enero,2006,10913.6
2004-01-08,9,lunes,enero,2006,10962.5
2004-01-09,10,martes,enero,2006,10869.9
2004-01-10,11,miércoles,enero,2006,10966.2
2004-01-11,12,jueves,enero,2006,10955.8
2004-01-12,13,viernes,enero,2006,10850.7
2004-01-13,16,lunes,enero,2006,10898.4
2004-01-14,17,martes,enero,2006,10806.3
2004-01-15,18,miércoles,enero,2006,10708.1
2004-01-16,19,jueves,enero,2006,10821.5
2004-01-17,20,viernes,enero,2006,10740.9
2004-01-18,23,lunes,enero,2006,10712.2
2004-01-19,24,martes,enero,2006,10665.6
2004-01-20,25,miércoles,enero,2006,10824.1
2004-01-21,26,jueves,enero,2006,10890.2
2004-01-22,27,viernes,enero,2006,11023.2
2004-01-23,30,lunes,enero,2006,11038.0
2004-01-24,31,martes,enero,2006,11104.3
2004-01-25,1,miércoles,febrero,2006,11221.1
2004-01-26,2,jueves,febrero,2006,11136.0
2004-01-27,3,viernes,febrero,2006,11175.8
2004-01-28,6,lunes,febrero,2006,11187.5
2004-01-29,7,martes,febrero,2006,11175.1
2004-01-30,8,miércoles,febrero,2006,11202.6
2004-01-31,9,jueves,febrero,2006,11344.9
2004-02-01,10,viernes,febrero,2006,11312.6
2004-02-02,13,lunes,febrero,2006,11395.5
2004-02-03,14,martes,febrero,2006,11395.9
2004-02-04,15,miércoles,febrero,2006,11377.4
2004-02-05,16,jueves,febrero,2006,11447.2
2004-02-06,17,viernes,febrero,2006,11491.3
2004-02-07,20,lunes,febrero,2006,11535.6
2004-02-08,21,martes,febrero,2006,11626.9
2004-02-09,22,miércoles,febrero,2006,11755.3
2004-02-10,23,jueves,febrero,2006,11739.0
2004-02-11,24,viernes,febrero,2006,11786.9
2004-02-12,27,lunes,febrero,2006,11832.8
2004-02-13,28,martes,febrero,2006,11740.7
2004-02-14,1,miércoles,marzo,2006,11902.2
2004-02-15,2,jueves,marzo,2006,11809.6
2004-02-16,3,viernes,marzo,2006,11755.7
2004-02-17,6,lunes,marzo,2006,11759.1
2004-02-18,7,martes,marzo,2006,11701.3
2004-02-19,8,miércoles,marzo,2006,11629.2
2004-02-20,9,jueves,marzo,2006,11699.6
2004-02-21,10,viernes,marzo,2006,11771.8
2004-02-22,13,lunes,marzo,2006,11845.4
2004-02-23,14,martes,marzo,2006,11835.0
2004-02-24,15,miércoles,marzo,2006,11845.7
2004-02-25,16,jueves,marzo,2006,11862.5
2004-02-26,17,viernes,marzo,2006,11872.9
2004-02-27,20,lunes,marzo,2006,11922.0
2004-02-28,21,martes,marzo,2006,11933.4
2004-02-29,22,miércoles,marzo,2006,11951.6
2004-03-01,23,jueves,marzo,2006,11906.2
2004-03-02,24,viernes,marzo,2006,11954.4
2004-03-03,27,lunes,marzo,2006,11839.6
2004-03-04,28,martes,marzo,2006,11774.2
2004-03-05,29,miércoles,marzo,2006,11817.3
2004-03-06,30,jueves,marzo,2006,11869.8
2004-03-07,31,viernes,marzo,2006,11854.3
2004-03-08,3,lunes,abril,2006,11920.0
2004-03-09,4,martes,abril,2006,11893.8
2004-03-10,5,miércoles,abril,2006,11916.4
2004-03-11,6,jueves,abril,2006,11908.2
2004-03-12,7,viernes,abril,2006,11816.7
2004-03-13,10,lunes,abril,2006,11817.5
2004-03-14,11,martes,abril,2006,11674.6
2004-03-15,12,miércoles,abril,2006,11601.7
2004-03-16,13,jueves,abril,2006,11609.4
2004-03-19,18,martes,abril,2006,11585.0
2004-03-20,19,miércoles,abril,2006,11720.1
2004-03-21,20,jueves,abril,2006,11782.6
2004-03-22,21,viernes,abril,2006,11913.8
2004-03-23,24,lunes,abril,2006,11901.3
2004-03-24,25,martes,abril,2006,11920.5
2004-03-25,26,miércoles,abril,2006,11925.6
2004-03-26,27,jueves,abril,2006,11891.3
2004-03-27,28,viernes,abril,2006,11892.5
2004-03-29,2,martes,mayo,2006,11929.3
2004-03-30,3,miércoles,mayo,2006,11876.5
2004-03-31,4,jueves,mayo,2006,11928.5
2004-04-01,5,viernes,mayo,2006,12034.4
2004-04-02,8,lunes,mayo,2006,12067.7
2004-04-03,9,martes,mayo,2006,12083.3
2004-04-04,10,miércoles,mayo,2006,12064.8
2004-04-05,11,jueves,mayo,2006,12008.4
2004-04-06,12,viernes,mayo,2006,11710.2
2004-04-07,15,lunes,mayo,2006,11587.7
2004-04-08,16,martes,mayo,2006,11595.9
2004-04-09,17,miércoles,mayo,2006,11248.2
2004-04-10,18,jueves,mayo,2006,11210.3
2004-04-11,19,viernes,mayo,2006,11270.8
2004-04-12,22,lunes,mayo,2006,10950.2
2004-04-13,23,martes,mayo,2006,11160.7
2004-04-14,24,miércoles,mayo,2006,11047.2
2004-04-15,25,jueves,mayo,2006,11208.2
2004-04-16,26,viernes,mayo,2006,11414.8
2004-04-17,29,lunes,mayo,2006,11371.4
2004-04-18,30,martes,mayo,2006,11165.6
2004-04-19,31,miércoles,mayo,2006,11340.5
2004-04-20,1,jueves,junio,2006,11346.4
2004-04-21,2,viernes,junio,2006,11360.7
2004-04-22,5,lunes,junio,2006,11287.8
2004-04-23,6,martes,junio,2006,11112.0
2004-04-24,7,miércoles,junio,2006,11224.7
2004-04-25,8,jueves,junio,2006,10952.6
2004-04-26,9,viernes,junio,2006,11098.2
2004-04-27,12,lunes,junio,2006,11031.4
2004-04-28,13,martes,junio,2006,10797.5
2004-04-29,14,miércoles,junio,2006,10852.0
2004-04-30,15,jueves,junio,2006,11036.3
2004-05-01,16,viernes,junio,2006,10962.8
2004-05-02,19,lunes,junio,2006,11056.8
2004-05-03,20,martes,junio,2006,11103.5
2004-05-04,21,miércoles,junio,2006,11155.4
2004-05-05,22,jueves,junio,2006,11246.3
2004-05-06,23,viernes,junio,2006,11274.2
2004-05-07,26,lunes,junio,2006,11276.6
2004-05-08,27,martes,junio,2006,11214.5
2004-05-09,28,miércoles,junio,2006,11188.8
2004-05-10,29,jueves,junio,2006,11386.6
2004-05-11,30,viernes,junio,2006,11548.1
2004-05-12,3,lunes,julio,2006,11569.6
2004-05-13,4,martes,julio,2006,11603.1
2004-05-14,5,miércoles,julio,2006,11521.2
2004-05-15,6,jueves,julio,2006,11636.8
2004-05-16,7,viernes,julio,2006,11626.7
2004-05-17,10,lunes,julio,2006,11649.5
2004-05-18,11,martes,julio,2006,11535.2
2004-05-19,12,miércoles,julio,2006,11537.3
2004-05-20,13,jueves,julio,2006,11375.0
2004-05-21,14,viernes,julio,2006,11240.2
2004-05-22,17,lunes,julio,2006,11179.4
2004-05-23,18,martes,julio,2006,11161.0
2004-05-24,19,miércoles,julio,2006,11425.7
2004-05-25,20,jueves,julio,2006,11446.4
2004-05-26,21,viernes,julio,2006,11333.9
2004-05-27,24,lunes,julio,2006,11561.6
2004-05-28,25,martes,julio,2006,11611.9
2004-05-29,26,miércoles,julio,2006,11635.2
2004-05-30,27,jueves,julio,2006,11768.4
2004-05-31,28,viernes,julio,2006,11887.4
2004-06-01,31,lunes,julio,2006,11818.0
2004-06-02,1,martes,agosto,2006,11706.6
2004-06-03,2,miércoles,agosto,2006,11863.0
2004-06-04,3,jueves,agosto,2006,11800.7
2004-06-05,4,viernes,agosto,2006,11934.1
2004-06-06,7,lunes,agosto,2006,11790.5
2004-06-07,8,martes,agosto,2006,11834.0
2004-06-08,9,miércoles,agosto,2006,11911.6
2004-06-09,10,jueves,agosto,2006,11810.4
2004-06-10,11,viernes,agosto,2006,11777.3
2004-06-11,14,lunes,agosto,2006,11903.3
2004-06-12,15,martes,agosto,2006,11991.3
2004-06-13,16,miércoles,agosto,2006,12045.9
2004-06-14,17,jueves,agosto,2006,12087.8
2004-06-15,18,viernes,agosto,2006,12067.8
2004-06-16,21,lunes,agosto,2006,12054.9
2004-06-17,22,martes,agosto,2006,12080.8
2004-06-18,23,miércoles,agosto,2006,12012.7
2004-06-19,24,jueves,agosto,2006,12056.0
2004-06-20,25,viernes,agosto,2006,12042.9
2004-06-21,28,lunes,agosto,2006,12116.6
2004-06-22,29,martes,agosto,2006,12146.6
2004-06-23,30,miércoles,agosto,2006,12171.9
2004-06-24,31,jueves,agosto,2006,12144.7
2004-06-25,1,viernes,septiembre,2006,12193.0
2004-06-26,4,lunes,septiembre,2006,12278.6
2004-06-27,5,martes,septiembre,2006,12212.4
2004-06-28,6,miércoles,septiembre,2006,12102.9
2004-06-29,7,jueves,septiembre,2006,12014.5
2004-06-30,8,viernes,septiembre,2006,12081.7
2004-07-01,11,lunes,septiembre,2006,12055.2
2004-07-02,12,martes,septiembre,2006,12164.9
2004-07-03,13,miércoles,septiembre,2006,12206.9
2004-07-04,14,jueves,septiembre,2006,12214.5
2004-07-05,15,viernes,septiembre,2006,12278.4
2004-07-06,18,lunes,septiembre,2006,12287.8
2004-07-07,19,martes,septiembre,2006,12240.9
2004-07-08,20,miércoles,septiembre,2006,12426.1
2004-07-09,21,jueves,septiembre,2006,12476.9
2004-07-10,22,viernes,septiembre,2006,12389.5
2004-07-11,25,lunes,septiembre,2006,12393.3
2004-07-12,26,martes,septiembre,2006,12617.4
2004-07-13,27,miércoles,septiembre,2006,12950.0
2004-07-14,28,jueves,septiembre,2006,12930.2
2004-07-15,29,viernes,septiembre,2006,12934.7
2004-07-16,2,lunes,octubre,2006,12915.9
2004-07-17,3,martes,octubre,2006,12860.5
2004-07-18,4,miércoles,octubre,2006,12982.6
2004-07-19,5,jueves,octubre,2006,13116.4
2004-07-20,6,viernes,octubre,2006,13152.1
2004-07-21,9,lunes,octubre,2006,13143.5
2004-07-22,10,martes,octubre,2006,13234.5
2004-07-23,11,miércoles,octubre,2006,13260.9
2004-07-24,12,jueves,octubre,2006,13406.9
2004-07-25,13,viernes,octubre,2006,13454.5
2004-07-26,16,lunes,octubre,2006,13476.6
2004-07-27,17,martes,octubre,2006,13245.3
2004-07-28,18,miércoles,octubre,2006,13398.2
2004-07-29,19,jueves,octubre,2006,13463.7
2004-07-30,20,viernes,octubre,2006,13558.0
2004-07-31,23,lunes,octubre,2006,13620.7
2004-08-01,24,martes,octubre,2006,13579.8
2004-08-02,25,miércoles,octubre,2006,13636.3
2004-08-03,26,jueves,octubre,2006,13633.1
2004-08-04,27,viernes,octubre,2006,13725.8
2004-08-05,30,lunes,octubre,2006,13713.2
2004-08-06,31,martes,octubre,2006,13753.0
2004-08-07,1,miércoles,noviembre,2006,13772.6
2004-08-08,2,jueves,noviembre,2006,13719.3
2004-08-09,3,viernes,noviembre,2006,13794.7
2004-08-10,6,lunes,noviembre,2006,13968.5
2004-08-11,7,martes,noviembre,2006,14058.3
2004-08-12,8,miércoles,noviembre,2006,14090.4
2004-08-13,9,jueves,noviembre,2006,14111.4
2004-08-14,10,viernes,noviembre,2006,14002.4
2004-08-15,13,lunes,noviembre,2006,14091.9
2004-08-16,14,martes,noviembre,2006,14113.2
2004-08-17,15,miércoles,noviembre,2006,14174.3
2004-08-18,16,jueves,noviembre,2006,14241.3
2004-08-19,17,viernes,noviembre,2006,14170.0
2004-08-20,20,lunes,noviembre,2006,14256.0
2004-08-21,21,martes,noviembre,2006,14228.1
2004-08-22,22,miércoles,noviembre,2006,14294.6
2004-08-23,23,jueves,noviembre,2006,14284.4
2004-08-24,24,viernes,noviembre,2006,14088.1
2004-08-25,27,lunes,noviembre,2006,13786.8
2004-08-26,28,martes,noviembre,2006,13732.1
2004-08-27,29,miércoles,noviembre,2006,13978.0
2004-08-28,30,jueves,noviembre,2006,13849.3
2004-08-29,1,viernes,diciembre,2006,13660.6
2004-08-30,4,lunes,diciembre,2006,13846.4
2004-08-31,5,martes,diciembre,2006,14032.5
2004-09-01,6,miércoles,diciembre,2006,14007.1
2004-09-02,7,jueves,diciembre,2006,14062.8
2004-09-03,8,viernes,diciembre,2006,14076.6
2004-09-04,11,lunes,diciembre,2006,14209.6
2004-09-05,12,martes,diciembre,2006,14200.2
2004-09-06,13,miércoles,diciembre,2006,14327.5
2004-09-07,14,jueves,diciembre,2006,14351.9
2004-09-08,15,viernes,diciembre,2006,14387.6
2004-09-09,18,lunes,diciembre,2006,14317.5
2004-09-10,19,martes,diciembre,2006,14176.8
2004-09-11,20,miércoles,diciembre,2006,14201.7
2004-09-12,21,jueves,diciembre,2006,14150.4
2004-09-13,22,viernes,diciembre,2006,14066.1
2004-09-16,27,miércoles,diciembre,2006,14199.4
2004-09-17,28,jueves,diciembre,2006,14160.8
2004-09-18,29,viernes,diciembre,2006,14146.5
2004-09-20,2,martes,enero,2007,14364.4
2004-09-21,3,miércoles,enero,2007,14375.1
2004-09-22,4,jueves,enero,2007,14382.4
2004-09-23,5,viernes,enero,2007,14304.7
2004-09-24,8,lunes,enero,2007,14322.3
2004-09-25,9,martes,enero,2007,14311.5
2004-09-26,10,miércoles,enero,2007,14116.1
2004-09-27,11,jueves,enero,2007,14328.8
2004-09-28,12,viernes,enero,2007,14368.2
2004-09-29,15,lunes,enero,2007,14416.7
2004-09-30,16,martes,enero,2007,14355.6
2004-10-01,17,miércoles,enero,2007,14295.0
2004-10-02,18,jueves,enero,2007,14265.3
2004-10-03,19,viernes,enero,2007,14397.9
2004-10-04,22,lunes,enero,2007,14359.7
2004-10-05,23,martes,enero,2007,14368.6
2004-10-06,24,miércoles,enero,2007,14540.7
2004-10-07,25,jueves,enero,2007,14537.3
2004-10-08,26,viernes,enero,2007,14415.4
2004-10-09,29,lunes,enero,2007,14507.0
2004-10-10,30,martes,enero,2007,14553.4
2004-10-11,31,miércoles,enero,2007,14553.2
2004-10-12,1,jueves,febrero,2007,14571.5
2004-10-13,2,viernes,febrero,2007,14631.2
2004-10-14,5,lunes,febrero,2007,14616.7
2004-10-15,6,martes,febrero,2007,14703.2
2004-10-16,7,miércoles,febrero,2007,14854.6
2004-10-17,8,jueves,febrero,2007,14826.0
2004-10-18,9,viernes,febrero,2007,14875.5
2004-10-19,12,lunes,febrero,2007,14769.0
2004-10-20,13,martes,febrero,2007,14824.6
2004-10-21,14,miércoles,febrero,2007,14905.7
2004-10-22,15,jueves,febrero,2007,14876.9
2004-10-23,16,viernes,febrero,2007,14851.2
2004-10-24,19,lunes,febrero,2007,14915.8
2004-10-25,20,martes,febrero,2007,14886.1
2004-10-26,21,miércoles,febrero,2007,14788.8
2004-10-27,22,jueves,febrero,2007,14791.3
2004-10-28,23,viernes,febrero,2007,14767.1
2004-10-29,26,lunes,febrero,2007,14856.1
2004-10-30,27,martes,febrero,2007,14408.3
2004-10-31,28,miércoles,febrero,2007,14248.4
2004-11-01,1,jueves,marzo,2007,14064.9
2004-11-02,2,viernes,marzo,2007,13962.2
2004-11-03,5,lunes,marzo,2007,13749.1
2004-11-04,6,martes,marzo,2007,13825.9
2004-11-05,7,miércoles,marzo,2007,13912.7
2004-11-06,8,jueves,marzo,2007,14194.0
2004-11-07,9,viernes,marzo,2007,14257.2
2004-11-08,12,lunes,marzo,2007,14146.5
2004-11-09,13,martes,marzo,2007,13982.9
2004-11-10,14,miércoles,marzo,2007,13602.4
2004-11-11,15,jueves,marzo,2007,13940.4
2004-11-12,16,viernes,marzo,2007,13977.4
2004-11-13,19,lunes,marzo,2007,14250.2
2004-11-14,20,martes,marzo,2007,14323.2
2004-11-15,21,miércoles,marzo,2007,14310.5
2004-11-16,22,jueves,marzo,2007,14490.1
2004-11-17,23,viernes,marzo,2007,14545.7
2004-11-18,26,lunes,marzo,2007,14469.6
2004-11-19,27,martes,marzo,2007,14536.8
2004-11-20,28,miércoles,marzo,2007,14483.0
2004-11-21,29,jueves,marzo,2007,14605.3
2004-11-22,30,viernes,marzo,2007,14641.7
2004-11-23,2,lunes,abril,2007,14730.8
2004-11-24,3,martes,abril,2007,14953.2
2004-11-25,4,miércoles,abril,2007,14943.1
2004-11-26,5,jueves,abril,2007,14974.9
2004-11-29,10,martes,abril,2007,15005.5
2004-11-30,11,miércoles,abril,2007,14997.6
2004-12-01,12,jueves,abril,2007,14883.0
2004-12-02,13,viernes,abril,2007,14965.3
2004-12-03,16,lunes,abril,2007,15020.8
2004-12-04,17,martes,abril,2007,14966.0
2004-12-05,18,miércoles,abril,2007,14870.4
2004-12-06,19,jueves,abril,2007,14821.7
2004-12-07,20,viernes,abril,2007,15080.9
2004-12-08,23,lunes,abril,2007,14987.1
2004-12-09,24,martes,abril,2007,14578.7
2004-12-10,25,miércoles,abril,2007,14620.4
2004-12-11,26,jueves,abril,2007,14611.0
2004-12-12,27,viernes,abril,2007,14403.6
2004-12-13,30,lunes,abril,2007,14374.6
2004-12-15,2,miércoles,mayo,2007,14416.9
2004-12-16,3,jueves,mayo,2007,14395.6
2004-12-17,4,viernes,mayo,2007,14620.3
2004-12-18,7,lunes,mayo,2007,14672.1
2004-12-19,8,martes,mayo,2007,14556.7
2004-12-20,9,miércoles,mayo,2007,14609.4
2004-12-21,10,jueves,mayo,2007,14575.4
2004-12-22,11,viernes,mayo,2007,14736.3
2004-12-23,14,lunes,mayo,2007,14686.0
2004-12-24,15,martes,mayo,2007,14824.2
2004-12-25,16,miércoles,mayo,2007,14918.8
2004-12-26,17,jueves,mayo,2007,14968.2
2004-12-27,18,viernes,mayo,2007,15068.4
2004-12-28,21,lunes,mayo,2007,15055.5
2004-12-29,22,martes,mayo,2007,15070.9
2004-12-30,23,miércoles,mayo,2007,15223.9
2004-12-31,24,jueves,mayo,2007,15094.9
2005-01-01,25,viernes,mayo,2007,15053.2
2005-01-02,28,lunes,mayo,2007,15124.6
2005-01-03,29,martes,mayo,2007,15188.6
2005-01-04,30,miércoles,mayo,2007,15137.3
2005-01-05,31,jueves,mayo,2007,15329.4
2005-01-06,1,viernes,junio,2007,15501.5
2005-01-07,4,lunes,junio,2007,15414.3
2005-01-08,5,martes,junio,2007,15314.9
2005-01-09,6,miércoles,junio,2007,14928.8
2005-01-10,7,jueves,junio,2007,14725.9
2005-01-11,8,viernes,junio,2007,14816.5
2005-01-12,11,lunes,junio,2007,14940.6
2005-01-13,12,martes,junio,2007,14764.3
2005-01-14,13,miércoles,junio,2007,14829.8
2005-01-15,14,jueves,junio,2007,15078.4
2005-01-16,15,viernes,junio,2007,15252.1
2005-01-17,18,lunes,junio,2007,15103.6
2005-01-18,19,martes,junio,2007,15000.2
2005-01-19,20,miércoles,junio,2007,15035.7
2005-01-20,21,jueves,junio,2007,14882.4
2005-01-21,22,viernes,junio,2007,14784.9
2005-01-22,25,lunes,junio,2007,14848.3
2005-01-23,26,martes,junio,2007,14755.2
2005-01-24,27,miércoles,junio,2007,14681.7
2005-01-25,28,jueves,junio,2007,14819.9
2005-01-26,29,viernes,junio,2007,14892.0
2005-01-27,2,lunes,julio,2007,14804.7
2005-01-28,3,martes,julio,2007,14869.4
2005-01-29,4,miércoles,julio,2007,14989.7
2005-01-30,5,jueves,julio,2007,14907.4
2005-01-31,6,viernes,julio,2007,15058.3
2005-02-01,9,lunes,julio,2007,14974.7
2005-02-02,10,martes,julio,2007,14823.9
2005-02-03,11,miércoles,julio,2007,14766.2
2005-02-04,12,jueves,julio,2007,14941.8
2005-02-05,13,viernes,julio,2007,15023.5
2005-02-06,16,lunes,julio,2007,15110.4
2005-02-07,17,martes,julio,2007,15153.8
2005-02-08,18,miércoles,julio,2007,15058.6
2005-02-09,19,jueves,julio,2007,15207.3
2005-02-10,20,viernes,julio,2007,14930.1
2005-02-11,23,lunes,julio,2007,15056.7
2005-02-12,24,martes,julio,2007,14913.3
2005-02-13,25,miércoles,julio,2007,14937.7
2005-02-14,26,jueves,julio,2007,14540.4
2005-02-15,27,viernes,julio,2007,14587.5
2005-02-16,30,lunes,julio,2007,14507.9
2005-02-17,31,martes,julio,2007,14802.4
2005-02-18,1,miércoles,agosto,2007,14595.7
2005-02-19,2,jueves,agosto,2007,14678.6
2005-02-20,3,viernes,agosto,2007,14534.3
2005-02-21,6,lunes,agosto,2007,14432.1
2005-02-22,7,martes,agosto,2007,14652.9
2005-02-23,8,miércoles,agosto,2007,15004.2
2005-02-24,9,jueves,agosto,2007,14838.3
2005-02-25,10,viernes,agosto,2007,14453.9
2005-02-26,13,lunes,agosto,2007,14731.8
2005-02-27,14,martes,agosto,2007,14553.1
2005-02-28,15,miércoles,agosto,2007,14520.5
2005-03-01,16,jueves,agosto,2007,13979.7
2005-03-02,17,viernes,agosto,2007,14237.5
2005-03-03,20,lunes,agosto,2007,14269.1
2005-03-04,21,martes,agosto,2007,14239.8
2005-03-05,22,miércoles,agosto,2007,14359.2
2005-03-06,23,jueves,agosto,2007,14292.5
2005-03-07,24,viernes,agosto,2007,14334.4
2005-03-08,27,lunes,agosto,2007,14305.5
2005-03-09,28,martes,agosto,2007,14124.8
2005-03-10,29,miércoles,agosto,2007,14183.6
2005-03-11,30,jueves,agosto,2007,14313.4
2005-03-12,31,viernes,agosto,2007,14479.8
2005-03-13,3,lunes,septiembre,2007,14546.9
2005-03-14,4,martes,septiembre,2007,14590.1
2005-03-15,5,miércoles,septiembre,2007,14240.1
2005-03-16,6,jueves,septiembre,2007,14198.4
2005-03-17,7,viernes,septiembre,2007,13873.4
2005-03-18,10,lunes,septiembre,2007,13726.3
2005-03-19,11,martes,septiembre,2007,13965.5
2005-03-20,12,miércoles,septiembre,2007,13980.4
2005-03-21,13,jueves,septiembre,2007,14077.8
2005-03-22,14,viernes,septiembre,2007,13861.0
2005-03-23,17,lunes,septiembre,2007,13696.9
2005-03-24,18,martes,septiembre,2007,14042.0
2005-03-25,19,miércoles,septiembre,2007,14494.8
2005-03-26,20,jueves,septiembre,2007,14427.1
2005-03-27,21,viernes,septiembre,2007,14450.6
2005-03-28,24,lunes,septiembre,2007,14494.7
2005-03-29,25,martes,septiembre,2007,14311.9
2005-03-30,26,miércoles,septiembre,2007,14513.7
2005-03-31,27,jueves,septiembre,2007,14581.6
2005-04-01,28,viernes,septiembre,2007,14576.5
2005-04-02,1,lunes,octubre,2007,14603.0
2005-04-03,2,martes,octubre,2007,14790.0
2005-04-04,3,miércoles,octubre,2007,14783.8
2005-04-05,4,jueves,octubre,2007,14718.0
2005-04-06,5,viernes,octubre,2007,14892.1
2005-04-07,8,lunes,octubre,2007,14809.0
2005-04-08,9,martes,octubre,2007,14862.7
2005-04-09,10,miércoles,octubre,2007,14863.8
2005-04-10,11,jueves,octubre,2007,15100.0
2005-04-11,12,viernes,octubre,2007,15261.3
2005-04-12,15,lunes,octubre,2007,15187.5
2005-04-13,16,martes,octubre,2007,15279.7
2005-04-14,17,miércoles,octubre,2007,15430.5
2005-04-15,18,jueves,octubre,2007,15507.1
2005-04-16,19,viernes,octubre,2007,15529.7
2005-04-17,22,lunes,octubre,2007,15327.8
2005-04-18,23,martes,octubre,2007,15429.6
2005-04-19,24,miércoles,octubre,2007,15231.3
2005-04-20,25,jueves,octubre,2007,15386.0
2005-04-21,26,viernes,octubre,2007,15603.9
2005-04-22,29,lunes,octubre,2007,15738.1
2005-04-23,30,martes,octubre,2007,15782.5
2005-04-24,31,miércoles,octubre,2007,15890.5
2005-04-25,1,jueves,noviembre,2007,15759.6
2005-04-26,2,viernes,noviembre,2007,15823.7
2005-04-27,5,lunes,noviembre,2007,15825.9
2005-04-28,6,martes,noviembre,2007,15895.4
2005-04-29,7,miércoles,noviembre,2007,15841.9
2005-04-30,8,jueves,noviembre,2007,15945.7
2005-05-01,9,viernes,noviembre,2007,15731.2
2005-05-02,12,lunes,noviembre,2007,15774.7
2005-05-03,13,martes,noviembre,2007,15814.8
2005-05-04,14,miércoles,noviembre,2007,15808.9
2005-05-05,15,jueves,noviembre,2007,15725.8
2005-05-06,16,viernes,noviembre,2007,15769.0
2005-05-07,19,lunes,noviembre,2007,15539.3
2005-05-08,20,martes,noviembre,2007,15700.0
2005-05-09,21,miércoles,noviembre,2007,15364.5
2005-05-10,22,jueves,noviembre,2007,15317.1
2005-05-11,23,viernes,noviembre,2007,15392.2
2005-05-12,26,lunes,noviembre,2007,15330.2
2005-05-13,27,martes,noviembre,2007,15315.6
2005-05-14,28,miércoles,noviembre,2007,15566.5
2005-05-15,29,jueves,noviembre,2007,15656.6
2005-05-16,30,viernes,noviembre,2007,15759.9
2005-05-17,3,lunes,diciembre,2007,15735.0
2005-05-18,4,martes,diciembre,2007,15708.2
2005-05-19,5,miércoles,diciembre,2007,15802.2
2005-05-20,6,jueves,diciembre,2007,15695.9
2005-05-21,7,viernes,diciembre,2007,15819.6
2005-05-22,10,lunes,diciembre,2007,15832.7
2005-05-23,11,martes,diciembre,2007,15890.5
2005-05-24,12,miércoles,diciembre,2007,15860.0
2005-05-25,13,jueves,diciembre,2007,15499.2
2005-05-26,14,viernes,diciembre,2007,15575.7
2005-05-27,17,lunes,diciembre,2007,15318.5
2005-05-28,18,martes,diciembre,2007,15282.1
2005-05-29,19,miércoles,diciembre,2007,15177.1
2005-05-30,20,jueves,diciembre,2007,15140.2
2005-05-31,21,viernes,diciembre,2007,15289.3
2005-06-04,27,jueves,diciembre,2007,15256.2
2005-06-05,28,viernes,diciembre,2007,15182.3
2005-06-08,2,miércoles,enero,2008,15002.5
2005-06-09,3,jueves,enero,2008,14856.5
2005-06-10,4,viernes,enero,2008,14602.3
2005-06-11,7,lunes,enero,2008,14667.0
2005-06-12,8,martes,enero,2008,14670.5
2005-06-13,9,miércoles,enero,2008,14603.5
2005-06-14,10,jueves,enero,2008,14524.0
2005-06-15,11,viernes,enero,2008,14458.0
2005-06-16,14,lunes,enero,2008,14431.9
2005-06-17,15,martes,enero,2008,13945.2
2005-06-18,16,miércoles,enero,2008,13817.1
2005-06-19,17,jueves,enero,2008,13775.6
2005-06-20,18,viernes,enero,2008,13655.4
2005-06-21,21,lunes,enero,2008,12625.8
2005-06-22,22,martes,enero,2008,12839.7
2005-06-23,23,miércoles,enero,2008,12254.6
2005-06-24,24,jueves,enero,2008,13106.7
2005-06-25,25,viernes,enero,2008,13141.1
2005-06-26,28,lunes,enero,2008,13026.7
2005-06-27,29,martes,enero,2008,13246.6
2005-06-28,30,miércoles,enero,2008,13217.1
2005-06-29,31,jueves,enero,2008,13229.0
2005-06-30,1,viernes,febrero,2008,13494.7
2005-07-01,4,lunes,febrero,2008,13515.7
2005-07-02,5,martes,febrero,2008,12814.7
2005-07-03,6,miércoles,febrero,2008,13037.3
2005-07-04,7,jueves,febrero,2008,12889.5
2005-07-05,8,viernes,febrero,2008,12934.8
2005-07-06,11,lunes,febrero,2008,12818.8
2005-07-07,12,martes,febrero,2008,13254.7
2005-07-08,13,miércoles,febrero,2008,13266.7
2005-07-09,14,jueves,febrero,2008,13313.2
2005-07-10,15,viernes,febrero,2008,13073.9
2005-07-11,18,lunes,febrero,2008,13312.2
2005-07-12,19,martes,febrero,2008,13269.7
2005-07-13,20,miércoles,febrero,2008,13080.4
2005-07-14,21,jueves,febrero,2008,13173.0
2005-07-15,22,viernes,febrero,2008,13017.5
2005-07-16,25,lunes,febrero,2008,13156.6
2005-07-17,26,martes,febrero,2008,13436.6
2005-07-18,27,miércoles,febrero,2008,13454.3
2005-07-19,28,jueves,febrero,2008,13272.1
2005-07-20,29,viernes,febrero,2008,13170.4
2005-07-21,3,lunes,marzo,2008,12862.5
2005-07-22,4,martes,marzo,2008,12630.1
2005-07-23,5,miércoles,marzo,2008,12948.1
2005-07-24,6,jueves,marzo,2008,12803.3
2005-07-25,7,viernes,marzo,2008,12691.3
2005-07-26,10,lunes,marzo,2008,12655.0
2005-07-27,11,martes,marzo,2008,13056.1
2005-07-28,12,miércoles,marzo,2008,13131.3
2005-07-29,13,jueves,marzo,2008,13073.2
2005-07-30,14,viernes,marzo,2008,13021.4
2005-07-31,17,lunes,marzo,2008,12656.0
2005-08-01,18,martes,marzo,2008,13030.5
2005-08-02,19,miércoles,marzo,2008,12964.7
2005-08-03,20,jueves,marzo,2008,12964.2
2005-08-06,25,martes,marzo,2008,13434.2
2005-08-07,26,miércoles,marzo,2008,13403.0
2005-08-08,27,jueves,marzo,2008,13537.9
2005-08-09,28,viernes,marzo,2008,13442.4
2005-08-10,31,lunes,marzo,2008,13269.0
2005-08-11,1,martes,abril,2008,13699.1
2005-08-12,2,miércoles,abril,2008,13838.7
2005-08-13,3,jueves,abril,2008,13738.9
2005-08-14,4,viernes,abril,2008,13846.4
2005-08-15,7,lunes,abril,2008,13919.6
2005-08-16,8,martes,abril,2008,13759.4
2005-08-17,9,miércoles,abril,2008,13599.0
2005-08-18,10,jueves,abril,2008,13507.9
2005-08-19,11,viernes,abril,2008,13278.3
2005-08-20,14,lunes,abril,2008,13160.3
2005-08-21,15,martes,abril,2008,13408.9
2005-08-22,16,miércoles,abril,2008,13637.6
2005-08-23,17,jueves,abril,2008,13568.7
2005-08-24,18,viernes,abril,2008,13924.9
2005-08-25,21,lunes,abril,2008,13728.9
2005-08-26,22,martes,abril,2008,13593.4
2005-08-27,23,miércoles,abril,2008,13663.0
2005-08-28,24,jueves,abril,2008,13669.2
2005-08-29,25,viernes,abril,2008,13772.8
2005-08-30,28,lunes,abril,2008,13877.8
2005-08-31,29,martes,abril,2008,13707.2
2005-09-01,30,miércoles,abril,2008,13798.3
2005-09-03,2,viernes,mayo,2008,14060.0
2005-09-04,5,lunes,mayo,2008,14074.0
2005-09-05,6,martes,mayo,2008,14005.8
2005-09-06,7,miércoles,mayo,2008,14026.8
2005-09-07,8,jueves,mayo,2008,14074.0
2005-09-08,9,viernes,mayo,2008,13945.1
2005-09-09,12,lunes,mayo,2008,14053.9
2005-09-10,13,martes,mayo,2008,14016.4
2005-09-11,14,miércoles,mayo,2008,14187.2
2005-09-12,15,jueves,mayo,2008,14186.4
2005-09-13,16,viernes,mayo,2008,14124.8
2005-09-14,19,lunes,mayo,2008,14247.6
2005-09-15,20,martes,mayo,2008,13992.1
2005-09-16,21,miércoles,mayo,2008,13857.2
2005-09-17,22,jueves,mayo,2008,13852.0
2005-09-18,23,viernes,mayo,2008,13577.6
2005-09-19,26,lunes,mayo,2008,13583.7
2005-09-20,27,martes,mayo,2008,13451.4
2005-09-21,28,miércoles,mayo,2008,13499.2
2005-09-22,29,jueves,mayo,2008,13539.5
2005-09-23,30,viernes,mayo,2008,13600.9
2005-09-24,2,lunes,junio,2008,13300.0
2005-09-25,3,martes,junio,2008,13431.7
2005-09-26,4,miércoles,junio,2008,13341.2
2005-09-27,5,jueves,junio,2008,13239.3
2005-09-28,6,viernes,junio,2008,12909.8
2005-09-29,9,lunes,junio,2008,12823.9
2005-09-30,10,martes,junio,2008,12755.2
2005-10-01,11,miércoles,junio,2008,12584.3
2005-10-02,12,jueves,junio,2008,12853.3
2005-10-03,13,viernes,junio,2008,12998.7
2005-10-04,16,lunes,junio,2008,12826.6
2005-10-05,17,martes,junio,2008,12885.1
2005-10-06,18,miércoles,junio,2008,12631.5
2005-10-07,19,jueves,junio,2008,12585.0
2005-10-08,20,viernes,junio,2008,12412.5
2005-10-09,23,lunes,junio,2008,12403.4
2005-10-10,24,martes,junio,2008,12205.6
2005-10-11,25,miércoles,junio,2008,12446.1
2005-10-12,26,jueves,junio,2008,12077.7
2005-10-13,27,viernes,junio,2008,12089.8
2005-10-14,30,lunes,junio,2008,12046.2
2005-10-15,1,martes,julio,2008,11770.9
2005-10-16,2,miércoles,julio,2008,11856.9
2005-10-17,3,jueves,julio,2008,11980.1
2005-10-18,4,viernes,julio,2008,11765.9
2005-10-19,7,lunes,julio,2008,11982.2
2005-10-20,8,martes,julio,2008,11794.7
2005-10-21,9,miércoles,julio,2008,11999.8
2005-10-22,10,jueves,julio,2008,11739.5
2005-10-23,11,viernes,julio,2008,11383.5
2005-10-24,14,lunes,julio,2008,11443.0
2005-10-25,15,martes,julio,2008,11151.6
2005-10-26,16,miércoles,julio,2008,11287.7
2005-10-27,17,jueves,julio,2008,11642.1
2005-10-28,18,viernes,julio,2008,11895.3
2005-10-29,21,lunes,julio,2008,11784.6
2005-10-30,22,martes,julio,2008,11610.1
2005-10-31,23,miércoles,julio,2008,11934.9
2005-11-01,24,jueves,julio,2008,11675.1
2005-11-02,25,viernes,julio,2008,11589.9
2005-11-03,28,lunes,julio,2008,11484.6
2005-11-04,29,martes,julio,2008,11683.8
2005-11-05,30,miércoles,julio,2008,11817.9
2005-11-06,31,jueves,julio,2008,11881.3
2005-11-07,1,viernes,agosto,2008,11569.5
2005-11-08,4,lunes,agosto,2008,11447.6
2005-11-09,5,martes,agosto,2008,11751.4
2005-11-10,6,miércoles,agosto,2008,11774.4
2005-11-11,7,jueves,agosto,2008,11717.5
2005-11-12,8,viernes,agosto,2008,11799.9
2005-11-13,11,lunes,agosto,2008,12047.7
2005-11-14,12,martes,agosto,2008,11996.1
2005-11-15,13,miércoles,agosto,2008,11695.4
2005-11-16,14,jueves,agosto,2008,11606.8
2005-11-17,15,viernes,agosto,2008,11686.1
2005-11-18,18,lunes,agosto,2008,11677.5
2005-11-19,19,martes,agosto,2008,11335.3
2005-11-20,20,miércoles,agosto,2008,11379.9
2005-11-21,21,jueves,agosto,2008,11217.4
2005-11-22,22,viernes,agosto,2008,11497.3
2005-11-23,25,lunes,agosto,2008,11327.1
2005-11-24,26,martes,agosto,2008,11419.9
2005-11-25,27,miércoles,agosto,2008,11479.6
2005-11-26,28,jueves,agosto,2008,11662.6
2005-11-27,29,viernes,agosto,2008,11707.3
2005-11-28,1,lunes,septiembre,2008,11693.8
2005-11-29,2,martes,septiembre,2008,11903.9
2005-11-30,3,miércoles,septiembre,2008,11849.1
2005-12-01,4,jueves,septiembre,2008,11480.1
2005-12-02,5,viernes,septiembre,2008,11139.7
2005-12-03,8,lunes,septiembre,2008,11554.2
2005-12-04,9,martes,septiembre,2008,11350.0
2005-12-05,10,miércoles,septiembre,2008,11180.8
2005-12-06,11,jueves,septiembre,2008,11136.5
2005-12-07,12,viernes,septiembre,2008,11412.0
2005-12-08,15,lunes,septiembre,2008,10899.0
2005-12-09,16,martes,septiembre,2008,10911.5
2005-12-10,17,miércoles,septiembre,2008,10661.4
2005-12-11,18,jueves,septiembre,2008,10631.6
2005-12-12,19,viernes,septiembre,2008,11557.9
2005-12-13,22,lunes,septiembre,2008,11328.5
2005-12-14,23,martes,septiembre,2008,11176.5
2005-12-15,24,miércoles,septiembre,2008,11112.9
2005-12-16,25,jueves,septiembre,2008,11438.6
2005-12-17,26,viernes,septiembre,2008,11387.9
2005-12-18,29,lunes,septiembre,2008,10945.7
2005-12-19,30,martes,septiembre,2008,10987.5
2005-12-20,1,miércoles,octubre,2008,11182.5
2005-12-21,2,jueves,octubre,2008,11002.3
2005-12-22,3,viernes,octubre,2008,11418.5
2005-12-23,6,lunes,octubre,2008,10726.0
2005-12-24,7,martes,octubre,2008,10862.0
2005-12-25,8,miércoles,octubre,2008,10297.6
2005-12-26,9,jueves,octubre,2008,9902.9
2005-12-27,10,viernes,octubre,2008,8997.7
2005-12-28,13,lunes,octubre,2008,9955.7
2005-12-29,14,martes,octubre,2008,10224.5
2005-12-30,15,miércoles,octubre,2008,9706.8
2005-12-31,16,jueves,octubre,2008,9308.2
2006-01-01,17,viernes,octubre,2008,9655.2
2006-01-02,20,lunes,octubre,2008,9944.3
2006-01-03,21,martes,octubre,2008,9795.0
2006-01-04,22,miércoles,octubre,2008,8995.3
2006-01-05,23,jueves,octubre,2008,8811.2
2006-01-06,24,viernes,octubre,2008,8353.2
2006-01-07,27,lunes,octubre,2008,8009.9
2006-01-08,28,martes,octubre,2008,7905.4
2006-01-09,29,miércoles,octubre,2008,8650.1
2006-01-10,30,jueves,octubre,2008,8822.9
2006-01-11,31,viernes,octubre,2008,9116.0
2006-01-12,3,lunes,noviembre,2008,9231.8
2006-01-13,4,martes,noviembre,2008,9726.8
2006-01-14,5,miércoles,noviembre,2008,9744.7
2006-01-15,6,jueves,noviembre,2008,9133.9
2006-01-16,7,viernes,noviembre,2008,9343.5
2006-01-17,10,lunes,noviembre,2008,9293.8
2006-01-18,11,martes,noviembre,2008,8911.9
2006-01-19,12,miércoles,noviembre,2008,8646.8
2006-01-20,13,jueves,noviembre,2008,8740.6
2006-01-21,14,viernes,noviembre,2008,8832.2
2006-01-22,17,lunes,noviembre,2008,8498.8
2006-01-23,18,martes,noviembre,2008,8530.8
2006-01-24,19,miércoles,noviembre,2008,8211.5
2006-01-25,20,jueves,noviembre,2008,7988.4
2006-01-26,21,viernes,noviembre,2008,7974.4
2006-01-27,24,lunes,noviembre,2008,8622.6
2006-01-28,25,martes,noviembre,2008,8696.6
2006-01-29,26,miércoles,noviembre,2008,8654.1
2006-01-30,27,jueves,noviembre,2008,8849.3
2006-01-31,28,viernes,noviembre,2008,8910.6
2006-02-01,1,lunes,diciembre,2008,8510.5
2006-02-02,2,martes,diciembre,2008,8834.7
2006-02-03,3,miércoles,diciembre,2008,8879.9
2006-02-04,4,jueves,diciembre,2008,8836.1
2006-02-05,5,viernes,diciembre,2008,8491.2
2006-02-06,8,lunes,diciembre,2008,9036.5
2006-02-07,9,martes,diciembre,2008,9063.1
2006-02-08,10,miércoles,diciembre,2008,9152.4
2006-02-09,11,jueves,diciembre,2008,9182.6
2006-02-10,12,viernes,diciembre,2008,8975.5
2006-02-11,15,lunes,diciembre,2008,9023.9
2006-02-12,16,martes,diciembre,2008,9167.7
2006-02-13,17,miércoles,diciembre,2008,9196.9
2006-02-14,18,jueves,diciembre,2008,9257.8
2006-02-15,19,viernes,diciembre,2008,9268.4
2006-02-16,22,lunes,diciembre,2008,9098.9
2006-02-17,23,martes,diciembre,2008,9068.5
2006-02-21,29,lunes,diciembre,2008,9017.7
2006-02-22,30,martes,diciembre,2008,9195.8
2006-02-25,2,viernes,enero,2009,9486.3
2006-02-26,5,lunes,enero,2009,9644.1
2006-02-27,6,martes,enero,2009,9724.0
2006-02-28,7,miércoles,enero,2009,9570.0
2006-03-01,8,jueves,enero,2009,9469.5
2006-03-02,9,viernes,enero,2009,9378.5
2006-03-03,12,lunes,enero,2009,9199.9
2006-03-04,13,martes,enero,2009,9057.3
2006-03-05,14,miércoles,enero,2009,8692.7
2006-03-06,15,jueves,enero,2009,8611.1
2006-03-07,16,viernes,enero,2009,8620.1
2006-03-08,19,lunes,enero,2009,8494.8
2006-03-09,20,martes,enero,2009,8276.5
2006-03-10,21,miércoles,enero,2009,8230.7
2006-03-11,22,jueves,enero,2009,8159.3
2006-03-12,23,viernes,enero,2009,8172.8
2006-03-13,26,lunes,enero,2009,8375.2
2006-03-14,27,martes,enero,2009,8349.5
2006-03-15,28,miércoles,enero,2009,8701.5
2006-03-16,29,jueves,enero,2009,8477.4
2006-03-17,30,viernes,enero,2009,8450.4
2006-03-18,2,lunes,febrero,2009,8233.4
2006-03-19,3,martes,febrero,2009,8361.9
2006-03-20,4,miércoles,febrero,2009,8495.4
2006-03-21,5,jueves,febrero,2009,8440.2
2006-03-22,6,viernes,febrero,2009,8544.7
2006-03-23,9,lunes,febrero,2009,8584.8
2006-03-24,10,martes,febrero,2009,8397.3
2006-03-25,11,miércoles,febrero,2009,8355.8
2006-03-26,12,jueves,febrero,2009,8200.9
2006-03-27,13,viernes,febrero,2009,8265.5
2006-03-28,16,lunes,febrero,2009,8075.0
2006-03-29,17,martes,febrero,2009,7843.2
2006-03-30,18,miércoles,febrero,2009,7861.4
2006-03-31,19,jueves,febrero,2009,7875.9
2006-04-01,20,viernes,febrero,2009,7603.6
2006-04-02,23,lunes,febrero,2009,7540.4
2006-04-03,24,martes,febrero,2009,7483.4
2006-04-04,25,miércoles,febrero,2009,7512.1
2006-04-05,26,jueves,febrero,2009,7811.7
2006-04-06,27,viernes,febrero,2009,7620.9
2006-04-07,2,lunes,marzo,2009,7270.5
2006-04-08,3,martes,marzo,2009,7219.4
2006-04-09,4,miércoles,marzo,2009,7357.5
2006-04-10,5,jueves,marzo,2009,7025.9
2006-04-11,6,viernes,marzo,2009,6936.9
2006-04-12,9,lunes,marzo,2009,6817.4
2006-04-13,10,martes,marzo,2009,7153.3
2006-04-14,11,miércoles,marzo,2009,7204.7
2006-04-15,12,jueves,marzo,2009,7340.5
2006-04-16,13,viernes,marzo,2009,7427.8
2006-04-17,16,lunes,marzo,2009,7636.9
2006-04-18,17,martes,marzo,2009,7645.3
2006-04-19,18,miércoles,marzo,2009,7661.6
2006-04-20,19,jueves,marzo,2009,7701.6
2006-04-21,20,viernes,marzo,2009,7710.0
2006-04-22,23,lunes,marzo,2009,7952.3
2006-04-23,24,martes,marzo,2009,7989.5
2006-04-24,25,miércoles,marzo,2009,8072.4
2006-04-25,26,jueves,marzo,2009,8076.2
2006-04-26,27,viernes,marzo,2009,7927.6
2006-04-27,30,lunes,marzo,2009,7601.1
2006-04-28,31,martes,marzo,2009,7815.0
2006-04-29,1,miércoles,abril,2009,7961.0
2006-04-30,2,jueves,abril,2009,8334.7
2006-05-01,3,viernes,abril,2009,8319.9
2006-05-02,6,lunes,abril,2009,8321.1
2006-05-03,7,martes,abril,2009,8346.0
2006-05-04,8,miércoles,abril,2009,8404.7
2006-05-05,9,jueves,abril,2009,8704.8
2006-05-08,14,martes,abril,2009,8834.8
2006-05-09,15,miércoles,abril,2009,8711.9
2006-05-10,16,jueves,abril,2009,8874.5
2006-05-11,17,viernes,abril,2009,9030.9
2006-05-12,20,lunes,abril,2009,8718.2
2006-05-13,21,martes,abril,2009,8615.8
2006-05-14,22,miércoles,abril,2009,8834.1
2006-05-15,23,jueves,abril,2009,8769.2
2006-05-16,24,viernes,abril,2009,8888.2
2006-05-17,27,lunes,abril,2009,8777.0
2006-05-18,28,martes,abril,2009,8656.3
2006-05-19,29,miércoles,abril,2009,8891.3
2006-05-20,30,jueves,abril,2009,9038.0
2006-05-22,4,lunes,mayo,2009,9074.7
2006-05-23,5,martes,mayo,2009,9136.7
2006-05-24,6,miércoles,mayo,2009,9229.0
2006-05-25,7,jueves,mayo,2009,9228.9
2006-05-26,8,viernes,mayo,2009,9408.1
2006-05-27,11,lunes,mayo,2009,9316.8
2006-05-28,12,martes,mayo,2009,9269.0
2006-05-29,13,miércoles,mayo,2009,9000.6
2006-05-30,14,jueves,mayo,2009,8984.2
2006-05-31,15,viernes,mayo,2009,8978.6
2006-06-01,18,lunes,mayo,2009,9159.3
2006-06-02,19,martes,mayo,2009,9341.6
2006-06-03,20,miércoles,mayo,2009,9389.4
2006-06-04,21,jueves,mayo,2009,9225.3
2006-06-05,22,viernes,mayo,2009,9308.6
2006-06-06,25,lunes,mayo,2009,9347.4
2006-06-07,26,martes,mayo,2009,9405.7
2006-06-08,27,miércoles,mayo,2009,9510.8
2006-06-09,28,jueves,mayo,2009,9435.5
2006-06-10,29,viernes,mayo,2009,9424.3
2006-06-11,1,lunes,junio,2009,9630.9
2006-06-12,2,martes,junio,2009,9664.8
2006-06-13,3,miércoles,junio,2009,9464.8
2006-06-14,4,jueves,junio,2009,9454.6
2006-06-15,5,viernes,junio,2009,9519.0
2006-06-16,8,lunes,junio,2009,9396.2
2006-06-17,9,martes,junio,2009,9497.7
2006-06-18,10,miércoles,junio,2009,9627.6
2006-06-19,11,jueves,junio,2009,9708.4
2006-06-20,12,viernes,junio,2009,9714.4
2006-06-21,15,lunes,junio,2009,9518.7
2006-06-22,16,martes,junio,2009,9497.9
2006-06-23,17,miércoles,junio,2009,9283.2
2006-06-24,18,jueves,junio,2009,9384.0
2006-06-25,19,viernes,junio,2009,9580.9
2006-06-26,22,lunes,junio,2009,9338.5
2006-06-27,23,martes,junio,2009,9348.7
2006-06-28,24,miércoles,junio,2009,9617.6
2006-06-29,25,jueves,junio,2009,9667.2
2006-06-30,26,viernes,junio,2009,9686.9
2006-07-01,29,lunes,junio,2009,9845.7
2006-07-02,30,martes,junio,2009,9787.8
2006-07-03,1,miércoles,julio,2009,9903.7
2006-07-04,2,jueves,julio,2009,9643.5
2006-07-05,3,viernes,julio,2009,9707.8
2006-07-06,6,lunes,julio,2009,9569.0
2006-07-07,7,martes,julio,2009,9520.0
2006-07-08,8,miércoles,julio,2009,9360.6
2006-07-09,9,jueves,julio,2009,9443.1
2006-07-10,10,viernes,julio,2009,9344.9
2006-07-11,13,lunes,julio,2009,9567.4
2006-07-12,14,martes,julio,2009,9634.0
2006-07-13,15,miércoles,julio,2009,9905.3
2006-07-14,16,jueves,julio,2009,9997.6
2006-07-15,17,viernes,julio,2009,10041.9
2006-07-16,20,lunes,julio,2009,10142.8
2006-07-17,21,martes,julio,2009,10122.2
2006-07-18,22,miércoles,julio,2009,10153.4
2006-07-19,23,jueves,julio,2009,10369.8
2006-07-20,24,viernes,julio,2009,10438.6
2006-07-21,27,lunes,julio,2009,10591.7
2006-07-22,28,martes,julio,2009,10664.0
2006-07-23,29,miércoles,julio,2009,10661.6
2006-07-24,30,jueves,julio,2009,10874.4
2006-07-25,31,viernes,julio,2009,10855.1
2006-07-26,3,lunes,agosto,2009,10901.0
2006-07-27,4,martes,agosto,2009,10876.8
2006-07-28,5,miércoles,agosto,2009,10704.4
2006-07-29,6,jueves,agosto,2009,10776.0
2006-07-30,7,viernes,agosto,2009,10947.6
2006-07-31,10,lunes,agosto,2009,10923.0
2006-08-01,11,martes,agosto,2009,10831.9
2006-08-02,12,miércoles,agosto,2009,10933.8
2006-08-03,13,jueves,agosto,2009,11046.8
2006-08-04,14,viernes,agosto,2009,10901.9
2006-08-05,17,lunes,agosto,2009,10598.5
2006-08-06,18,martes,agosto,2009,10708.3
2006-08-07,19,miércoles,agosto,2009,10695.5
2006-08-08,20,jueves,agosto,2009,10892.5
2006-08-09,21,viernes,agosto,2009,11161.0
2006-08-10,24,lunes,agosto,2009,11303.8
2006-08-11,25,martes,agosto,2009,11427.8
2006-08-12,26,miércoles,agosto,2009,11376.4
2006-08-13,27,jueves,agosto,2009,11356.9
2006-08-14,28,viernes,agosto,2009,11442.7
2006-08-15,31,lunes,agosto,2009,11365.1
2006-08-16,1,martes,septiembre,2009,11173.0
2006-08-17,2,miércoles,septiembre,2009,10999.7
2006-08-18,3,jueves,septiembre,2009,11018.1
2006-08-19,4,viernes,septiembre,2009,11222.7
2006-08-20,7,lunes,septiembre,2009,11388.6
2006-08-21,8,martes,septiembre,2009,11366.6
2006-08-22,9,miércoles,septiembre,2009,11462.0
2006-08-23,10,jueves,septiembre,2009,11340.8
2006-08-24,11,viernes,septiembre,2009,11452.6
2006-08-25,14,lunes,septiembre,2009,11492.6
2006-08-26,15,martes,septiembre,2009,11593.3
2006-08-27,16,miércoles,septiembre,2009,11746.9
2006-08-28,17,jueves,septiembre,2009,11771.0
2006-08-29,18,viernes,septiembre,2009,11777.3
2006-08-30,21,lunes,septiembre,2009,11727.4
2006-08-31,22,martes,septiembre,2009,11816.7
2006-09-01,23,miércoles,septiembre,2009,11853.3
2006-09-02,24,jueves,septiembre,2009,11695.9
2006-09-03,25,viernes,septiembre,2009,11643.8
2006-09-04,28,lunes,septiembre,2009,11891.2
2006-09-05,29,martes,septiembre,2009,11853.7
2006-09-06,30,miércoles,septiembre,2009,11756.1
2006-09-07,1,jueves,octubre,2009,11518.2
2006-09-08,2,viernes,octubre,2009,11326.7
2006-09-09,5,lunes,octubre,2009,11557.0
2006-09-10,6,martes,octubre,2009,11817.1
2006-09-11,7,miércoles,octubre,2009,11721.4
2006-09-12,8,jueves,octubre,2009,11814.3
2006-09-13,9,viernes,octubre,2009,11743.2
2006-09-14,12,lunes,octubre,2009,11748.8
2006-09-15,13,martes,octubre,2009,11608.3
2006-09-16,14,miércoles,octubre,2009,11870.9
2006-09-17,15,jueves,octubre,2009,11849.7
2006-09-18,16,viernes,octubre,2009,11676.4
2006-09-19,19,lunes,octubre,2009,11885.3
2006-09-20,20,martes,octubre,2009,11790.2
2006-09-21,21,miércoles,octubre,2009,11875.2
2006-09-22,22,jueves,octubre,2009,11828.6
2006-09-23,23,viernes,octubre,2009,11739.8
2006-09-24,26,lunes,octubre,2009,11622.6
2006-09-25,27,martes,octubre,2009,11634.0
2006-09-26,28,miércoles,octubre,2009,11429.8
2006-09-27,29,jueves,octubre,2009,11683.4
2006-09-28,30,viernes,octubre,2009,11414.8
2006-09-29,2,lunes,noviembre,2009,11465.8
2006-09-30,3,martes,noviembre,2009,11242.4
2006-10-01,4,miércoles,noviembre,2009,11387.7
2006-10-02,5,jueves,noviembre,2009,11548.9
2006-10-03,6,viernes,noviembre,2009,11580.6
2006-10-04,9,lunes,noviembre,2009,11816.8
2006-10-05,10,martes,noviembre,2009,11814.0
2006-10-06,11,miércoles,noviembre,2009,11801.4
2006-10-07,12,jueves,noviembre,2009,11834.5
2006-10-08,13,viernes,noviembre,2009,11867.0
2006-10-09,16,lunes,noviembre,2009,11986.9
2006-10-10,17,martes,noviembre,2009,11959.4
2006-10-11,18,miércoles,noviembre,2009,12034.4
2006-10-12,19,jueves,noviembre,2009,11846.2
2006-10-13,20,viernes,noviembre,2009,11719.3
2006-10-14,23,lunes,noviembre,2009,11940.5
2006-10-15,24,martes,noviembre,2009,11905.2
2006-10-16,25,miércoles,noviembre,2009,11965.8
2006-10-17,26,jueves,noviembre,2009,11657.5
2006-10-18,27,viernes,noviembre,2009,11776.8
2006-10-19,30,lunes,noviembre,2009,11644.7
2006-10-20,1,martes,diciembre,2009,11862.1
2006-10-21,2,miércoles,diciembre,2009,11868.8
2006-10-22,3,jueves,diciembre,2009,11905.3
2006-10-23,4,viernes,diciembre,2009,12032.2
2006-10-24,7,lunes,diciembre,2009,12011.8
2006-10-25,8,martes,diciembre,2009,11808.9
2006-10-26,9,miércoles,diciembre,2009,11541.2
2006-10-27,10,jueves,diciembre,2009,11594.7
2006-10-28,11,viernes,diciembre,2009,11616.0
2006-10-29,14,lunes,diciembre,2009,11705.9
2006-10-30,15,martes,diciembre,2009,11735.5
2006-10-31,16,miércoles,diciembre,2009,11863.2
2006-11-01,17,jueves,diciembre,2009,11696.9
2006-11-02,18,viernes,diciembre,2009,11645.0
2006-11-03,21,lunes,diciembre,2009,11830.8
2006-11-04,22,martes,diciembre,2009,11890.8
2006-11-05,23,miércoles,diciembre,2009,11967.5
2006-11-08,28,lunes,diciembre,2009,12023.2
2006-11-09,29,martes,diciembre,2009,12035.1
2006-11-10,30,miércoles,diciembre,2009,11940.0
2006-11-13,4,lunes,enero,2010,12145.1
2006-11-14,5,martes,enero,2010,12204.4
2006-11-15,6,miércoles,enero,2010,12222.5
2006-11-16,7,jueves,enero,2010,12166.3
2006-11-17,8,viernes,enero,2010,12163.0
2006-11-18,11,lunes,enero,2010,12074.5
2006-11-19,12,martes,enero,2010,11966.1
2006-11-20,13,miércoles,enero,2010,11958.3
2006-11-21,14,jueves,enero,2010,11999.8
2006-11-22,15,viernes,enero,2010,11845.0
2006-11-23,18,lunes,enero,2010,11870.7
2006-11-24,19,martes,enero,2010,12022.6
2006-11-25,20,miércoles,enero,2010,11709.0
2006-11-26,21,jueves,enero,2010,11444.0
2006-11-27,22,viernes,enero,2010,11373.4
2006-11-28,25,lunes,enero,2010,11249.3
2006-11-29,26,martes,enero,2010,11347.3
2006-11-30,27,miércoles,enero,2010,11042.2
2006-12-01,28,jueves,enero,2010,10829.3
2006-12-02,29,viernes,enero,2010,10947.7
2006-12-03,1,lunes,febrero,2010,10995.2
2006-12-04,2,martes,febrero,2010,11140.9
2006-12-05,3,miércoles,febrero,2010,10888.4
2006-12-06,4,jueves,febrero,2010,10241.7
2006-12-07,5,viernes,febrero,2010,10103.3
2006-12-08,8,lunes,febrero,2010,10206.3
2006-12-09,9,martes,febrero,2010,10275.4
2006-12-10,10,miércoles,febrero,2010,10455.0
2006-12-11,11,jueves,febrero,2010,10281.7
2006-12-12,12,viernes,febrero,2010,10224.9
2006-12-13,15,lunes,febrero,2010,10293.6
2006-12-14,16,martes,febrero,2010,10393.9
2006-12-15,17,miércoles,febrero,2010,10498.6
2006-12-16,18,jueves,febrero,2010,10574.2
2006-12-17,19,viernes,febrero,2010,10676.7
2006-12-18,22,lunes,febrero,2010,10570.5
2006-12-19,23,martes,febrero,2010,10312.9
2006-12-20,24,miércoles,febrero,2010,10254.0
2006-12-21,25,jueves,febrero,2010,10126.2
2006-12-22,26,viernes,febrero,2010,10333.6
2006-12-23,1,lunes,marzo,2010,10434.9
2006-12-24,2,martes,marzo,2010,10521.5
2006-12-25,3,miércoles,marzo,2010,10664.5
2006-12-26,4,jueves,marzo,2010,10745.3
2006-12-27,5,viernes,marzo,2010,11019.8
2006-12-28,8,lunes,marzo,2010,11078.3
2006-12-29,9,martes,marzo,2010,11002.8
2006-12-30,10,miércoles,marzo,2010,11121.0
2006-12-31,11,jueves,marzo,2010,11045.4
2007-01-01,12,viernes,marzo,2010,11077.0
2007-01-02,15,lunes,marzo,2010,10957.8
2007-01-03,16,martes,marzo,2010,11059.3
2007-01-04,17,miércoles,marzo,2010,11166.8
2007-01-05,18,jueves,marzo,2010,11073.5
2007-01-06,19,viernes,marzo,2010,10990.8
2007-01-07,22,lunes,marzo,2010,10861.9
2007-01-08,23,martes,marzo,2010,10996.2
2007-01-09,24,miércoles,marzo,2010,10866.3
2007-01-10,25,jueves,marzo,2010,11091.4
2007-01-11,26,viernes,marzo,2010,11071.1
2007-01-12,29,lunes,marzo,2010,11091.0
2007-01-13,30,martes,marzo,2010,10980.7
2007-01-14,31,miércoles,marzo,2010,10871.3
2007-01-15,1,jueves,abril,2010,11067.9
2007-01-18,6,martes,abril,2010,11160.6
2007-01-19,7,miércoles,abril,2010,11191.3
2007-01-20,8,jueves,abril,2010,11076.3
2007-01-21,9,viernes,abril,2010,11394.2
2007-01-22,12,lunes,abril,2010,11460.8
2007-01-23,13,martes,abril,2010,11461.0
2007-01-24,14,miércoles,abril,2010,11503.7
2007-01-25,15,jueves,abril,2010,11523.5
2007-01-26,16,viernes,abril,2010,11259.7
2007-01-27,19,lunes,abril,2010,11199.5
2007-01-28,20,martes,abril,2010,11305.6
2007-01-29,21,miércoles,abril,2010,11064.7
2007-01-30,22,jueves,abril,2010,10821.9
2007-01-31,23,viernes,abril,2010,10918.2
2007-02-01,26,lunes,abril,2010,10939.3
2007-02-02,27,martes,abril,2010,10480.9
2007-02-03,28,miércoles,abril,2010,10167.0
2007-02-04,29,jueves,abril,2010,10441.0
2007-02-05,30,viernes,abril,2010,10492.2
2007-02-06,3,lunes,mayo,2010,10422.8
2007-02-07,4,martes,mayo,2010,9859.1
2007-02-08,5,miércoles,mayo,2010,9635.2
2007-02-09,6,jueves,mayo,2010,9352.6
2007-02-10,7,viernes,mayo,2010,9046.1
2007-02-11,10,lunes,mayo,2010,10351.9
2007-02-12,11,martes,mayo,2010,10008.6
2007-02-13,12,miércoles,mayo,2010,10089.8
2007-02-14,13,jueves,mayo,2010,9977.5
2007-02-15,14,viernes,mayo,2010,9314.7
2007-02-16,17,lunes,mayo,2010,9286.1
2007-02-17,18,martes,mayo,2010,9627.6
2007-02-18,19,miércoles,mayo,2010,9376.5
2007-02-19,20,jueves,mayo,2010,9270.5
2007-02-20,21,viernes,mayo,2010,9407.3
2007-02-21,24,lunes,mayo,2010,9287.9
2007-02-22,25,martes,mayo,2010,9004.4
2007-02-23,26,miércoles,mayo,2010,9042.6
2007-02-24,27,jueves,mayo,2010,9334.9
2007-02-25,28,viernes,mayo,2010,9425.5
2007-02-26,31,lunes,mayo,2010,9359.4
2007-02-27,1,martes,junio,2010,9299.7
2007-02-28,2,miércoles,junio,2010,9268.0
2007-03-01,3,jueves,junio,2010,9276.2
2007-03-02,4,viernes,junio,2010,8923.4
2007-03-03,7,lunes,junio,2010,8795.3
2007-03-04,8,martes,junio,2010,8669.8
2007-03-05,9,miércoles,junio,2010,8868.7
2007-03-06,10,jueves,junio,2010,9198.2
2007-03-07,11,viernes,junio,2010,9561.7
2007-03-08,14,lunes,junio,2010,9584.0
2007-03-09,15,martes,junio,2010,9742.0
2007-03-10,16,miércoles,junio,2010,9683.3
2007-03-11,17,jueves,junio,2010,9755.1
2007-03-12,18,viernes,junio,2010,9971.8
2007-03-13,21,lunes,junio,2010,10071.9
2007-03-14,22,martes,junio,2010,10016.1
2007-03-15,23,miércoles,junio,2010,9886.0
2007-03-16,24,jueves,junio,2010,9586.5
2007-03-17,25,viernes,junio,2010,9535.0
2007-03-18,28,lunes,junio,2010,9688.5
2007-03-19,29,martes,junio,2010,9160.4
2007-03-20,30,miércoles,junio,2010,9263.4
2007-03-21,1,jueves,julio,2010,9178.2
2007-03-22,2,viernes,julio,2010,9250.8
2007-03-23,5,lunes,julio,2010,9281.5
2007-03-24,6,martes,julio,2010,9615.0
2007-03-25,7,miércoles,julio,2010,9987.4
2007-03-26,8,jueves,julio,2010,10080.5
2007-03-27,9,viernes,julio,2010,10127.3
2007-03-28,12,lunes,julio,2010,10058.2
2007-03-29,13,martes,julio,2010,10259.5
2007-03-30,14,miércoles,julio,2010,10278.5
2007-03-31,15,jueves,julio,2010,10160.2
2007-04-01,16,viernes,julio,2010,9991.7
2007-04-02,19,lunes,julio,2010,9929.8
2007-04-03,20,martes,julio,2010,10061.3
2007-04-04,21,miércoles,julio,2010,10040.8
2007-04-05,22,jueves,julio,2010,10302.9
2007-04-06,23,viernes,julio,2010,10388.2
2007-04-07,26,lunes,julio,2010,10506.7
2007-04-08,27,martes,julio,2010,10645.0
2007-04-09,28,miércoles,julio,2010,10643.9
2007-04-10,29,jueves,julio,2010,10659.5
2007-04-11,30,viernes,julio,2010,10499.8
2007-04-12,2,lunes,agosto,2010,10835.4
2007-04-13,3,martes,agosto,2010,10871.4
2007-04-14,4,miércoles,agosto,2010,10843.3
2007-04-15,5,jueves,agosto,2010,10840.0
2007-04-16,6,viernes,agosto,2010,10651.1
2007-04-17,9,lunes,agosto,2010,10812.6
2007-04-18,10,martes,agosto,2010,10718.5
2007-04-19,11,miércoles,agosto,2010,10374.8
2007-04-20,12,jueves,agosto,2010,10342.4
2007-04-21,13,viernes,agosto,2010,10275.8
2007-04-22,16,lunes,agosto,2010,10258.3
2007-04-23,17,martes,agosto,2010,10369.5
2007-04-24,18,miércoles,agosto,2010,10391.0
2007-04-25,19,jueves,agosto,2010,10238.0
2007-04-26,20,viernes,agosto,2010,10094.3
2007-04-27,23,lunes,agosto,2010,10221.2
2007-04-28,24,martes,agosto,2010,10052.3
2007-04-29,25,miércoles,agosto,2010,9894.0
2007-04-30,26,jueves,agosto,2010,10004.4
2007-05-01,27,viernes,agosto,2010,10148.2
2007-05-02,30,lunes,agosto,2010,10136.0
2007-05-03,31,martes,agosto,2010,10187.0
2007-05-04,1,miércoles,septiembre,2010,10544.8
2007-05-05,2,jueves,septiembre,2010,10537.6
2007-05-06,3,viernes,septiembre,2010,10599.4
2007-05-07,6,lunes,septiembre,2010,10622.7
2007-05-08,7,martes,septiembre,2010,10479.1
2007-05-09,8,miércoles,septiembre,2010,10586.2
2007-05-10,9,jueves,septiembre,2010,10712.9
2007-05-11,10,viernes,septiembre,2010,10689.6
2007-05-12,13,lunes,septiembre,2010,10765.2
2007-05-13,14,martes,septiembre,2010,10806.6
2007-05-14,15,miércoles,septiembre,2010,10751.8
2007-05-15,16,jueves,septiembre,2010,10716.8
2007-05-16,17,viernes,septiembre,2010,10588.6
2007-05-17,20,lunes,septiembre,2010,10743.1
2007-05-18,21,martes,septiembre,2010,10762.5
2007-05-19,22,miércoles,septiembre,2010,10555.2
2007-05-20,23,jueves,septiembre,2010,10501.5
2007-05-21,24,viernes,septiembre,2010,10727.6
2007-05-22,27,lunes,septiembre,2010,10613.0
2007-05-23,28,martes,septiembre,2010,10590.7
2007-05-24,29,miércoles,septiembre,2010,10486.8
2007-05-25,30,jueves,septiembre,2010,10514.5
2007-05-26,1,viernes,octubre,2010,10450.1
2007-05-27,4,lunes,octubre,2010,10383.0
2007-05-28,5,martes,octubre,2010,10651.2
2007-05-29,6,miércoles,octubre,2010,10700.2
2007-05-30,7,jueves,octubre,2010,10740.3
2007-05-31,8,viernes,octubre,2010,10720.8
2007-06-01,11,lunes,octubre,2010,10700.8
2007-06-02,12,martes,octubre,2010,10648.2
2007-06-03,13,miércoles,octubre,2010,10866.1
2007-06-04,14,jueves,octubre,2010,10849.7
2007-06-05,15,viernes,octubre,2010,10868.2
2007-06-06,18,lunes,octubre,2010,10897.7
2007-06-07,19,martes,octubre,2010,10895.3
2007-06-08,20,miércoles,octubre,2010,10896.9
2007-06-09,21,jueves,octubre,2010,10892.3
2007-06-10,22,viernes,octubre,2010,10924.8
2007-06-11,25,lunes,octubre,2010,10870.3
2007-06-12,26,martes,octubre,2010,10797.8
2007-06-13,27,miércoles,octubre,2010,10700.1
2007-06-14,28,jueves,octubre,2010,10753.5
2007-06-15,29,viernes,octubre,2010,10812.9
2007-06-16,1,lunes,noviembre,2010,10649.5
2007-06-17,2,martes,noviembre,2010,10762.1
2007-06-18,3,miércoles,noviembre,2010,10569.5
2007-06-19,4,jueves,noviembre,2010,10602.8
2007-06-20,5,viernes,noviembre,2010,10428.1
2007-06-21,8,lunes,noviembre,2010,10291.8
2007-06-22,9,martes,noviembre,2010,10409.8
2007-06-23,10,miércoles,noviembre,2010,10235.4
2007-06-24,11,jueves,noviembre,2010,10149.5
2007-06-25,12,viernes,noviembre,2010,10226.8
2007-06-26,15,lunes,noviembre,2010,10349.7
2007-06-27,16,martes,noviembre,2010,10095.4
2007-06-28,17,miércoles,noviembre,2010,10189.3
2007-06-29,18,jueves,noviembre,2010,10325.3
2007-06-30,19,viernes,noviembre,2010,10271.7
2007-07-01,22,lunes,noviembre,2010,9996.4
2007-07-02,23,martes,noviembre,2010,9691.8
2007-07-03,24,miércoles,noviembre,2010,9742.6
2007-07-04,25,jueves,noviembre,2010,9721.8
2007-07-05,26,viernes,noviembre,2010,9547.2
2007-07-06,29,lunes,noviembre,2010,9324.7
2007-07-07,30,martes,noviembre,2010,9267.2
2007-07-08,1,miércoles,diciembre,2010,9678.4
2007-07-09,2,jueves,diciembre,2010,9947.6
2007-07-10,3,viernes,diciembre,2010,10014.8
2007-07-11,6,lunes,diciembre,2010,9889.9
2007-07-12,7,martes,diciembre,2010,9924.7
2007-07-13,8,miércoles,diciembre,2010,10078.4
2007-07-14,9,jueves,diciembre,2010,10185.5
2007-07-15,10,viernes,diciembre,2010,10121.9
2007-07-16,13,lunes,diciembre,2010,10151.2
2007-07-17,14,martes,diciembre,2010,10162.7
2007-07-18,15,miércoles,diciembre,2010,10009.8
2007-07-19,16,jueves,diciembre,2010,10010.3
2007-07-20,17,viernes,diciembre,2010,9898.1
2007-07-21,20,lunes,diciembre,2010,9996.1
2007-07-22,21,martes,diciembre,2010,10203.4
2007-07-23,22,miércoles,diciembre,2010,10183.5
2007-07-24,23,jueves,diciembre,2010,10106.9
2007-07-26,27,lunes,diciembre,2010,9899.0
2007-07-27,28,martes,diciembre,2010,9903.5
2007-07-28,29,miércoles,diciembre,2010,9981.5
2007-07-29,30,jueves,diciembre,2010,9859.1
2007-07-31,3,lunes,enero,2011,9888.3
2007-08-01,4,martes,enero,2011,9888.4
2007-08-02,5,miércoles,enero,2011,9801.4
2007-08-03,6,jueves,enero,2011,9702.7
2007-08-04,7,viernes,enero,2011,9560.7
2007-08-05,10,lunes,enero,2011,9437.8
2007-08-06,11,martes,enero,2011,9582.1
2007-08-07,12,miércoles,enero,2011,10101.2
2007-08-08,13,jueves,enero,2011,10370.8
2007-08-09,14,viernes,enero,2011,10385.1
2007-08-10,17,lunes,enero,2011,10280.0
2007-08-11,18,martes,enero,2011,10583.4
2007-08-12,19,miércoles,enero,2011,10556.5
2007-08-13,20,jueves,enero,2011,10636.9
2007-08-14,21,viernes,enero,2011,10829.1
2007-08-15,24,lunes,enero,2011,10815.4
2007-08-16,25,martes,enero,2011,10664.4
2007-08-17,26,miércoles,enero,2011,10670.7
2007-08-18,27,jueves,enero,2011,10828.7
2007-08-19,28,viernes,enero,2011,10747.0
2007-08-20,31,lunes,enero,2011,10806.0
2007-08-21,1,martes,febrero,2011,10967.9
2007-08-22,2,miércoles,febrero,2011,11010.2
2007-08-23,3,jueves,febrero,2011,10860.7
2007-08-24,4,viernes,febrero,2011,10854.7
2007-08-25,7,lunes,febrero,2011,10922.6
2007-08-26,8,martes,febrero,2011,10965.1
2007-08-27,9,miércoles,febrero,2011,10935.6
2007-08-28,10,jueves,febrero,2011,10791.9
2007-08-29,11,viernes,febrero,2011,10803.6
2007-08-30,14,lunes,febrero,2011,10774.7
2007-08-31,15,martes,febrero,2011,10826.2
2007-09-01,16,miércoles,febrero,2011,11047.8
2007-09-02,17,jueves,febrero,2011,11113.0
2007-09-03,18,viernes,febrero,2011,11068.1
2007-09-04,21,lunes,febrero,2011,10810.5
2007-09-05,22,martes,febrero,2011,10701.9
2007-09-06,23,miércoles,febrero,2011,10633.4
2007-09-07,24,jueves,febrero,2011,10647.6
2007-09-08,25,viernes,febrero,2011,10822.7
2007-09-09,28,lunes,febrero,2011,10850.8
2007-09-10,1,martes,marzo,2011,10761.9
2007-09-11,2,miércoles,marzo,2011,10643.8
2007-09-12,3,jueves,marzo,2011,10566.9
2007-09-13,4,viernes,marzo,2011,10498.7
2007-09-14,7,lunes,marzo,2011,10495.7
2007-09-15,8,martes,marzo,2011,10568.7
2007-09-16,9,miércoles,marzo,2011,10559.5
2007-09-17,10,jueves,marzo,2011,10435.6
2007-09-18,11,viernes,marzo,2011,10398.4
2007-09-19,14,lunes,marzo,2011,10415.9
2007-09-20,15,martes,marzo,2011,10329.7
2007-09-21,16,miércoles,marzo,2011,10092.6
2007-09-22,17,jueves,marzo,2011,10325.6
2007-09-23,18,viernes,marzo,2011,10328.4
2007-09-24,21,lunes,marzo,2011,10574.4
2007-09-25,22,martes,marzo,2011,10576.1
2007-09-26,23,miércoles,marzo,2011,10638.0
2007-09-27,24,jueves,marzo,2011,10755.6
2007-09-28,25,viernes,marzo,2011,10710.4
2007-09-29,28,lunes,marzo,2011,10751.0
2007-09-30,29,martes,marzo,2011,10735.0
2007-10-01,30,miércoles,marzo,2011,10732.3
2007-10-02,31,jueves,marzo,2011,10576.5
2007-10-03,1,viernes,abril,2011,10729.9
2007-10-04,4,lunes,abril,2011,10756.1
2007-10-05,5,martes,abril,2011,10678.6
2007-10-06,6,miércoles,abril,2011,10845.1
2007-10-07,7,jueves,abril,2011,10849.1
2007-10-08,8,viernes,abril,2011,10913.2
2007-10-09,11,lunes,abril,2011,10878.3
2007-10-10,12,martes,abril,2011,10784.5
2007-10-11,13,miércoles,abril,2011,10786.0
2007-10-12,14,jueves,abril,2011,10622.7
2007-10-13,15,viernes,abril,2011,10558.6
2007-10-14,18,lunes,abril,2011,10344.9
2007-10-15,19,martes,abril,2011,10376.5
2007-10-16,20,miércoles,abril,2011,10535.4
2007-10-17,21,jueves,abril,2011,10584.1
2007-10-20,26,martes,abril,2011,10650.6
2007-10-21,27,miércoles,abril,2011,10740.9
2007-10-22,28,jueves,abril,2011,10867.8
2007-10-23,29,viernes,abril,2011,10878.9
2007-10-24,2,lunes,mayo,2011,10877.3
2007-10-25,3,martes,mayo,2011,10825.6
2007-10-26,4,miércoles,mayo,2011,10712.6
2007-10-27,5,jueves,mayo,2011,10627.3
2007-10-28,6,viernes,mayo,2011,10610.5
2007-10-29,9,lunes,mayo,2011,10396.3
2007-10-30,10,martes,mayo,2011,10474.4
2007-10-31,11,miércoles,mayo,2011,10531.5
2007-11-01,12,jueves,mayo,2011,10487.6
2007-11-02,13,viernes,mayo,2011,10356.5
2007-11-03,16,lunes,mayo,2011,10363.9
2007-11-04,17,martes,mayo,2011,10306.4
2007-11-05,18,miércoles,mayo,2011,10343.7
2007-11-06,19,jueves,mayo,2011,10376.8
2007-11-07,20,viernes,mayo,2011,10226.6
2007-11-08,23,lunes,mayo,2011,10082.7
2007-11-09,24,martes,mayo,2011,10115.9
2007-11-10,25,miércoles,mayo,2011,10217.4
2007-11-11,26,jueves,mayo,2011,10203.2
2007-11-12,27,viernes,mayo,2011,10261.2
2007-11-13,30,lunes,mayo,2011,10257.6
2007-11-14,31,martes,mayo,2011,10476.0
2007-11-15,1,miércoles,junio,2011,10339.3
2007-11-16,2,jueves,junio,2011,10261.0
2007-11-17,3,viernes,junio,2011,10285.7
2007-11-18,6,lunes,junio,2011,10157.7
2007-11-19,7,martes,junio,2011,10168.1
2007-11-20,8,miércoles,junio,2011,10082.5
2007-11-21,9,jueves,junio,2011,10121.7
2007-11-22,10,viernes,junio,2011,9950.8
2007-11-23,13,lunes,junio,2011,9946.2
2007-11-24,14,martes,junio,2011,10132.6
2007-11-25,15,miércoles,junio,2011,9933.1
2007-11-26,16,jueves,junio,2011,9918.5
2007-11-27,17,viernes,junio,2011,10135.2
2007-11-28,20,lunes,junio,2011,10038.1
2007-11-29,21,martes,junio,2011,10231.9
2007-11-30,22,miércoles,junio,2011,10226.2
2007-12-01,23,jueves,junio,2011,9942.6
2007-12-02,24,viernes,junio,2011,9812.7
2007-12-03,27,lunes,junio,2011,9872.2
2007-12-04,28,martes,junio,2011,9936.7
2007-12-05,29,miércoles,junio,2011,10143.6
2007-12-06,30,jueves,junio,2011,10359.9
2007-12-07,1,viernes,julio,2011,10492.0
2007-12-08,4,lunes,julio,2011,10468.0
2007-12-09,5,martes,julio,2011,10330.1
2007-12-10,6,miércoles,julio,2011,10204.5
2007-12-11,7,jueves,julio,2011,10196.2
2007-12-12,8,viernes,julio,2011,9938.2
2007-12-13,11,lunes,julio,2011,9670.6
2007-12-14,12,martes,julio,2011,9603.4
2007-12-15,13,miércoles,julio,2011,9666.9
2007-12-16,14,jueves,julio,2011,9598.6
2007-12-17,15,viernes,julio,2011,9484.2
2007-12-18,18,lunes,julio,2011,9347.8
2007-12-19,19,martes,julio,2011,9443.8
2007-12-20,20,miércoles,julio,2011,9732.8
2007-12-21,21,jueves,julio,2011,10017.6
2007-12-22,22,viernes,julio,2011,10059.3
2007-12-23,25,lunes,julio,2011,9866.2
2007-12-24,26,martes,julio,2011,9833.4
2007-12-25,27,miércoles,julio,2011,9643.3
2007-12-26,28,jueves,julio,2011,9657.0
2007-12-27,29,viernes,julio,2011,9630.7
2007-12-28,1,lunes,agosto,2011,9318.2
2007-12-29,2,martes,agosto,2011,9114.9
2007-12-30,3,miércoles,agosto,2011,9037.7
2007-12-31,4,jueves,agosto,2011,8686.5
2008-01-01,5,viernes,agosto,2011,8671.2
2008-01-02,8,lunes,agosto,2011,8459.4
2008-01-03,9,martes,agosto,2011,8428.9
2008-01-04,10,miércoles,agosto,2011,7966.0
2008-01-05,11,jueves,agosto,2011,8249.4
2008-01-06,12,viernes,agosto,2011,8647.3
2008-01-07,15,lunes,agosto,2011,8709.0
2008-01-08,16,martes,agosto,2011,8674.3
2008-01-09,17,miércoles,agosto,2011,8728.2
2008-01-10,18,jueves,agosto,2011,8317.7
2008-01-11,19,viernes,agosto,2011,8141.9
2008-01-12,22,lunes,agosto,2011,8293.9
2008-01-13,23,martes,agosto,2011,8279.8
2008-01-14,24,miércoles,agosto,2011,8369.1
2008-01-15,25,jueves,agosto,2011,8299.1
2008-01-16,26,viernes,agosto,2011,8185.5
2008-01-17,29,lunes,agosto,2011,8395.0
2008-01-18,30,martes,agosto,2011,8444.8
2008-01-19,31,miércoles,agosto,2011,8718.6
2008-01-20,1,jueves,septiembre,2011,8761.1
2008-01-21,2,viernes,septiembre,2011,8463.5
2008-01-22,5,lunes,septiembre,2011,8066.5
2008-01-23,6,martes,septiembre,2011,7936.4
2008-01-24,7,miércoles,septiembre,2011,8156.6
2008-01-25,8,jueves,septiembre,2011,8277.8
2008-01-26,9,viernes,septiembre,2011,7910.2
2008-01-27,12,lunes,septiembre,2011,7640.7
2008-01-28,13,martes,septiembre,2011,7834.2
2008-01-29,14,miércoles,septiembre,2011,8045.7
2008-01-30,15,jueves,septiembre,2011,8337.9
2008-01-31,16,viernes,septiembre,2011,8388.4
2008-02-01,19,lunes,septiembre,2011,8222.7
2008-02-02,20,martes,septiembre,2011,8362.2
2008-02-03,21,miércoles,septiembre,2011,8210.3
2008-02-04,22,jueves,septiembre,2011,7830.8
2008-02-05,23,viernes,septiembre,2011,7996.9
2008-02-06,26,lunes,septiembre,2011,8201.7
2008-02-07,27,martes,septiembre,2011,8531.9
2008-02-08,28,miércoles,septiembre,2011,8480.2
2008-02-09,29,jueves,septiembre,2011,8592.5
2008-02-10,30,viernes,septiembre,2011,8546.6
2008-02-11,3,lunes,octubre,2011,8353.8
2008-02-12,4,martes,octubre,2011,8225.4
2008-02-13,5,miércoles,octubre,2011,8477.3
2008-02-14,6,jueves,octubre,2011,8704.8
2008-02-15,7,viernes,octubre,2011,8798.4
2008-02-16,10,lunes,octubre,2011,8892.4
2008-02-17,11,martes,octubre,2011,8845.5
2008-02-18,12,miércoles,octubre,2011,9026.5
2008-02-19,13,jueves,octubre,2011,8943.5
2008-02-20,14,viernes,octubre,2011,8975.5
2008-02-21,17,lunes,octubre,2011,8864.3
2008-02-22,18,martes,octubre,2011,8811.3
2008-02-23,19,miércoles,octubre,2011,8849.5
2008-02-24,20,jueves,octubre,2011,8608.2
2008-02-25,21,viernes,octubre,2011,8853.0
2008-02-26,24,lunes,octubre,2011,8957.1
2008-02-27,25,martes,octubre,2011,8879.6
2008-02-28,26,miércoles,octubre,2011,8832.5
2008-02-29,27,jueves,octubre,2011,9270.5
2008-03-01,28,viernes,octubre,2011,9224.4
2008-03-02,31,lunes,octubre,2011,8954.9
2008-03-03,1,martes,noviembre,2011,8579.6
2008-03-04,2,miércoles,noviembre,2011,8574.5
2008-03-05,3,jueves,noviembre,2011,8712.6
2008-03-06,4,viernes,noviembre,2011,8596.4
2008-03-07,7,lunes,noviembre,2011,8476.4
2008-03-08,8,martes,noviembre,2011,8518.5
2008-03-09,9,miércoles,noviembre,2011,8340.6
2008-03-10,10,jueves,noviembre,2011,8310.9
2008-03-11,11,viernes,noviembre,2011,8556.1
2008-03-12,14,lunes,noviembre,2011,8372.2
2008-03-13,15,martes,noviembre,2011,8237.6
2008-03-14,16,miércoles,noviembre,2011,8304.1
2008-03-15,17,jueves,noviembre,2011,8270.6
2008-03-16,18,viernes,noviembre,2011,8310.1
2008-03-17,21,lunes,noviembre,2011,8021.0
2008-03-18,22,martes,noviembre,2011,7904.9
2008-03-19,23,miércoles,noviembre,2011,7739.3
2008-03-20,24,jueves,noviembre,2011,7721.8
2008-03-21,25,viernes,noviembre,2011,7763.5
2008-03-22,28,lunes,noviembre,2011,8119.9
2008-03-23,29,martes,noviembre,2011,8128.0
2008-03-24,30,miércoles,noviembre,2011,8449.5
2008-03-25,1,jueves,diciembre,2011,8421.0
2008-03-26,2,viernes,diciembre,2011,8558.6
2008-03-27,5,lunes,diciembre,2011,8705.8
2008-03-28,6,martes,diciembre,2011,8712.8
2008-03-29,7,miércoles,diciembre,2011,8644.3
2008-03-30,8,jueves,diciembre,2011,8461.2
2008-03-31,9,viernes,diciembre,2011,8649.7
2008-04-01,12,lunes,diciembre,2011,8381.0
2008-04-02,13,martes,diciembre,2011,8327.8
2008-04-03,14,miércoles,diciembre,2011,8182.0
2008-04-04,15,jueves,diciembre,2011,8250.4
2008-04-05,16,viernes,diciembre,2011,8203.4
2008-04-06,19,lunes,diciembre,2011,8253.0
2008-04-07,20,martes,diciembre,2011,8454.4
2008-04-08,21,miércoles,diciembre,2011,8378.4
2008-04-09,22,jueves,diciembre,2011,8462.9
2008-04-10,23,viernes,diciembre,2011,8542.7
2008-04-12,27,martes,diciembre,2011,8529.6
2008-04-13,28,miércoles,diciembre,2011,8358.4
2008-04-14,29,jueves,diciembre,2011,8487.9
2008-04-15,30,viernes,diciembre,2011,8566.3
2008-04-16,2,lunes,enero,2012,8723.8
2008-04-17,3,martes,enero,2012,8732.4
2008-04-18,4,miércoles,enero,2012,8581.8
2008-04-19,5,jueves,enero,2012,8329.6
2008-04-20,6,viernes,enero,2012,8289.1
2008-04-21,9,lunes,enero,2012,8278.9
2008-04-22,10,martes,enero,2012,8472.9
2008-04-23,11,miércoles,enero,2012,8426.8
2008-04-24,12,jueves,enero,2012,8427.0
2008-04-25,13,viernes,enero,2012,8450.6
2008-04-26,16,lunes,enero,2012,8449.6
2008-04-27,17,martes,enero,2012,8535.3
2008-04-28,18,miércoles,enero,2012,8420.7
2008-04-29,19,jueves,enero,2012,8603.8
2008-04-30,20,viernes,enero,2012,8561.9
2008-05-01,23,lunes,enero,2012,8619.6
2008-05-02,24,martes,enero,2012,8591.4
2008-05-03,25,miércoles,enero,2012,8555.4
2008-05-04,26,jueves,enero,2012,8713.8
2008-05-05,27,viernes,enero,2012,8657.3
2008-05-06,30,lunes,enero,2012,8517.0
2008-05-07,31,martes,enero,2012,8509.2
2008-05-08,1,miércoles,febrero,2012,8696.6
2008-05-09,2,jueves,febrero,2012,8772.3
2008-05-10,3,viernes,febrero,2012,8861.2
2008-05-11,6,lunes,febrero,2012,8835.3
2008-05-12,7,martes,febrero,2012,8846.9
2008-05-13,8,miércoles,febrero,2012,8849.3
2008-05-14,9,jueves,febrero,2012,8902.1
2008-05-15,10,viernes,febrero,2012,8797.1
2008-05-16,13,lunes,febrero,2012,8788.3
2008-05-17,14,martes,febrero,2012,8771.9
2008-05-18,15,miércoles,febrero,2012,8741.6
2008-05-19,16,jueves,febrero,2012,8558.1
2008-05-20,17,viernes,febrero,2012,8657.0
2008-05-21,20,lunes,febrero,2012,8818.1
2008-05-22,21,martes,febrero,2012,8767.1
2008-05-23,22,miércoles,febrero,2012,8657.0
2008-05-24,23,jueves,febrero,2012,8527.7
2008-05-25,24,viernes,febrero,2012,8527.7
2008-05-26,27,lunes,febrero,2012,8537.2
2008-05-27,28,martes,febrero,2012,8526.7
2008-05-28,29,miércoles,febrero,2012,8465.9
2008-05-29,1,jueves,marzo,2012,8547.7
2008-05-30,2,viernes,marzo,2012,8563.4
2008-05-31,5,lunes,marzo,2012,8453.5
2008-06-01,6,martes,marzo,2012,8166.6
2008-06-02,7,miércoles,marzo,2012,8161.8
2008-06-03,8,jueves,marzo,2012,8307.4
2008-06-04,9,viernes,marzo,2012,8282.7
2008-06-05,12,lunes,marzo,2012,8180.2
2008-06-06,13,martes,marzo,2012,8376.8
2008-06-07,14,miércoles,marzo,2012,8391.1
2008-06-08,15,jueves,marzo,2012,8426.7
2008-06-09,16,viernes,marzo,2012,8486.3
2008-06-10,19,lunes,marzo,2012,8591.8
2008-06-11,20,martes,marzo,2012,8567.5
2008-06-12,21,miércoles,marzo,2012,8490.9
2008-06-13,22,jueves,marzo,2012,8353.6
2008-06-14,23,viernes,marzo,2012,8281.8
2008-06-15,26,lunes,marzo,2012,8224.7
2008-06-16,27,martes,marzo,2012,8140.3
2008-06-17,28,miércoles,marzo,2012,7980.8
2008-06-18,29,jueves,marzo,2012,7911.0
2008-06-19,30,viernes,marzo,2012,8008.0
2008-06-20,2,lunes,abril,2012,8042.8
2008-06-21,3,martes,abril,2012,7824.5
2008-06-22,4,miércoles,abril,2012,7660.7
2008-06-23,5,jueves,abril,2012,7660.5
2008-06-26,10,martes,abril,2012,7433.6
2008-06-27,11,miércoles,abril,2012,7576.7
2008-06-28,12,jueves,abril,2012,7520.0
2008-06-29,13,viernes,abril,2012,7250.6
2008-06-30,16,lunes,abril,2012,7209.1
2008-07-01,17,martes,abril,2012,7373.3
2008-07-02,18,miércoles,abril,2012,7079.2
2008-07-03,19,jueves,abril,2012,6908.1
2008-07-04,20,viernes,abril,2012,7040.6
2008-07-05,23,lunes,abril,2012,6846.6
2008-07-06,24,martes,abril,2012,6999.9
2008-07-07,25,miércoles,abril,2012,7118.9
2008-07-08,26,jueves,abril,2012,7027.1
2008-07-09,27,viernes,abril,2012,7145.8
2008-07-10,30,lunes,abril,2012,7011.0
2008-07-12,2,miércoles,mayo,2012,6831.9
2008-07-13,3,jueves,mayo,2012,6851.9
2008-07-14,4,viernes,mayo,2012,6876.0
2008-07-15,7,lunes,mayo,2012,7063.2
2008-07-16,8,martes,mayo,2012,7006.9
2008-07-17,9,miércoles,mayo,2012,6812.7
2008-07-18,10,jueves,mayo,2012,7045.7
2008-07-19,11,viernes,mayo,2012,6995.6
2008-07-20,14,lunes,mayo,2012,6809.4
2008-07-21,15,martes,mayo,2012,6700.7
2008-07-22,16,miércoles,mayo,2012,6611.5
2008-07-23,17,jueves,mayo,2012,6537.9
2008-07-24,18,viernes,mayo,2012,6566.7
2008-07-25,21,lunes,mayo,2012,6524.0
2008-07-26,22,martes,mayo,2012,6661.3
2008-07-27,23,miércoles,mayo,2012,6440.5
2008-07-28,24,jueves,mayo,2012,6534.4
2008-07-29,25,viernes,mayo,2012,6543.0
2008-07-30,28,lunes,mayo,2012,6401.2
2008-07-31,29,martes,mayo,2012,6251.7
2008-08-01,30,miércoles,mayo,2012,6090.4
2008-08-02,31,jueves,mayo,2012,6089.8
2008-08-03,1,viernes,junio,2012,6065.0
2008-08-04,4,lunes,junio,2012,6239.5
2008-08-05,5,martes,junio,2012,6267.8
2008-08-06,6,miércoles,junio,2012,6418.9
2008-08-07,7,jueves,junio,2012,6438.1
2008-08-08,8,viernes,junio,2012,6552.0
2008-08-09,11,lunes,junio,2012,6516.4
2008-08-10,12,martes,junio,2012,6522.5
2008-08-11,13,miércoles,junio,2012,6615.3
2008-08-12,14,jueves,junio,2012,6696.0
2008-08-13,15,viernes,junio,2012,6719.0
2008-08-14,18,lunes,junio,2012,6519.9
2008-08-15,19,martes,junio,2012,6693.9
2008-08-16,20,miércoles,junio,2012,6796.1
2008-08-17,21,jueves,junio,2012,6773.5
2008-08-18,22,viernes,junio,2012,6876.3
2008-08-19,25,lunes,junio,2012,6624.0
2008-08-20,26,martes,junio,2012,6528.4
2008-08-21,27,miércoles,junio,2012,6666.9
2008-08-22,28,jueves,junio,2012,6721.7
2008-08-23,29,viernes,junio,2012,7102.2
2008-08-24,2,lunes,julio,2012,7124.0
2008-08-25,3,martes,julio,2012,7219.5
2008-08-26,4,miércoles,julio,2012,7168.5
2008-08-27,5,jueves,julio,2012,6954.2
2008-08-28,6,viernes,julio,2012,6738.9
2008-08-29,9,lunes,julio,2012,6688.3
2008-08-30,10,martes,julio,2012,6726.9
2008-08-31,11,miércoles,julio,2012,6805.9
2008-09-01,12,jueves,julio,2012,6630.1
2008-09-02,13,viernes,julio,2012,6664.6
2008-09-03,16,lunes,julio,2012,6532.1
2008-09-04,17,martes,julio,2012,6558.2
2008-09-05,18,miércoles,julio,2012,6591.2
2008-09-06,19,jueves,julio,2012,6632.6
2008-09-07,20,viernes,julio,2012,6246.3
2008-09-08,23,lunes,julio,2012,6177.4
2008-09-09,24,martes,julio,2012,5956.3
2008-09-10,25,miércoles,julio,2012,6004.9
2008-09-11,26,jueves,julio,2012,6368.8
2008-09-12,27,viernes,julio,2012,6617.6
2008-09-13,30,lunes,julio,2012,6801.8
2008-09-14,31,martes,julio,2012,6738.1
2008-09-15,1,miércoles,agosto,2012,6720.0
2008-09-16,2,jueves,agosto,2012,6373.4
2008-09-17,3,viernes,agosto,2012,6755.7
2008-09-18,6,lunes,agosto,2012,7053.6
2008-09-19,7,martes,agosto,2012,7211.1
2008-09-20,8,miércoles,agosto,2012,7150.2
2008-09-21,9,jueves,agosto,2012,7110.2
2008-09-22,10,viernes,agosto,2012,7047.7
2008-09-23,13,lunes,agosto,2012,7069.6
2008-09-24,14,martes,agosto,2012,7124.8
2008-09-25,15,miércoles,agosto,2012,7128.9
2008-09-26,16,jueves,agosto,2012,7417.3
2008-09-27,17,viernes,agosto,2012,7561.0
2008-09-28,20,lunes,agosto,2012,7469.6
2008-09-29,21,martes,agosto,2012,7544.5
2008-09-30,22,miércoles,agosto,2012,7340.7
2008-10-01,23,jueves,agosto,2012,7282.9
2008-10-02,24,viernes,agosto,2012,7310.3
2008-10-03,27,lunes,agosto,2012,7398.9
2008-10-04,28,martes,agosto,2012,7333.5
2008-10-05,29,miércoles,agosto,2012,7306.0
2008-10-06,30,jueves,agosto,2012,7195.0
2008-10-07,31,viernes,agosto,2012,7420.5
2008-10-08,3,lunes,septiembre,2012,7434.2
2008-10-09,4,martes,septiembre,2012,7488.2
2008-10-10,5,miércoles,septiembre,2012,7494.0
2008-10-11,6,jueves,septiembre,2012,7862.0
2008-10-12,7,viernes,septiembre,2012,7882.8
2008-10-13,10,lunes,septiembre,2012,7857.7
2008-10-14,11,martes,septiembre,2012,7930.4
2008-10-15,12,miércoles,septiembre,2012,7992.1
2008-10-16,13,jueves,septiembre,2012,7935.9
2008-10-17,14,viernes,septiembre,2012,8154.5
2008-10-18,17,lunes,septiembre,2012,8148.0
2008-10-19,18,martes,septiembre,2012,8058.3
2008-10-20,19,miércoles,septiembre,2012,8098.8
2008-10-21,20,jueves,septiembre,2012,8022.1
2008-10-22,21,viernes,septiembre,2012,8230.7
2008-10-23,24,lunes,septiembre,2012,8138.4
2008-10-24,25,martes,septiembre,2012,8175.0
2008-10-25,26,miércoles,septiembre,2012,7854.4
2008-10-26,27,jueves,septiembre,2012,7842.3
2008-10-27,28,viernes,septiembre,2012,7708.5
2008-10-28,1,lunes,octubre,2012,7784.1
2008-10-29,2,martes,octubre,2012,7867.1
2008-10-30,3,miércoles,octubre,2012,7826.7
2008-10-31,4,jueves,octubre,2012,7812.8
2008-11-01,5,viernes,octubre,2012,7954.4
2008-11-02,8,lunes,octubre,2012,7891.0
2008-11-03,9,martes,octubre,2012,7745.4
2008-11-04,10,miércoles,octubre,2012,7668.0
2008-11-05,11,jueves,octubre,2012,7734.7
2008-11-06,12,viernes,octubre,2012,7652.4
2008-11-07,15,lunes,octubre,2012,7678.5
2008-11-08,16,martes,octubre,2012,7940.2
2008-11-09,17,miércoles,octubre,2012,8128.2
2008-11-10,18,jueves,octubre,2012,8100.3
2008-11-11,19,viernes,octubre,2012,7913.4
2008-11-12,22,lunes,octubre,2012,7877.1
2008-11-13,23,martes,octubre,2012,7747.7
2008-11-14,24,miércoles,octubre,2012,7791.5
2008-11-15,25,jueves,octubre,2012,7779.2
2008-11-16,26,viernes,octubre,2012,7775.6
2008-11-17,29,lunes,octubre,2012,7728.6
2008-11-18,30,martes,octubre,2012,7833.9
2008-11-19,31,miércoles,octubre,2012,7842.9
2008-11-20,1,jueves,noviembre,2012,7886.4
2008-11-21,2,viernes,noviembre,2012,7968.9
2008-11-22,5,lunes,noviembre,2012,7818.6
2008-11-23,6,martes,noviembre,2012,7837.6
2008-11-24,7,miércoles,noviembre,2012,7660.7
2008-11-25,8,jueves,noviembre,2012,7624.1
2008-11-26,9,viernes,noviembre,2012,7636.6
2008-11-27,12,lunes,noviembre,2012,7567.8
2008-11-28,13,martes,noviembre,2012,7693.4
2008-11-29,14,miércoles,noviembre,2012,7673.0
2008-11-30,15,jueves,noviembre,2012,7695.5
2008-12-01,16,viernes,noviembre,2012,7588.2
2008-12-02,19,lunes,noviembre,2012,7763.8
2008-12-03,20,martes,noviembre,2012,7778.7
2008-12-04,21,miércoles,noviembre,2012,7805.4
2008-12-05,22,jueves,noviembre,2012,7875.6
2008-12-06,23,viernes,noviembre,2012,7909.6
2008-12-07,26,lunes,noviembre,2012,7874.8
2008-12-08,27,martes,noviembre,2012,7863.7
2008-12-09,28,miércoles,noviembre,2012,7837.6
2008-12-10,29,jueves,noviembre,2012,7973.7
2008-12-11,30,viernes,noviembre,2012,7934.6
2008-12-12,3,lunes,diciembre,2012,7889.2
2008-12-13,4,martes,diciembre,2012,7902.4
2008-12-14,5,miércoles,diciembre,2012,7883.2
2008-12-15,6,jueves,diciembre,2012,7910.8
2008-12-16,7,viernes,diciembre,2012,7848.5
2008-12-17,10,lunes,diciembre,2012,7804.4
2008-12-18,11,martes,diciembre,2012,7920.9
2008-12-19,12,miércoles,diciembre,2012,7986.8
2008-12-20,13,jueves,diciembre,2012,8017.1
2008-12-21,14,viernes,diciembre,2012,8024.1
2008-12-22,17,lunes,diciembre,2012,8040.3
2008-12-23,18,martes,diciembre,2012,8168.8
2008-12-24,19,miércoles,diciembre,2012,8264.2
2008-12-25,20,jueves,diciembre,2012,8264.2
2008-12-26,21,viernes,diciembre,2012,8291.0
2008-12-27,24,lunes,diciembre,2012,8299.5
2008-12-30,27,jueves,diciembre,2012,8280.9
2008-12-31,28,viernes,diciembre,2012,8131.0
2009-01-01,31,lunes,diciembre,2012,8167.5
2009-01-03,2,miércoles,enero,2013,8447.6
2009-01-04,3,jueves,enero,2013,8403.4
2009-01-05,4,viernes,enero,2013,8435.8
2009-01-06,7,lunes,enero,2013,8419.0
2009-01-07,8,martes,enero,2013,8453.0
2009-01-08,9,miércoles,enero,2013,8606.4
2009-01-09,10,jueves,enero,2013,8618.9
2009-01-10,11,viernes,enero,2013,8664.7
2009-01-11,14,lunes,enero,2013,8632.1
2009-01-12,15,martes,enero,2013,8601.0
2009-01-13,16,miércoles,enero,2013,8581.1
2009-01-14,17,jueves,enero,2013,8628.9
2009-01-15,18,viernes,enero,2013,8604.0
2009-01-16,21,lunes,enero,2013,8665.9
2009-01-17,22,martes,enero,2013,8632.1
2009-01-18,23,miércoles,enero,2013,8613.3
2009-01-19,24,jueves,enero,2013,8665.6
2009-01-20,25,viernes,enero,2013,8724.6
2009-01-21,28,lunes,enero,2013,8672.5
2009-01-22,29,martes,enero,2013,8643.0
2009-01-23,30,miércoles,enero,2013,8571.9
2009-01-24,31,jueves,enero,2013,8362.3
2009-01-25,1,viernes,febrero,2013,8229.7
2009-01-26,4,lunes,febrero,2013,7919.6
2009-01-27,5,martes,febrero,2013,8093.6
2009-01-28,6,miércoles,febrero,2013,8056.2
2009-01-29,7,jueves,febrero,2013,8014.6
2009-01-30,8,viernes,febrero,2013,8174.9
2009-01-31,11,lunes,febrero,2013,8078.6
2009-02-01,12,martes,febrero,2013,8234.7
2009-02-02,13,miércoles,febrero,2013,8306.2
2009-02-03,14,jueves,febrero,2013,8247.4
2009-02-04,15,viernes,febrero,2013,8150.2
2009-02-05,18,lunes,febrero,2013,8108.9
2009-02-06,19,martes,febrero,2013,8225.3
2009-02-07,20,miércoles,febrero,2013,8163.0
2009-02-08,21,jueves,febrero,2013,8014.5
2009-02-09,22,viernes,febrero,2013,8179.0
2009-02-10,25,lunes,febrero,2013,8244.5
2009-02-11,26,martes,febrero,2013,7980.7
2009-02-12,27,miércoles,febrero,2013,8136.7
2009-02-13,28,jueves,febrero,2013,8230.3
2009-02-14,1,viernes,marzo,2013,8187.1
2009-02-15,4,lunes,marzo,2013,8246.3
2009-02-16,5,martes,marzo,2013,8423.3
2009-02-17,6,miércoles,marzo,2013,8358.9
2009-02-18,7,jueves,marzo,2013,8389.1
2009-02-19,8,viernes,marzo,2013,8628.1
2009-02-20,11,lunes,marzo,2013,8554.4
2009-02-21,12,martes,marzo,2013,8532.3
2009-02-22,13,miércoles,marzo,2013,8498.3
2009-02-23,14,jueves,marzo,2013,8657.9
2009-02-24,15,viernes,marzo,2013,8619.1
2009-02-25,18,lunes,marzo,2013,8507.8
2009-02-26,19,martes,marzo,2013,8321.0
2009-02-27,20,miércoles,marzo,2013,8416.3
2009-02-28,21,jueves,marzo,2013,8351.2
2009-03-01,22,viernes,marzo,2013,8329.5
2009-03-02,25,lunes,marzo,2013,8140.6
2009-03-03,26,martes,marzo,2013,7990.5
2009-03-04,27,miércoles,marzo,2013,7900.4
2009-03-05,28,jueves,marzo,2013,7920.0
2009-03-08,2,martes,abril,2013,8050.4
2009-03-09,3,miércoles,abril,2013,7904.3
2009-03-10,4,jueves,abril,2013,7847.9
2009-03-11,5,viernes,abril,2013,7798.4
2009-03-12,8,lunes,abril,2013,7787.1
2009-03-13,9,martes,abril,2013,7872.5
2009-03-14,10,miércoles,abril,2013,8136.4
2009-03-15,11,jueves,abril,2013,8159.5
2009-03-16,12,viernes,abril,2013,8040.4
2009-03-17,15,lunes,abril,2013,8014.1
2009-03-18,16,martes,abril,2013,7948.7
2009-03-19,17,miércoles,abril,2013,7803.0
2009-03-20,18,jueves,abril,2013,7812.5
2009-03-21,19,viernes,abril,2013,7915.5
2009-03-22,22,lunes,abril,2013,8027.7
2009-03-23,23,martes,abril,2013,8289.3
2009-03-24,24,miércoles,abril,2013,8389.3
2009-03-25,25,jueves,abril,2013,8365.1
2009-03-26,26,viernes,abril,2013,8297.0
2009-03-27,29,lunes,abril,2013,8450.9
2009-03-28,30,martes,abril,2013,8419.0
2009-03-30,2,jueves,mayo,2013,8406.4
2009-03-31,3,viernes,mayo,2013,8544.8
2009-04-01,6,lunes,mayo,2013,8503.8
2009-04-02,7,martes,mayo,2013,8544.0
2009-04-03,8,miércoles,mayo,2013,8597.0
2009-04-04,9,jueves,mayo,2013,8572.7
2009-04-05,10,viernes,mayo,2013,8544.5
2009-04-06,13,lunes,mayo,2013,8457.8
2009-04-07,14,martes,mayo,2013,8474.6
2009-04-08,15,miércoles,mayo,2013,8582.5
2009-04-09,16,jueves,mayo,2013,8542.3
2009-04-10,17,viernes,mayo,2013,8582.4
2009-04-11,20,lunes,mayo,2013,8515.2
2009-04-12,21,martes,mayo,2013,8464.5
2009-04-13,22,miércoles,mayo,2013,8462.4
2009-04-14,23,jueves,mayo,2013,8343.6
2009-04-15,24,viernes,mayo,2013,8264.6
2009-04-16,27,lunes,mayo,2013,8363.6
2009-04-17,28,martes,mayo,2013,8511.3
2009-04-18,29,miércoles,mayo,2013,8441.7
2009-04-19,30,jueves,mayo,2013,8433.5
2009-04-20,31,viernes,mayo,2013,8320.6
2009-04-21,3,lunes,junio,2013,8284.4
2009-04-22,4,martes,junio,2013,8363.0
2009-04-23,5,miércoles,junio,2013,8290.7
2009-04-24,6,jueves,junio,2013,8216.7
2009-04-25,7,viernes,junio,2013,8266.6
2009-04-26,10,lunes,junio,2013,8227.4
2009-04-27,11,martes,junio,2013,8089.3
2009-04-28,12,miércoles,junio,2013,8123.8
2009-04-29,13,jueves,junio,2013,8071.7
2009-04-30,14,viernes,junio,2013,8070.9
2009-05-01,17,lunes,junio,2013,8136.3
2009-05-02,18,martes,junio,2013,8180.2
2009-05-03,19,miércoles,junio,2013,8098.3
2009-05-04,20,jueves,junio,2013,7822.1
2009-05-05,21,viernes,junio,2013,7700.2
2009-05-06,24,lunes,junio,2013,7553.2
2009-05-07,25,martes,junio,2013,7607.7
2009-05-08,26,miércoles,junio,2013,7823.0
2009-05-09,27,jueves,junio,2013,7844.4
2009-05-10,28,viernes,junio,2013,7762.7
2009-05-11,1,lunes,julio,2013,7907.1
2009-05-12,2,martes,julio,2013,7886.6
2009-05-13,3,miércoles,julio,2013,7763.8
2009-05-14,4,jueves,julio,2013,8002.0
2009-05-15,5,viernes,julio,2013,7868.4
2009-05-16,8,lunes,julio,2013,8017.6
2009-05-17,9,martes,julio,2013,8014.8
2009-05-18,10,miércoles,julio,2013,7995.0
2009-05-19,11,jueves,julio,2013,8030.7
2009-05-20,12,viernes,julio,2013,7844.7
2009-05-21,15,lunes,julio,2013,7855.1
2009-05-22,16,martes,julio,2013,7798.2
2009-05-23,17,miércoles,julio,2013,7812.7
2009-05-24,18,jueves,julio,2013,7957.3
2009-05-25,19,viernes,julio,2013,7943.2
2009-05-26,22,lunes,julio,2013,7966.0
2009-05-27,23,martes,julio,2013,8073.7
2009-05-28,24,miércoles,julio,2013,8192.5
2009-05-29,25,jueves,julio,2013,8282.1
2009-05-30,26,viernes,julio,2013,8353.6
2009-05-31,29,lunes,julio,2013,8376.1
2009-06-01,30,martes,julio,2013,8456.5
2009-06-02,31,miércoles,julio,2013,8433.4
2009-06-03,1,jueves,agosto,2013,8540.2
2009-06-04,2,viernes,agosto,2013,8574.0
2009-06-05,5,lunes,agosto,2013,8560.8
2009-06-06,6,martes,agosto,2013,8529.5
2009-06-07,7,miércoles,agosto,2013,8574.1
2009-06-08,8,jueves,agosto,2013,8671.8
2009-06-09,9,viernes,agosto,2013,8735.5
2009-06-10,12,lunes,agosto,2013,8717.7
2009-06-11,13,martes,agosto,2013,8758.5
2009-06-12,14,miércoles,agosto,2013,8789.3
2009-06-13,15,jueves,agosto,2013,8737.6
2009-06-14,16,viernes,agosto,2013,8821.3
2009-06-15,19,lunes,agosto,2013,8657.1
2009-06-16,20,martes,agosto,2013,8502.4
2009-06-17,21,miércoles,agosto,2013,8461.8
2009-06-18,22,jueves,agosto,2013,8629.7
2009-06-19,23,viernes,agosto,2013,8686.8
2009-06-20,26,lunes,agosto,2013,8649.9
2009-06-21,27,martes,agosto,2013,8394.0
2009-06-22,28,miércoles,agosto,2013,8398.1
2009-06-23,29,jueves,agosto,2013,8432.1
2009-06-24,30,viernes,agosto,2013,8290.5
2009-06-25,2,lunes,septiembre,2013,8429.6
2009-06-26,3,martes,septiembre,2013,8445.2
2009-06-27,4,miércoles,septiembre,2013,8490.3
2009-06-28,5,jueves,septiembre,2013,8550.0
2009-06-29,6,viernes,septiembre,2013,8655.0
2009-06-30,9,lunes,septiembre,2013,8632.5
2009-07-01,10,martes,septiembre,2013,8801.6
2009-07-02,11,miércoles,septiembre,2013,8875.2
2009-07-03,12,jueves,septiembre,2013,8924.2
2009-07-04,13,viernes,septiembre,2013,8941.6
2009-07-05,16,lunes,septiembre,2013,8999.5
2009-07-06,17,martes,septiembre,2013,8992.0
2009-07-07,18,miércoles,septiembre,2013,9062.5
2009-07-08,19,jueves,septiembre,2013,9153.7
2009-07-09,20,viernes,septiembre,2013,9171.8
2009-07-10,23,lunes,septiembre,2013,9109.5
2009-07-11,24,martes,septiembre,2013,9167.6
2009-07-12,25,miércoles,septiembre,2013,9242.9
2009-07-13,26,jueves,septiembre,2013,9272.4
2009-07-14,27,viernes,septiembre,2013,9228.4
2009-07-15,30,lunes,septiembre,2013,9186.1
2009-07-16,1,martes,octubre,2013,9341.5
2009-07-17,2,miércoles,octubre,2013,9350.0
2009-07-18,3,jueves,octubre,2013,9295.7
2009-07-19,4,viernes,octubre,2013,9420.9
2009-07-20,7,lunes,octubre,2013,9381.9
2009-07-21,8,martes,octubre,2013,9318.9
2009-07-22,9,miércoles,octubre,2013,9439.0
2009-07-23,10,jueves,octubre,2013,9660.5
2009-07-24,11,viernes,octubre,2013,9668.5
2009-07-25,14,lunes,octubre,2013,9696.0
2009-07-26,15,martes,octubre,2013,9805.3
2009-07-27,16,miércoles,octubre,2013,9879.0
2009-07-28,17,jueves,octubre,2013,9918.0
2009-07-29,18,viernes,octubre,2013,10001.8
2009-07-30,21,lunes,octubre,2013,10037.8
2009-07-31,22,martes,octubre,2013,10012.9
2009-08-01,23,miércoles,octubre,2013,9828.3
2009-08-02,24,jueves,octubre,2013,9915.4
2009-08-03,25,viernes,octubre,2013,9815.5
2009-08-04,28,lunes,octubre,2013,9736.2
2009-08-05,29,martes,octubre,2013,9863.9
2009-08-06,30,miércoles,octubre,2013,9778.7
2009-08-07,31,jueves,octubre,2013,9907.9
2009-08-08,1,viernes,noviembre,2013,9838.3
2009-08-09,4,lunes,noviembre,2013,9873.8
2009-08-10,5,martes,noviembre,2013,9795.7
2009-08-11,6,miércoles,noviembre,2013,9837.1
2009-08-12,7,jueves,noviembre,2013,9740.4
2009-08-13,8,viernes,noviembre,2013,9747.2
2009-08-14,11,lunes,noviembre,2013,9789.5
2009-08-15,12,martes,noviembre,2013,9707.6
2009-08-16,13,miércoles,noviembre,2013,9675.2
2009-08-17,14,jueves,noviembre,2013,9708.7
2009-08-18,15,viernes,noviembre,2013,9695.9
2009-08-19,18,lunes,noviembre,2013,9783.1
2009-08-20,19,martes,noviembre,2013,9629.8
2009-08-21,20,miércoles,noviembre,2013,9559.5
2009-08-22,21,jueves,noviembre,2013,9599.3
2009-08-23,22,viernes,noviembre,2013,9677.4
2009-08-24,25,lunes,noviembre,2013,9689.1
2009-08-25,26,martes,noviembre,2013,9714.6
2009-08-26,27,miércoles,noviembre,2013,9808.4
2009-08-27,28,jueves,noviembre,2013,9859.8
2009-08-28,29,viernes,noviembre,2013,9837.6
2009-08-29,2,lunes,diciembre,2013,9745.5
2009-08-30,3,martes,diciembre,2013,9605.0
2009-08-31,4,miércoles,diciembre,2013,9540.5
2009-09-01,5,jueves,diciembre,2013,9392.1
2009-09-02,6,viernes,diciembre,2013,9400.5
2009-09-03,9,lunes,diciembre,2013,9487.4
2009-09-04,10,martes,diciembre,2013,9438.3
2009-09-05,11,miércoles,diciembre,2013,9358.7
2009-09-06,12,jueves,diciembre,2013,9272.1
2009-09-07,13,viernes,diciembre,2013,9272.7
2009-09-08,16,lunes,diciembre,2013,9429.5
2009-09-09,17,martes,diciembre,2013,9343.4
2009-09-10,18,miércoles,diciembre,2013,9443.6
2009-09-11,19,jueves,diciembre,2013,9664.3
2009-09-12,20,viernes,diciembre,2013,9689.9
2009-09-13,23,lunes,diciembre,2013,9758.4
2009-09-14,24,martes,diciembre,2013,9819.5
2009-09-17,27,viernes,diciembre,2013,9900.1
2009-09-18,30,lunes,diciembre,2013,9901.9
2009-09-19,31,martes,diciembre,2013,9916.7
2009-09-21,2,jueves,enero,2014,9760.3
2009-09-22,3,viernes,enero,2014,9798.0
2009-09-23,6,lunes,enero,2014,9888.5
2009-09-24,7,martes,enero,2014,10178.7
2009-09-25,8,miércoles,enero,2014,10253.6
2009-09-26,9,jueves,enero,2014,10234.2
2009-09-27,10,viernes,enero,2014,10290.6
2009-09-28,13,lunes,enero,2014,10365.5
2009-09-29,14,martes,enero,2014,10382.0
2009-09-30,15,miércoles,enero,2014,10525.0
2009-10-01,16,jueves,enero,2014,10455.5
2009-10-02,17,viernes,enero,2014,10465.7
2009-10-03,20,lunes,enero,2014,10454.1
2009-10-04,21,martes,enero,2014,10357.4
2009-10-05,22,miércoles,enero,2014,10279.7
2009-10-06,23,jueves,enero,2014,10241.2
2009-10-07,24,viernes,enero,2014,9868.9
2009-10-08,27,lunes,enero,2014,9758.4
2009-10-09,28,martes,enero,2014,9879.1
2009-10-10,29,miércoles,enero,2014,9896.2
2009-10-11,30,jueves,enero,2014,9964.5
2009-10-12,31,viernes,enero,2014,9920.2
2009-10-13,3,lunes,febrero,2014,9725.4
2009-10-14,4,martes,febrero,2014,9754.3
2009-10-15,5,miércoles,febrero,2014,9775.0
2009-10-16,6,jueves,febrero,2014,9964.6
2009-10-17,7,viernes,febrero,2014,10072.4
2009-10-18,10,lunes,febrero,2014,9982.7
2009-10-19,11,martes,febrero,2014,10091.2
2009-10-20,12,miércoles,febrero,2014,10080.8
2009-10-21,13,jueves,febrero,2014,10098.9
2009-10-22,14,viernes,febrero,2014,10132.8
2009-10-23,17,lunes,febrero,2014,10118.6
2009-10-24,18,martes,febrero,2014,10042.7
2009-10-25,19,miércoles,febrero,2014,10053.8
2009-10-26,20,jueves,febrero,2014,10062.2
2009-10-27,21,viernes,febrero,2014,10071.0
2009-10-28,24,lunes,febrero,2014,10193.1
2009-10-29,25,martes,febrero,2014,10242.5
2009-10-30,26,miércoles,febrero,2014,10224.3
2009-10-31,27,jueves,febrero,2014,10164.1
2009-11-01,28,viernes,febrero,2014,10114.2
2009-11-02,3,lunes,marzo,2014,9878.7
2009-11-03,4,martes,marzo,2014,10126.7
2009-11-04,5,miércoles,marzo,2014,10215.2
2009-11-05,6,jueves,marzo,2014,10304.0
2009-11-06,7,viernes,marzo,2014,10164.2
2009-11-07,10,lunes,marzo,2014,10194.6
2009-11-08,11,martes,marzo,2014,10163.3
2009-11-09,12,miércoles,marzo,2014,10070.4
2009-11-10,13,jueves,marzo,2014,9950.3
2009-11-11,14,viernes,marzo,2014,9812.0
2009-11-12,17,lunes,marzo,2014,9975.0
2009-11-13,18,martes,marzo,2014,10051.4
2009-11-14,19,miércoles,marzo,2014,10093.3
2009-11-15,20,jueves,marzo,2014,10079.9
2009-11-16,21,viernes,marzo,2014,10053.1
2009-11-17,24,lunes,marzo,2014,9913.1
2009-11-18,25,martes,marzo,2014,9990.5
2009-11-19,26,miércoles,marzo,2014,10140.8
2009-11-20,27,jueves,marzo,2014,10199.0
2009-11-21,28,viernes,marzo,2014,10328.9
2009-11-22,31,lunes,marzo,2014,10340.5
2009-11-23,1,martes,abril,2014,10463.1
2009-11-24,2,miércoles,abril,2014,10435.8
2009-11-25,3,jueves,abril,2014,10584.1
2009-11-26,4,viernes,abril,2014,10677.2
2009-11-27,7,lunes,abril,2014,10606.2
2009-11-28,8,martes,abril,2014,10480.5
2009-11-29,9,miércoles,abril,2014,10485.2
2009-11-30,10,jueves,abril,2014,10336.1
2009-12-01,11,viernes,abril,2014,10205.4
2009-12-02,14,lunes,abril,2014,10188.2
2009-12-03,15,martes,abril,2014,10103.5
2009-12-04,16,miércoles,abril,2014,10267.9
2009-12-05,17,jueves,abril,2014,10292.4
2009-12-08,22,martes,abril,2014,10437.8
2009-12-09,23,miércoles,abril,2014,10424.4
2009-12-10,24,jueves,abril,2014,10462.0
2009-12-11,25,viernes,abril,2014,10306.2
2009-12-12,28,lunes,abril,2014,10320.9
2009-12-13,29,martes,abril,2014,10461.0
2009-12-14,30,miércoles,abril,2014,10459.0
2009-12-16,2,viernes,mayo,2014,10474.5
2009-12-17,5,lunes,mayo,2014,10477.0
2009-12-18,6,martes,mayo,2014,10481.4
2009-12-19,7,miércoles,mayo,2014,10413.8
2009-12-20,8,jueves,mayo,2014,10591.2
2009-12-21,9,viernes,mayo,2014,10487.2
2009-12-22,12,lunes,mayo,2014,10567.0
2009-12-23,13,martes,mayo,2014,10587.2
2009-12-24,14,miércoles,mayo,2014,10613.9
2009-12-25,15,jueves,mayo,2014,10365.0
2009-12-26,16,viernes,mayo,2014,10478.7
2009-12-27,19,lunes,mayo,2014,10425.5
2009-12-28,20,martes,mayo,2014,10453.8
2009-12-29,21,miércoles,mayo,2014,10531.4
2009-12-30,22,jueves,mayo,2014,10520.6
2009-12-31,23,viernes,mayo,2014,10558.9
2010-01-01,26,lunes,mayo,2014,10687.5
2010-01-02,27,martes,mayo,2014,10714.2
2010-01-03,28,miércoles,mayo,2014,10757.2
2010-01-04,29,jueves,mayo,2014,10734.8
2010-01-05,30,viernes,mayo,2014,10798.7
2010-01-06,2,lunes,junio,2014,10827.4
2010-01-07,3,martes,junio,2014,10776.7
2010-01-08,4,miércoles,junio,2014,10755.6
2010-01-09,5,jueves,junio,2014,10876.4
2010-01-10,6,viernes,junio,2014,11064.3
2010-01-11,9,lunes,junio,2014,11164.1
2010-01-12,10,martes,junio,2014,11153.5
2010-01-13,11,miércoles,junio,2014,11074.9
2010-01-14,12,jueves,junio,2014,11088.5
2010-01-15,13,viernes,junio,2014,11113.7
2010-01-16,16,lunes,junio,2014,11008.2
2010-01-17,17,martes,junio,2014,11058.5
2010-01-18,18,miércoles,junio,2014,11112.3
2010-01-19,19,jueves,junio,2014,11187.8
2010-01-20,20,viernes,junio,2014,11155.1
2010-01-21,23,lunes,junio,2014,11118.3
2010-01-22,24,martes,junio,2014,11105.9
2010-01-23,25,miércoles,junio,2014,10966.7
2010-01-24,26,jueves,junio,2014,10989.0
2010-01-25,27,viernes,junio,2014,10959.9
2010-01-26,30,lunes,junio,2014,10923.5
2010-01-27,1,martes,julio,2014,11007.8
2010-01-28,2,miércoles,julio,2014,11016.2
2010-01-29,3,jueves,julio,2014,11090.0
2010-01-30,4,viernes,julio,2014,11009.4
2010-01-31,7,lunes,julio,2014,10888.5
2010-02-01,8,martes,julio,2014,10689.1
2010-02-02,9,miércoles,julio,2014,10746.9
2010-02-03,10,jueves,julio,2014,10533.6
2010-02-04,11,viernes,julio,2014,10538.8
2010-02-05,14,lunes,julio,2014,10606.3
2010-02-06,15,martes,julio,2014,10475.9
2010-02-07,16,miércoles,julio,2014,10668.4
2010-02-08,17,jueves,julio,2014,10543.3
2010-02-09,18,viernes,julio,2014,10527.0
2010-02-10,21,lunes,julio,2014,10482.0
2010-02-11,22,martes,julio,2014,10648.9
2010-02-12,23,miércoles,julio,2014,10659.1
2010-02-13,24,jueves,julio,2014,10860.7
2010-02-14,25,viernes,julio,2014,10888.1
2010-02-15,28,lunes,julio,2014,10879.8
2010-02-16,29,martes,julio,2014,10901.2
2010-02-17,30,miércoles,julio,2014,10937.4
2010-02-18,31,jueves,julio,2014,10707.2
2010-02-19,1,viernes,agosto,2014,10514.0
2010-02-20,4,lunes,agosto,2014,10496.2
2010-02-21,5,martes,agosto,2014,10353.8
2010-02-22,6,miércoles,agosto,2014,10246.2
2010-02-23,7,jueves,agosto,2014,10078.6
2010-02-24,8,viernes,agosto,2014,10104.8
2010-02-25,11,lunes,agosto,2014,10193.5
2010-02-26,12,martes,agosto,2014,10241.5
2010-02-27,13,miércoles,agosto,2014,10304.0
2010-02-28,14,jueves,agosto,2014,10294.8
2010-03-01,15,viernes,agosto,2014,10222.2
2010-03-02,18,lunes,agosto,2014,10353.4
2010-03-03,19,martes,agosto,2014,10386.5
2010-03-04,20,miércoles,agosto,2014,10420.9
2010-03-05,21,jueves,agosto,2014,10556.4
2010-03-06,22,viernes,agosto,2014,10500.2
2010-03-07,25,lunes,agosto,2014,10690.1
2010-03-08,26,martes,agosto,2014,10826.9
2010-03-09,27,miércoles,agosto,2014,10837.4
2010-03-10,28,jueves,agosto,2014,10722.2
2010-03-11,29,viernes,agosto,2014,10728.8
2010-03-12,1,lunes,septiembre,2014,10746.5
2010-03-13,2,martes,septiembre,2014,10755.0
2010-03-14,3,miércoles,septiembre,2014,10886.8
2010-03-15,4,jueves,septiembre,2014,11100.1
2010-03-16,5,viernes,septiembre,2014,11148.9
2010-03-17,8,lunes,septiembre,2014,11102.6
2010-03-18,9,martes,septiembre,2014,10951.6
2010-03-19,10,miércoles,septiembre,2014,10937.8
2010-03-20,11,jueves,septiembre,2014,10886.3
2010-03-21,12,viernes,septiembre,2014,10888.9
2010-03-22,15,lunes,septiembre,2014,10841.3
2010-03-23,16,martes,septiembre,2014,10798.7
2010-03-24,17,miércoles,septiembre,2014,10907.4
2010-03-25,18,jueves,septiembre,2014,10991.0
2010-03-26,19,viernes,septiembre,2014,11001.9
2010-03-27,22,lunes,septiembre,2014,10947.9
2010-03-28,23,martes,septiembre,2014,10801.8
2010-03-29,24,miércoles,septiembre,2014,10856.9
2010-03-30,25,jueves,septiembre,2014,10783.1
2010-03-31,26,viernes,septiembre,2014,10851.4
2010-04-01,29,lunes,septiembre,2014,10686.0
2010-04-02,30,martes,septiembre,2014,10825.5
2010-04-03,1,miércoles,octubre,2014,10753.2
2010-04-04,2,jueves,octubre,2014,10418.1
2010-04-05,3,viernes,octubre,2014,10567.6
2010-04-06,6,lunes,octubre,2014,10645.7
2010-04-07,7,martes,octubre,2014,10430.7
2010-04-08,8,miércoles,octubre,2014,10339.0
2010-04-09,9,jueves,octubre,2014,10273.7
2010-04-10,10,viernes,octubre,2014,10150.5
2010-04-11,13,lunes,octubre,2014,10187.3
2010-04-12,14,martes,octubre,2014,10204.9
2010-04-13,15,miércoles,octubre,2014,9838.5
2010-04-14,16,jueves,octubre,2014,9669.7
2010-04-15,17,viernes,octubre,2014,9956.8
2010-04-16,20,lunes,octubre,2014,9915.2
2010-04-17,21,martes,octubre,2014,10152.1
2010-04-18,22,miércoles,octubre,2014,10249.9
2010-04-19,23,jueves,octubre,2014,10333.7
2010-04-20,24,viernes,octubre,2014,10339.3
2010-04-21,27,lunes,octubre,2014,10195.2
2010-04-22,28,martes,octubre,2014,10394.8
2010-04-23,29,miércoles,octubre,2014,10247.8
2010-04-24,30,jueves,octubre,2014,10263.7
2010-04-25,31,viernes,octubre,2014,10477.8
2010-04-26,3,lunes,noviembre,2014,10374.4
2010-04-27,4,martes,noviembre,2014,10154.4
2010-04-28,5,miércoles,noviembre,2014,10276.9
2010-04-29,6,jueves,noviembre,2014,10261.8
2010-04-30,7,viernes,noviembre,2014,10126.3
2010-05-01,10,lunes,noviembre,2014,10273.0
2010-05-02,11,martes,noviembre,2014,10338.8
2010-05-03,12,miércoles,noviembre,2014,10157.3
2010-05-04,13,jueves,noviembre,2014,10140.4
2010-05-05,14,viernes,noviembre,2014,10148.0
2010-05-06,17,lunes,noviembre,2014,10309.0
2010-05-07,18,martes,noviembre,2014,10432.9
2010-05-08,19,miércoles,noviembre,2014,10376.8
2010-05-09,20,jueves,noviembre,2014,10209.2
2010-05-10,21,viernes,noviembre,2014,10520.8
2010-05-11,24,lunes,noviembre,2014,10642.5
2010-05-12,25,martes,noviembre,2014,10699.6
2010-05-13,26,miércoles,noviembre,2014,10647.0
2010-05-14,27,jueves,noviembre,2014,10727.6
2010-05-15,28,viernes,noviembre,2014,10770.7
2010-05-16,1,lunes,diciembre,2014,10672.8
2010-05-17,2,martes,diciembre,2014,10749.2
2010-05-18,3,miércoles,diciembre,2014,10875.9
2010-05-19,4,jueves,diciembre,2014,10619.9
2010-05-20,5,viernes,diciembre,2014,10900.7
2010-05-21,8,lunes,diciembre,2014,10805.2
2010-05-22,9,martes,diciembre,2014,10461.6
2010-05-23,10,miércoles,diciembre,2014,10396.9
2010-05-24,11,jueves,diciembre,2014,10431.8
2010-05-25,12,viernes,diciembre,2014,10145.0
2010-05-26,15,lunes,diciembre,2014,9903.9
2010-05-27,16,martes,diciembre,2014,10081.9
2010-05-28,17,miércoles,diciembre,2014,10049.5
2010-05-29,18,jueves,diciembre,2014,10391.3
2010-05-30,19,viernes,diciembre,2014,10363.6
2010-05-31,22,lunes,diciembre,2014,10371.0
2010-06-01,23,martes,diciembre,2014,10477.7
2010-06-02,24,miércoles,diciembre,2014,10481.8
2010-06-05,29,lunes,diciembre,2014,10394.2
2010-06-06,30,martes,diciembre,2014,10279.2
2010-06-07,31,miércoles,diciembre,2014,10279.5
2010-06-09,2,viernes,enero,2015,10350.8
2010-06-10,5,lunes,enero,2015,9993.3
2010-06-11,6,martes,enero,2015,9871.1
2010-06-12,7,miércoles,enero,2015,9891.4
2010-06-13,8,jueves,enero,2015,10115.0
2010-06-14,9,viernes,enero,2015,9719.0
2010-06-15,12,lunes,enero,2015,9797.5
2010-06-16,13,martes,enero,2015,9966.0
2010-06-17,14,miércoles,enero,2015,9846.0
2010-06-18,15,jueves,enero,2015,9982.5
2010-06-19,16,viernes,enero,2015,10038.9
2010-06-20,19,lunes,enero,2015,10157.5
2010-06-21,20,martes,enero,2015,10283.9
2010-06-22,21,miércoles,enero,2015,10335.3
2010-06-23,22,jueves,enero,2015,10510.6
2010-06-24,23,viernes,enero,2015,10581.5
2010-06-25,26,lunes,enero,2015,10696.1
2010-06-26,27,martes,enero,2015,10598.9
2010-06-27,28,miércoles,enero,2015,10456.9
2010-06-28,29,jueves,enero,2015,10507.6
2010-06-29,30,viernes,enero,2015,10403.3
2010-06-30,2,lunes,febrero,2015,10328.1
2010-07-01,3,martes,febrero,2015,10598.2
2010-07-02,4,miércoles,febrero,2015,10577.8
2010-07-03,5,jueves,febrero,2015,10535.5
2010-07-04,6,viernes,febrero,2015,10573.1
2010-07-05,9,lunes,febrero,2015,10364.9
2010-07-06,10,martes,febrero,2015,10500.1
2010-07-07,11,miércoles,febrero,2015,10364.8
2010-07-08,12,jueves,febrero,2015,10562.2
2010-07-09,13,viernes,febrero,2015,10739.5
2010-07-10,16,lunes,febrero,2015,10689.5
2010-07-11,17,martes,febrero,2015,10698.0
2010-07-12,18,miércoles,febrero,2015,10805.3
2010-07-13,19,jueves,febrero,2015,10910.4
2010-07-14,20,viernes,febrero,2015,10879.3
2010-07-15,23,lunes,febrero,2015,10990.1
2010-07-16,24,martes,febrero,2015,11064.5
2010-07-17,25,miércoles,febrero,2015,11049.5
2010-07-18,26,jueves,febrero,2015,11139.5
2010-07-19,27,viernes,febrero,2015,11178.3
2010-07-20,2,lunes,marzo,2015,11178.5
2010-07-21,3,martes,marzo,2015,11014.7
2010-07-22,4,miércoles,marzo,2015,11051.3
2010-07-23,5,jueves,marzo,2015,11124.4
2010-07-24,6,viernes,marzo,2015,11091.9
2010-07-25,9,lunes,marzo,2015,11054.2
2010-07-26,10,martes,marzo,2015,10902.2
2010-07-27,11,miércoles,marzo,2015,11021.8
2010-07-28,12,jueves,marzo,2015,11011.8
2010-07-29,13,viernes,marzo,2015,11033.8
2010-07-30,16,lunes,marzo,2015,11114.7
2010-07-31,17,martes,marzo,2015,11028.1
2010-08-01,18,miércoles,marzo,2015,11050.0
2010-08-02,19,jueves,marzo,2015,11091.0
2010-08-03,20,viernes,marzo,2015,11419.6
2010-08-04,23,lunes,marzo,2015,11452.8
2010-08-05,24,martes,marzo,2015,11579.3
2010-08-06,25,miércoles,marzo,2015,11464.7
2010-08-07,26,jueves,marzo,2015,11453.8
2010-08-08,27,viernes,marzo,2015,11427.4
2010-08-09,30,lunes,marzo,2015,11529.1
2010-08-10,31,martes,marzo,2015,11521.1
2010-08-11,1,miércoles,abril,2015,11569.8
2010-08-12,2,jueves,abril,2015,11634.0
2010-08-15,7,martes,abril,2015,11730.5
2010-08-16,8,miércoles,abril,2015,11655.5
2010-08-17,9,jueves,abril,2015,11734.6
2010-08-18,10,viernes,abril,2015,11749.3
2010-08-19,13,lunes,abril,2015,11866.4
2010-08-20,14,martes,abril,2015,11704.7
2010-08-21,15,miércoles,abril,2015,11778.4
2010-08-22,16,jueves,abril,2015,11611.7
2010-08-23,17,viernes,abril,2015,11359.4
2010-08-24,20,lunes,abril,2015,11384.6
2010-08-25,21,martes,abril,2015,11422.3
2010-08-26,22,miércoles,abril,2015,11399.2
2010-08-27,23,jueves,abril,2015,11425.8
2010-08-28,24,viernes,abril,2015,11505.4
2010-08-29,27,lunes,abril,2015,11640.2
2010-08-30,28,martes,abril,2015,11607.7
2010-08-31,29,miércoles,abril,2015,11378.9
2010-09-01,30,jueves,abril,2015,11385.0
2010-09-03,4,lunes,mayo,2015,11429.1
2010-09-04,5,martes,mayo,2015,11115.6
2010-09-05,6,miércoles,mayo,2015,11163.6
2010-09-06,7,jueves,mayo,2015,11180.3
2010-09-07,8,viernes,mayo,2015,11424.7
2010-09-08,11,lunes,mayo,2015,11445.8
2010-09-09,12,martes,mayo,2015,11322.6
2010-09-10,13,miércoles,mayo,2015,11324.6
2010-09-11,14,jueves,mayo,2015,11398.7
2010-09-12,15,viernes,mayo,2015,11317.3
2010-09-13,18,lunes,mayo,2015,11345.0
2010-09-14,19,martes,mayo,2015,11497.7
2010-09-15,20,miércoles,mayo,2015,11574.1
2010-09-16,21,jueves,mayo,2015,11595.4
2010-09-17,22,viernes,mayo,2015,11554.2
2010-09-18,25,lunes,mayo,2015,11322.3
2010-09-19,26,martes,mayo,2015,11240.3
2010-09-20,27,miércoles,mayo,2015,11431.1
2010-09-21,28,jueves,mayo,2015,11382.8
2010-09-22,29,viernes,mayo,2015,11217.6
2010-09-23,1,lunes,junio,2015,11238.1
2010-09-24,2,martes,junio,2015,11271.4
2010-09-25,3,miércoles,junio,2015,11267.6
2010-09-26,4,jueves,junio,2015,11146.1
2010-09-27,5,viernes,junio,2015,11062.0
2010-09-28,8,lunes,junio,2015,10917.3
2010-09-29,9,martes,junio,2015,10938.1
2010-09-30,10,miércoles,junio,2015,11097.5
2010-10-01,11,jueves,junio,2015,11156.7
2010-10-02,12,viernes,junio,2015,11030.5
2010-10-03,15,lunes,junio,2015,10842.1
2010-10-04,16,martes,junio,2015,10871.4
2010-10-05,17,miércoles,junio,2015,10813.4
2010-10-06,18,jueves,junio,2015,10871.9
2010-10-07,19,viernes,junio,2015,10944.3
2010-10-08,22,lunes,junio,2015,11368.2
2010-10-09,23,martes,junio,2015,11402.5
2010-10-10,24,miércoles,junio,2015,11321.9
2010-10-11,25,jueves,junio,2015,11308.4
2010-10-12,26,viernes,junio,2015,11372.3
2010-10-13,29,lunes,junio,2015,10853.9
2010-10-14,30,martes,junio,2015,10769.5
2010-10-15,1,miércoles,julio,2015,10911.5
2010-10-16,2,jueves,julio,2015,10846.4
2010-10-17,3,viernes,julio,2015,10779.8
2010-10-18,6,lunes,julio,2015,10540.1
2010-10-19,7,martes,julio,2015,10346.0
2010-10-20,8,miércoles,julio,2015,10430.3
2010-10-21,9,jueves,julio,2015,10706.4
2010-10-22,10,viernes,julio,2015,11036.1
2010-10-23,13,lunes,julio,2015,11224.2
2010-10-24,14,martes,julio,2015,11258.3
2010-10-25,15,miércoles,julio,2015,11335.7
2010-10-26,16,jueves,julio,2015,11510.6
2010-10-27,17,viernes,julio,2015,11480.7
2010-10-28,20,lunes,julio,2015,11556.1
2010-10-29,21,martes,julio,2015,11458.6
2010-10-30,22,miércoles,julio,2015,11484.3
2010-10-31,23,jueves,julio,2015,11441.9
2010-11-01,24,viernes,julio,2015,11309.3
2010-11-02,27,lunes,julio,2015,11145.4
2010-11-03,28,martes,julio,2015,11252.4
2010-11-04,29,miércoles,julio,2015,11282.9
2010-11-05,30,jueves,julio,2015,11168.6
2010-11-06,31,viernes,julio,2015,11180.7
2010-11-07,3,lunes,agosto,2015,11265.9
2010-11-08,4,martes,agosto,2015,11150.5
2010-11-09,5,miércoles,agosto,2015,11279.5
2010-11-10,6,jueves,agosto,2015,11253.6
2010-11-11,7,viernes,agosto,2015,11178.2
2010-11-12,10,lunes,agosto,2015,11311.7
2010-11-13,11,martes,agosto,2015,11152.3
2010-11-14,12,miércoles,agosto,2015,10880.1
2010-11-15,13,jueves,agosto,2015,10947.9
2010-11-16,14,viernes,agosto,2015,10879.3
2010-11-17,17,lunes,agosto,2015,10900.3
2010-11-18,18,martes,agosto,2015,10897.9
2010-11-19,19,miércoles,agosto,2015,10782.4
2010-11-20,20,jueves,agosto,2015,10587.0
2010-11-21,21,viernes,agosto,2015,10271.7
2010-11-22,24,lunes,agosto,2015,9756.6
2010-11-23,25,martes,agosto,2015,10115.4
2010-11-24,26,miércoles,agosto,2015,9984.5
2010-11-25,27,jueves,agosto,2015,10290.2
2010-11-26,28,viernes,agosto,2015,10352.9
2010-11-27,31,lunes,agosto,2015,10259.0
2010-11-28,1,martes,septiembre,2015,9992.8
2010-11-29,2,miércoles,septiembre,2015,9938.3
2010-11-30,3,jueves,septiembre,2015,10042.4
2010-12-01,4,viernes,septiembre,2015,9821.8
2010-12-02,7,lunes,septiembre,2015,9805.4
2010-12-03,8,martes,septiembre,2015,9866.2
2010-12-04,9,miércoles,septiembre,2015,10037.8
2010-12-05,10,jueves,septiembre,2015,9859.0
2010-12-06,11,viernes,septiembre,2015,9737.9
2010-12-07,14,lunes,septiembre,2015,9696.4
2010-12-08,15,martes,septiembre,2015,9782.5
2010-12-09,16,miércoles,septiembre,2015,9976.8
2010-12-10,17,jueves,septiembre,2015,10106.6
2010-12-11,18,viernes,septiembre,2015,9847.2
2010-12-12,21,lunes,septiembre,2015,9856.8
2010-12-13,22,martes,septiembre,2015,9550.2
2010-12-14,23,miércoles,septiembre,2015,9474.6
2010-12-15,24,jueves,septiembre,2015,9291.4
2010-12-16,25,viernes,septiembre,2015,9519.5
2010-12-17,28,lunes,septiembre,2015,9394.2
2010-12-18,29,martes,septiembre,2015,9393.9
2010-12-19,30,miércoles,septiembre,2015,9559.9
2010-12-20,1,jueves,octubre,2015,9567.3
2010-12-21,2,viernes,octubre,2015,9603.6
2010-12-22,5,lunes,octubre,2015,9971.3
2010-12-23,6,martes,octubre,2015,10103.3
2010-12-24,7,miércoles,octubre,2015,10170.0
2010-12-25,8,jueves,octubre,2015,10181.2
2010-12-26,9,viernes,octubre,2015,10309.6
2010-12-27,12,lunes,octubre,2015,10246.4
2010-12-28,13,martes,octubre,2015,10115.3
2010-12-29,14,miércoles,octubre,2015,10037.6
2010-12-30,15,jueves,octubre,2015,10101.7
2010-12-31,16,viernes,octubre,2015,10231.5
2011-01-01,19,lunes,octubre,2015,10207.3
2011-01-02,20,martes,octubre,2015,10100.6
2011-01-03,21,miércoles,octubre,2015,10157.5
2011-01-04,22,jueves,octubre,2015,10365.4
2011-01-05,23,viernes,octubre,2015,10476.3
2011-01-06,26,lunes,octubre,2015,10478.3
2011-01-07,27,martes,octubre,2015,10322.4
2011-01-08,28,miércoles,octubre,2015,10421.9
2011-01-09,29,jueves,octubre,2015,10397.2
2011-01-10,30,viernes,octubre,2015,10360.7
2011-01-11,2,lunes,noviembre,2015,10418.2
2011-01-12,3,martes,noviembre,2015,10465.2
2011-01-13,4,miércoles,noviembre,2015,10473.5
2011-01-14,5,jueves,noviembre,2015,10431.2
2011-01-15,6,viernes,noviembre,2015,10453.2
2011-01-16,9,lunes,noviembre,2015,10325.2
2011-01-17,10,martes,noviembre,2015,10336.8
2011-01-18,11,miércoles,noviembre,2015,10377.2
2011-01-19,12,jueves,noviembre,2015,10144.0
2011-01-20,13,viernes,noviembre,2015,10111.4
2011-01-21,16,lunes,noviembre,2015,10124.5
2011-01-22,17,martes,noviembre,2015,10363.8
2011-01-23,18,miércoles,noviembre,2015,10261.1
2011-01-24,19,jueves,noviembre,2015,10354.7
2011-01-25,20,viernes,noviembre,2015,10290.3
2011-01-26,23,lunes,noviembre,2015,10277.4
2011-01-27,24,martes,noviembre,2015,10207.2
2011-01-28,25,miércoles,noviembre,2015,10227.3
2011-01-29,26,jueves,noviembre,2015,10332.3
2011-01-30,27,viernes,noviembre,2015,10310.7
2011-01-31,30,lunes,noviembre,2015,10386.9
2011-02-01,1,martes,diciembre,2015,10379.2
2011-02-02,2,miércoles,diciembre,2015,10342.0
2011-02-03,3,jueves,diciembre,2015,10092.9
2011-02-04,4,viernes,diciembre,2015,10078.7
2011-02-05,7,lunes,diciembre,2015,10042.4
2011-02-06,8,martes,diciembre,2015,9837.1
2011-02-07,9,miércoles,diciembre,2015,9835.5
2011-02-08,10,jueves,diciembre,2015,9778.7
2011-02-09,11,viernes,diciembre,2015,9630.7
2011-02-10,14,lunes,diciembre,2015,9428.5
2011-02-11,15,martes,diciembre,2015,9711.6
2011-02-12,16,miércoles,diciembre,2015,9711.0
2011-02-13,17,jueves,diciembre,2015,9878.5
2011-02-14,18,viernes,diciembre,2015,9717.1
2011-02-15,21,lunes,diciembre,2015,9365.8
2011-02-16,22,martes,diciembre,2015,9415.6
2011-02-17,23,miércoles,diciembre,2015,9641.0
2011-02-18,24,jueves,diciembre,2015,9682.9
2011-02-20,28,lunes,diciembre,2015,9552.5
2011-02-21,29,martes,diciembre,2015,9670.4
2011-02-22,30,miércoles,diciembre,2015,9641.9
2011-02-23,31,jueves,diciembre,2015,9544.2
2011-02-25,4,lunes,enero,2016,9313.2
2011-02-26,5,martes,enero,2016,9335.2
2011-02-27,6,miércoles,enero,2016,9197.4
2011-02-28,7,jueves,enero,2016,9059.3
2011-03-01,8,viernes,enero,2016,8909.2
2011-03-02,11,lunes,enero,2016,8886.1
2011-03-03,12,martes,enero,2016,8915.4
2011-03-04,13,miércoles,enero,2016,8934.5
2011-03-05,14,jueves,enero,2016,8787.7
2011-03-06,15,viernes,enero,2016,8543.6
2011-03-07,18,lunes,enero,2016,8469.3
2011-03-08,19,martes,enero,2016,8554.9
2011-03-09,20,miércoles,enero,2016,8281.4
2011-03-10,21,jueves,enero,2016,8444.2
2011-03-11,22,viernes,enero,2016,8722.9
2011-03-12,25,lunes,enero,2016,8567.7
2011-03-13,26,martes,enero,2016,8692.5
2011-03-14,27,miércoles,enero,2016,8741.0
2011-03-15,28,jueves,enero,2016,8590.6
2011-03-16,29,viernes,enero,2016,8815.8
2011-03-17,1,lunes,febrero,2016,8788.5
2011-03-18,2,martes,febrero,2016,8528.7
2011-03-19,3,miércoles,febrero,2016,8314.5
2011-03-20,4,jueves,febrero,2016,8468.1
2011-03-21,5,viernes,febrero,2016,8499.5
2011-03-22,8,lunes,febrero,2016,8122.1
2011-03-23,9,martes,febrero,2016,7927.6
2011-03-24,10,miércoles,febrero,2016,8143.7
2011-03-25,11,jueves,febrero,2016,7746.3
2011-03-26,12,viernes,febrero,2016,7920.8
2011-03-27,15,lunes,febrero,2016,8179.2
2011-03-28,16,martes,febrero,2016,8137.6
2011-03-29,17,miércoles,febrero,2016,8364.9
2011-03-30,18,jueves,febrero,2016,8295.4
2011-03-31,19,viernes,febrero,2016,8194.2
2011-04-01,22,lunes,febrero,2016,8387.0
2011-04-02,23,martes,febrero,2016,8267.6
2011-04-03,24,miércoles,febrero,2016,8013.7
2011-04-04,25,jueves,febrero,2016,8215.6
2011-04-05,26,viernes,febrero,2016,8349.2
2011-04-06,29,lunes,febrero,2016,8461.4
2011-04-07,1,martes,marzo,2016,8611.0
2011-04-08,2,miércoles,marzo,2016,8764.5
2011-04-09,3,jueves,marzo,2016,8767.0
2011-04-10,4,viernes,marzo,2016,8811.6
2011-04-11,7,lunes,marzo,2016,8786.8
2011-04-12,8,martes,marzo,2016,8740.3
2011-04-13,9,miércoles,marzo,2016,8761.1
2011-04-14,10,jueves,marzo,2016,8766.9
2011-04-15,11,viernes,marzo,2016,9090.6
2011-04-16,14,lunes,marzo,2016,9142.7
2011-04-17,15,martes,marzo,2016,8988.3
2011-04-18,16,miércoles,marzo,2016,8962.8
2011-04-19,17,jueves,marzo,2016,8978.8
2011-04-20,18,viernes,marzo,2016,9051.1
2011-04-21,21,lunes,marzo,2016,9021.0
2011-04-22,22,martes,marzo,2016,8992.0
2011-04-23,23,miércoles,marzo,2016,8927.1
2011-04-24,24,jueves,marzo,2016,8789.8
2011-04-27,29,martes,marzo,2016,8808.3
2011-04-28,30,miércoles,marzo,2016,8870.2
2011-04-29,31,jueves,marzo,2016,8723.1
2011-04-30,1,viernes,abril,2016,8602.3
2011-05-01,4,lunes,abril,2016,8597.5
2011-05-02,5,martes,abril,2016,8387.7
2011-05-03,6,miércoles,abril,2016,8398.6
2011-05-04,7,jueves,abril,2016,8292.9
2011-05-05,8,viernes,abril,2016,8427.6
2011-05-06,11,lunes,abril,2016,8497.6
2011-05-07,12,martes,abril,2016,8546.3
2011-05-08,13,miércoles,abril,2016,8820.7
2011-05-09,14,jueves,abril,2016,8861.5
2011-05-10,15,viernes,abril,2016,8850.9
2011-05-11,18,lunes,abril,2016,8881.6
2011-05-12,19,martes,abril,2016,8971.3
2011-05-13,20,miércoles,abril,2016,9147.2
2011-05-14,21,jueves,abril,2016,9197.2
2011-05-15,22,viernes,abril,2016,9232.8
2011-05-16,25,lunes,abril,2016,9140.0
2011-05-17,26,martes,abril,2016,9283.0
2011-05-18,27,miércoles,abril,2016,9332.6
2011-05-19,28,jueves,abril,2016,9269.0
2011-05-20,29,viernes,abril,2016,9025.7
2011-05-21,2,lunes,mayo,2016,9022.1
2011-05-22,3,martes,mayo,2016,8764.9
2011-05-23,4,miércoles,mayo,2016,8654.3
2011-05-24,5,jueves,mayo,2016,8689.4
2011-05-25,6,viernes,mayo,2016,8702.1
2011-05-26,9,lunes,mayo,2016,8660.8
2011-05-27,10,martes,mayo,2016,8775.2
2011-05-28,11,miércoles,mayo,2016,8663.9
2011-05-29,12,jueves,mayo,2016,8663.1
2011-05-30,13,viernes,mayo,2016,8721.5
2011-05-31,16,lunes,mayo,2016,8682.1
2011-06-01,17,martes,mayo,2016,8698.7
2011-06-02,18,miércoles,mayo,2016,8775.1
2011-06-03,19,jueves,mayo,2016,8674.7
2011-06-04,20,viernes,mayo,2016,8771.2
2011-06-05,23,lunes,mayo,2016,8714.0
2011-06-06,24,martes,mayo,2016,8918.1
2011-06-07,25,miércoles,mayo,2016,9125.0
2011-06-08,26,jueves,mayo,2016,9079.2
2011-06-09,27,viernes,mayo,2016,9107.3
2011-06-10,30,lunes,mayo,2016,9116.9
2011-06-11,31,martes,mayo,2016,9034.0
2011-06-12,1,miércoles,junio,2016,8916.9
2011-06-13,2,jueves,junio,2016,8957.9
2011-06-14,3,viernes,junio,2016,8801.6
2011-06-15,6,lunes,junio,2016,8823.5
2011-06-16,7,martes,junio,2016,8894.5
2011-06-17,8,miércoles,junio,2016,8831.4
2011-06-18,9,jueves,junio,2016,8769.5
2011-06-19,10,viernes,junio,2016,8490.5
2011-06-20,13,lunes,junio,2016,8303.8
2011-06-21,14,martes,junio,2016,8126.7
2011-06-22,15,miércoles,junio,2016,8250.8
2011-06-23,16,jueves,junio,2016,8199.9
2011-06-24,17,viernes,junio,2016,8362.0
2011-06-25,20,lunes,junio,2016,8647.1
2011-06-26,21,martes,junio,2016,8667.3
2011-06-27,22,miércoles,junio,2016,8702.0
2011-06-28,23,jueves,junio,2016,8885.3
2011-06-29,24,viernes,junio,2016,7787.7
2011-06-30,27,lunes,junio,2016,7645.5
2011-07-01,28,martes,junio,2016,7835.0
2011-07-02,29,miércoles,junio,2016,8105.3
2011-07-03,30,jueves,junio,2016,8163.3
2011-07-04,1,viernes,julio,2016,8268.9
2011-07-05,4,lunes,julio,2016,8255.9
2011-07-06,5,martes,julio,2016,8067.6
2011-07-07,6,miércoles,julio,2016,7926.2
2011-07-08,7,jueves,julio,2016,8008.2
2011-07-09,8,viernes,julio,2016,8185.9
2011-07-10,11,lunes,julio,2016,8305.1
2011-07-11,12,martes,julio,2016,8506.0
2011-07-12,13,miércoles,julio,2016,8473.9
2011-07-13,14,jueves,julio,2016,8552.3
2011-07-14,15,viernes,julio,2016,8531.0
2011-07-15,18,lunes,julio,2016,8524.4
2011-07-16,19,martes,julio,2016,8485.2
2011-07-17,20,miércoles,julio,2016,8575.5
2011-07-18,21,jueves,julio,2016,8583.6
2011-07-19,22,viernes,julio,2016,8599.9
2011-07-20,25,lunes,julio,2016,8575.7
2011-07-21,26,martes,julio,2016,8560.2
2011-07-22,27,miércoles,julio,2016,8661.4
2011-07-23,28,jueves,julio,2016,8479.2
2011-07-24,29,viernes,julio,2016,8587.2
2011-07-25,1,lunes,agosto,2016,8513.4
2011-07-26,2,martes,agosto,2016,8277.3
2011-07-27,3,miércoles,agosto,2016,8263.5
2011-07-28,4,jueves,agosto,2016,8385.5
2011-07-29,5,viernes,agosto,2016,8539.4
2011-07-30,8,lunes,agosto,2016,8562.5
2011-07-31,9,martes,agosto,2016,8665.4
2011-08-01,10,miércoles,agosto,2016,8658.9
2011-08-02,11,jueves,agosto,2016,8719.5
2011-08-03,12,viernes,agosto,2016,8716.4
2011-08-04,15,lunes,agosto,2016,8720.6
2011-08-05,16,martes,agosto,2016,8621.7
2011-08-06,17,miércoles,agosto,2016,8487.0
2011-08-07,18,jueves,agosto,2016,8550.1
2011-08-08,19,viernes,agosto,2016,8450.6
2011-08-09,22,lunes,agosto,2016,8468.0
2011-08-10,23,martes,agosto,2016,8580.9
2011-08-11,24,miércoles,agosto,2016,8655.5
2011-08-12,25,jueves,agosto,2016,8599.5
2011-08-13,26,viernes,agosto,2016,8659.5
2011-08-14,29,lunes,agosto,2016,8616.4
2011-08-15,30,martes,agosto,2016,8685.4
2011-08-16,31,miércoles,agosto,2016,8716.8
2011-08-17,1,jueves,septiembre,2016,8762.8
2011-08-18,2,viernes,septiembre,2016,8908.9
2011-08-19,5,lunes,septiembre,2016,8953.3
2011-08-20,6,martes,septiembre,2016,8899.5
2011-08-21,7,miércoles,septiembre,2016,9015.3
2011-08-22,8,jueves,septiembre,2016,9101.1
2011-08-23,9,viernes,septiembre,2016,9025.5
2011-08-24,12,lunes,septiembre,2016,8866.6
2011-08-25,13,martes,septiembre,2016,8724.2
2011-08-26,14,miércoles,septiembre,2016,8702.4
2011-08-27,15,jueves,septiembre,2016,8720.5
2011-08-28,16,viernes,septiembre,2016,8633.4
2011-08-29,19,lunes,septiembre,2016,8715.5
2011-08-30,20,martes,septiembre,2016,8686.1
2011-08-31,21,miércoles,septiembre,2016,8758.5
2011-09-01,22,jueves,septiembre,2016,8934.9
2011-09-02,23,viernes,septiembre,2016,8823.6
2011-09-03,26,lunes,septiembre,2016,8711.4
2011-09-04,27,martes,septiembre,2016,8688.2
2011-09-05,28,miércoles,septiembre,2016,8740.4
2011-09-06,29,jueves,septiembre,2016,8796.3
2011-09-07,30,viernes,septiembre,2016,8779.4
2011-09-08,3,lunes,octubre,2016,8751.6
2011-09-09,4,martes,octubre,2016,8769.0
2011-09-10,5,miércoles,octubre,2016,8778.3
2011-09-11,6,jueves,octubre,2016,8757.4
2011-09-12,7,viernes,octubre,2016,8624.3
2011-09-13,10,lunes,octubre,2016,8701.5
2011-09-14,11,martes,octubre,2016,8693.2
2011-09-15,12,miércoles,octubre,2016,8686.5
2011-09-16,13,jueves,octubre,2016,8608.7
2011-09-17,14,viernes,octubre,2016,8767.9
2011-09-18,17,lunes,octubre,2016,8740.7
2011-09-19,18,martes,octubre,2016,8865.3
2011-09-20,19,miércoles,octubre,2016,8950.1
2011-09-21,20,jueves,octubre,2016,9061.2
2011-09-22,21,viernes,octubre,2016,9100.4
2011-09-23,24,lunes,octubre,2016,9216.2
2011-09-24,25,martes,octubre,2016,9139.7
2011-09-25,26,miércoles,octubre,2016,9173.3
2011-09-26,27,jueves,octubre,2016,9197.2
2011-09-27,28,viernes,octubre,2016,9201.3
2011-09-28,31,lunes,octubre,2016,9143.3
2011-09-29,1,martes,noviembre,2016,9040.7
2011-09-30,2,miércoles,noviembre,2016,8873.4
2011-10-01,3,jueves,noviembre,2016,8879.9
2011-10-02,4,viernes,noviembre,2016,8791.6
2011-10-03,7,lunes,noviembre,2016,8918.8
2011-10-04,8,martes,noviembre,2016,8937.0
2011-10-05,9,miércoles,noviembre,2016,8901.5
2011-10-06,10,jueves,noviembre,2016,8756.8
2011-10-07,11,viernes,noviembre,2016,8639.2
2011-10-08,14,lunes,noviembre,2016,8658.2
2011-10-09,15,martes,noviembre,2016,8687.1
2011-10-10,16,miércoles,noviembre,2016,8638.5
2011-10-11,17,jueves,noviembre,2016,8718.0
2011-10-12,18,viernes,noviembre,2016,8622.9
2011-10-13,21,lunes,noviembre,2016,8614.6
2011-10-14,22,martes,noviembre,2016,8651.5
2011-10-15,23,miércoles,noviembre,2016,8627.5
2011-10-16,24,jueves,noviembre,2016,8657.2
2011-10-17,25,viernes,noviembre,2016,8674.4
2011-10-18,28,lunes,noviembre,2016,8619.3
2011-10-19,29,martes,noviembre,2016,8667.0
2011-10-20,30,miércoles,noviembre,2016,8688.2
2011-10-21,1,jueves,diciembre,2016,8669.2
2011-10-22,2,viernes,diciembre,2016,8607.1
2011-10-23,5,lunes,diciembre,2016,8664.7
2011-10-24,6,martes,diciembre,2016,8893.3
2011-10-25,7,miércoles,diciembre,2016,8960.4
2011-10-26,8,jueves,diciembre,2016,9145.4
2011-10-27,9,viernes,diciembre,2016,9169.6
2011-10-28,12,lunes,diciembre,2016,9186.4
2011-10-29,13,martes,diciembre,2016,9331.3
2011-10-30,14,miércoles,diciembre,2016,9218.4
2011-10-31,15,jueves,diciembre,2016,9340.8
2011-11-01,16,viernes,diciembre,2016,9412.8
2011-11-02,19,lunes,diciembre,2016,9336.7
2011-11-03,20,martes,diciembre,2016,9407.9
2011-11-04,21,miércoles,diciembre,2016,9371.7
2011-11-05,22,jueves,diciembre,2016,9333.6
2011-11-06,23,viernes,diciembre,2016,9367.7
2011-11-08,27,martes,diciembre,2016,9376.6
2011-11-09,28,miércoles,diciembre,2016,9344.9
2011-11-10,29,jueves,diciembre,2016,9327.1
2011-11-11,30,viernes,diciembre,2016,9352.1
2011-11-12,2,lunes,enero,2017,9418.7
2011-11-13,3,martes,enero,2017,9494.7
2011-11-14,4,miércoles,enero,2017,9462.9
2011-11-15,5,jueves,enero,2017,9488.2
2011-11-16,6,viernes,enero,2017,9515.9
2011-11-17,9,lunes,enero,2017,9492.8
2011-11-18,10,martes,enero,2017,9452.0
2011-11-19,11,miércoles,enero,2017,9408.6
2011-11-20,12,jueves,enero,2017,9407.4
2011-11-21,13,viernes,enero,2017,9511.6
2011-11-22,16,lunes,enero,2017,9410.0
2011-11-23,17,martes,enero,2017,9394.9
2011-11-24,18,miércoles,enero,2017,9386.2
2011-11-25,19,jueves,enero,2017,9379.1
2011-11-26,20,viernes,enero,2017,9380.1
2011-11-27,23,lunes,enero,2017,9304.8
2011-11-28,24,martes,enero,2017,9387.2
2011-11-29,25,miércoles,enero,2017,9549.3
2011-11-30,26,jueves,enero,2017,9512.8
2011-12-01,27,viernes,enero,2017,9504.1
2011-12-02,30,lunes,enero,2017,9361.3
2011-12-03,31,martes,enero,2017,9315.2
2011-12-04,1,miércoles,febrero,2017,9330.8
2011-12-05,2,jueves,febrero,2017,9406.4
2011-12-06,3,viernes,febrero,2017,9462.7
2011-12-07,6,lunes,febrero,2017,9357.3
2011-12-08,7,martes,febrero,2017,9331.5
2011-12-09,8,miércoles,febrero,2017,9329.7
2011-12-10,9,jueves,febrero,2017,9438.4
2011-12-11,10,viernes,febrero,2017,9378.1
2011-12-12,13,lunes,febrero,2017,9484.1
2011-12-13,14,martes,febrero,2017,9510.2
2011-12-14,15,miércoles,febrero,2017,9584.1
2011-12-15,16,jueves,febrero,2017,9554.7
2011-12-16,17,viernes,febrero,2017,9500.3
2011-12-17,20,lunes,febrero,2017,9526.6
2011-12-18,21,martes,febrero,2017,9561.0
2011-12-19,22,miércoles,febrero,2017,9477.2
2011-12-20,23,jueves,febrero,2017,9493.4
2011-12-21,24,viernes,febrero,2017,9453.5
2011-12-22,27,lunes,febrero,2017,9464.3
2011-12-23,28,martes,febrero,2017,9555.5
2011-12-24,1,miércoles,marzo,2017,9751.5
2011-12-25,2,jueves,marzo,2017,9716.0
2011-12-26,3,viernes,marzo,2017,9798.5
2011-12-27,6,lunes,marzo,2017,9804.1
2011-12-28,7,martes,marzo,2017,9801.7
2011-12-29,8,miércoles,marzo,2017,9850.5
2011-12-30,9,jueves,marzo,2017,9998.4
2011-12-31,10,viernes,marzo,2017,10006.4
2012-01-01,13,lunes,marzo,2017,9995.9
2012-01-02,14,martes,marzo,2017,9905.1
2012-01-03,15,miércoles,marzo,2017,9983.2
2012-01-04,16,jueves,marzo,2017,10168.0
2012-01-05,17,viernes,marzo,2017,10245.8
2012-01-06,20,lunes,marzo,2017,10214.0
2012-01-07,21,martes,marzo,2017,10211.9
2012-01-08,22,miércoles,marzo,2017,10229.3
2012-01-09,23,jueves,marzo,2017,10324.9
2012-01-10,24,viernes,marzo,2017,10309.4
2012-01-11,27,lunes,marzo,2017,10302.9
2012-01-12,28,martes,marzo,2017,10389.0
2012-01-13,29,miércoles,marzo,2017,10367.6
2012-01-14,30,jueves,marzo,2017,10405.9
2012-01-15,31,viernes,marzo,2017,10462.9
2012-01-16,3,lunes,abril,2017,10325.3
2012-01-17,4,martes,abril,2017,10361.2
2012-01-18,5,miércoles,abril,2017,10402.7
2012-01-19,6,jueves,abril,2017,10518.9
2012-01-20,7,viernes,abril,2017,10529.0
2012-01-21,10,lunes,abril,2017,10437.7
2012-01-22,11,martes,abril,2017,10416.3
2012-01-23,12,miércoles,abril,2017,10360.5
2012-01-24,13,jueves,abril,2017,10326.1
2012-01-27,18,martes,abril,2017,10264.5
2012-01-28,19,miércoles,abril,2017,10370.3
2012-01-29,20,jueves,abril,2017,10372.5
2012-01-30,21,viernes,abril,2017,10377.0
2012-01-31,24,lunes,abril,2017,10766.8
2012-02-01,25,martes,abril,2017,10783.1
2012-02-02,26,miércoles,abril,2017,10763.4
2012-02-03,27,jueves,abril,2017,10683.9
2012-02-04,28,viernes,abril,2017,10715.8
2012-02-06,2,martes,mayo,2017,10820.3
2012-02-07,3,miércoles,mayo,2017,10837.0
2012-02-08,4,jueves,mayo,2017,11012.9
2012-02-09,5,viernes,mayo,2017,11135.4
2012-02-10,8,lunes,mayo,2017,11096.3
2012-02-11,9,martes,mayo,2017,11049.2
2012-02-12,10,miércoles,mayo,2017,11034.8
2012-02-13,11,jueves,mayo,2017,10861.4
2012-02-14,12,viernes,mayo,2017,10897.0
2012-02-15,15,lunes,mayo,2017,10957.8
2012-02-16,16,martes,mayo,2017,10982.4
2012-02-17,17,miércoles,mayo,2017,10786.1
2012-02-18,18,jueves,mayo,2017,10684.9
2012-02-19,19,viernes,mayo,2017,10835.4
2012-02-20,22,lunes,mayo,2017,10793.4
2012-02-21,23,martes,mayo,2017,10916.3
2012-02-22,24,miércoles,mayo,2017,10907.4
2012-02-23,25,jueves,mayo,2017,10937.7
2012-02-24,26,viernes,mayo,2017,10904.2
2012-02-25,29,lunes,mayo,2017,10884.0
2012-02-26,30,martes,mayo,2017,10876.9
2012-02-27,31,miércoles,mayo,2017,10880.0
2012-02-28,1,jueves,junio,2017,10881.0
2012-02-29,2,viernes,junio,2017,10905.9
2012-03-01,5,lunes,junio,2017,10884.7
2012-03-02,6,martes,junio,2017,10879.7
2012-03-03,7,miércoles,junio,2017,10871.7
2012-03-04,8,jueves,junio,2017,10953.1
2012-03-05,9,viernes,junio,2017,10978.3
2012-03-06,12,lunes,junio,2017,10842.4
2012-03-07,13,martes,junio,2017,10882.1
2012-03-08,14,miércoles,junio,2017,10775.8
2012-03-09,15,jueves,junio,2017,10699.6
2012-03-10,16,viernes,junio,2017,10759.4
2012-03-11,19,lunes,junio,2017,10848.9
2012-03-12,20,martes,junio,2017,10746.1
2012-03-13,21,miércoles,junio,2017,10740.7
2012-03-14,22,jueves,junio,2017,10709.9
2012-03-15,23,viernes,junio,2017,10630.8
2012-03-16,26,lunes,junio,2017,10696.6
2012-03-17,27,martes,junio,2017,10647.9
2012-03-18,28,miércoles,junio,2017,10702.7
2012-03-19,29,jueves,junio,2017,10531.1
2012-03-20,30,viernes,junio,2017,10444.5
2012-03-21,3,lunes,julio,2017,10604.2
2012-03-22,4,martes,julio,2017,10566.7
2012-03-23,5,miércoles,julio,2017,10523.6
2012-03-24,6,jueves,julio,2017,10498.4
2012-03-25,7,viernes,julio,2017,10488.8
2012-03-26,10,lunes,julio,2017,10509.5
2012-03-27,11,martes,julio,2017,10449.1
2012-03-28,12,miércoles,julio,2017,10560.4
2012-03-29,13,jueves,julio,2017,10658.3
2012-03-30,14,viernes,julio,2017,10655.1
2012-03-31,17,lunes,julio,2017,10651.2
2012-04-01,18,martes,julio,2017,10524.5
2012-04-02,19,miércoles,julio,2017,10588.1
2012-04-03,20,jueves,julio,2017,10564.8
2012-04-04,21,viernes,julio,2017,10426.6
2012-04-05,24,lunes,julio,2017,10446.5
2012-04-06,25,martes,julio,2017,10523.4
2012-04-07,26,miércoles,julio,2017,10575.4
2012-04-08,27,jueves,julio,2017,10603.4
2012-04-09,28,viernes,julio,2017,10536.1
2012-04-10,31,lunes,julio,2017,10502.2
2012-04-11,1,martes,agosto,2017,10586.7
2012-04-12,2,miércoles,agosto,2017,10513.9
2012-04-13,3,jueves,agosto,2017,10549.1
2012-04-14,4,viernes,agosto,2017,10658.4
2012-04-15,7,lunes,agosto,2017,10676.5
2012-04-16,8,martes,agosto,2017,10734.7
2012-04-17,9,miércoles,agosto,2017,10596.0
2012-04-18,10,jueves,agosto,2017,10450.0
2012-04-19,11,viernes,agosto,2017,10282.9
2012-04-20,14,lunes,agosto,2017,10461.2
2012-04-21,15,martes,agosto,2017,10481.5
2012-04-22,16,miércoles,agosto,2017,10544.3
2012-04-23,17,jueves,agosto,2017,10443.8
2012-04-24,18,viernes,agosto,2017,10385.7
2012-04-25,21,lunes,agosto,2017,10360.2
2012-04-26,22,martes,agosto,2017,10409.8
2012-04-27,23,miércoles,agosto,2017,10338.1
2012-04-28,24,jueves,agosto,2017,10357.4
2012-04-29,25,viernes,agosto,2017,10345.3
2012-04-30,28,lunes,agosto,2017,10285.9
2012-05-01,29,martes,agosto,2017,10192.6
2012-05-02,30,miércoles,agosto,2017,10245.8
2012-05-03,31,jueves,agosto,2017,10299.5
2012-05-04,1,viernes,septiembre,2017,10325.5
2012-05-05,4,lunes,septiembre,2017,10243.2
2012-05-06,5,martes,septiembre,2017,10179.8
2012-05-07,6,miércoles,septiembre,2017,10131.0
2012-05-08,7,jueves,septiembre,2017,10124.9
2012-05-09,8,viernes,septiembre,2017,10129.6
2012-05-10,11,lunes,septiembre,2017,10322.6
2012-05-11,12,martes,septiembre,2017,10336.2
2012-05-12,13,miércoles,septiembre,2017,10371.0
2012-05-13,14,jueves,septiembre,2017,10361.1
2012-05-14,15,viernes,septiembre,2017,10317.4
2012-05-15,18,lunes,septiembre,2017,10338.4
2012-05-16,19,martes,septiembre,2017,10378.4
2012-05-17,20,miércoles,septiembre,2017,10292.1
2012-05-18,21,jueves,septiembre,2017,10297.0
2012-05-19,22,viernes,septiembre,2017,10305.0
2012-05-20,25,lunes,septiembre,2017,10216.5
2012-05-21,26,martes,septiembre,2017,10189.6
2012-05-22,27,miércoles,septiembre,2017,10368.9
2012-05-23,28,jueves,septiembre,2017,10328.5
2012-05-24,29,viernes,septiembre,2017,10381.5
2012-05-25,2,lunes,octubre,2017,10255.7
2012-05-26,3,martes,octubre,2017,10257.5
2012-05-27,4,miércoles,octubre,2017,9964.9
2012-05-28,5,jueves,octubre,2017,10214.7
2012-05-29,6,viernes,octubre,2017,10185.5
2012-05-30,9,lunes,octubre,2017,10236.0
2012-05-31,10,martes,octubre,2017,10142.3
2012-06-01,11,miércoles,octubre,2017,10278.4
2012-06-02,12,jueves,octubre,2017,10275.9
2012-06-03,13,viernes,octubre,2017,10258.0
2012-06-04,16,lunes,octubre,2017,10181.4
2012-06-05,17,martes,octubre,2017,10216.8
2012-06-06,18,miércoles,octubre,2017,10273.4
2012-06-07,19,jueves,octubre,2017,10197.5
2012-06-08,20,viernes,octubre,2017,10222.7
2012-06-09,23,lunes,octubre,2017,10161.4
2012-06-10,24,martes,octubre,2017,10205.7
2012-06-11,25,miércoles,octubre,2017,10153.3
2012-06-12,26,jueves,octubre,2017,10347.8
2012-06-13,27,viernes,octubre,2017,10197.5
2012-06-14,30,lunes,octubre,2017,10446.0
2012-06-15,31,martes,octubre,2017,10523.5
2012-06-16,1,miércoles,noviembre,2017,10506.7
2012-06-17,2,jueves,noviembre,2017,10457.8
2012-06-18,3,viernes,noviembre,2017,10357.8
2012-06-19,6,lunes,noviembre,2017,10316.5
2012-06-20,7,martes,noviembre,2017,10230.7
2012-06-21,8,miércoles,noviembre,2017,10228.7
2012-06-22,9,jueves,noviembre,2017,10141.1
2012-06-23,10,viernes,noviembre,2017,10092.7
2012-06-24,13,lunes,noviembre,2017,10049.9
2012-06-25,14,martes,noviembre,2017,9990.4
2012-06-26,15,miércoles,noviembre,2017,10013.9
2012-06-27,16,jueves,noviembre,2017,10088.7
2012-06-28,17,viernes,noviembre,2017,10010.4
2012-06-29,20,lunes,noviembre,2017,10025.5
2012-06-30,21,martes,noviembre,2017,9993.4
2012-07-01,22,miércoles,noviembre,2017,10013.9
2012-07-02,23,jueves,noviembre,2017,10032.8
2012-07-03,24,viernes,noviembre,2017,10053.5
2012-07-04,27,lunes,noviembre,2017,10063.1
2012-07-05,28,martes,noviembre,2017,10144.4
2012-07-06,29,miércoles,noviembre,2017,10267.7
2012-07-07,30,jueves,noviembre,2017,10211.0
2012-07-08,1,viernes,diciembre,2017,10085.0
2012-07-09,4,lunes,diciembre,2017,10208.6
2012-07-10,5,martes,diciembre,2017,10211.3
2012-07-11,6,miércoles,diciembre,2017,10184.0
2012-07-12,7,jueves,diciembre,2017,10262.6
2012-07-13,8,viernes,diciembre,2017,10321.1
2012-07-14,11,lunes,diciembre,2017,10306.9
2012-07-15,12,martes,diciembre,2017,10288.3
2012-07-16,13,miércoles,diciembre,2017,10260.5
2012-07-17,14,jueves,diciembre,2017,10176.5
2012-07-18,15,viernes,diciembre,2017,10150.4
2012-07-19,18,lunes,diciembre,2017,10244.1
2012-07-20,19,martes,diciembre,2017,10234.3
2012-07-21,20,miércoles,diciembre,2017,10207.7
2012-07-22,21,jueves,diciembre,2017,10304.6
2012-07-23,22,viernes,diciembre,2017,10182.0
2012-07-26,27,miércoles,diciembre,2017,10165.2
2012-07-27,28,jueves,diciembre,2017,10093.1
2012-07-28,29,viernes,diciembre,2017,10043.9
2012-07-30,2,martes,enero,2018,10079.1
2012-07-31,3,miércoles,enero,2018,10116.0
2012-08-01,4,jueves,enero,2018,10314.4
2012-08-02,5,viernes,enero,2018,10411.4
2012-08-03,8,lunes,enero,2018,10398.4
2012-08-04,9,martes,enero,2018,10426.5
2012-08-05,10,miércoles,enero,2018,10428.3
2012-08-06,11,jueves,enero,2018,10435.2
2012-08-07,12,viernes,enero,2018,10462.4
2012-08-08,15,lunes,enero,2018,10467.2
2012-08-09,16,martes,enero,2018,10520.4
2012-08-10,17,miércoles,enero,2018,10474.6
2012-08-11,18,jueves,enero,2018,10432.7
2012-08-12,19,viernes,enero,2018,10479.5
2012-08-13,22,lunes,enero,2018,10584.0
2012-08-14,23,martes,enero,2018,10609.5
2012-08-15,24,miércoles,enero,2018,10563.0
2012-08-16,25,jueves,enero,2018,10595.3
2012-08-17,26,viernes,enero,2018,10595.4
2012-08-18,29,lunes,enero,2018,10555.6
2012-08-19,30,martes,enero,2018,10428.2
2012-08-20,31,miércoles,enero,2018,10451.5
2012-08-21,1,jueves,febrero,2018,10399.0
2012-08-22,2,viernes,febrero,2018,10211.2
2012-08-23,5,lunes,febrero,2018,10064.5
2012-08-24,6,martes,febrero,2018,9810.0
2012-08-25,7,miércoles,febrero,2018,9976.9
2012-08-26,8,jueves,febrero,2018,9756.3
2012-08-27,9,viernes,febrero,2018,9639.6
2012-08-28,12,lunes,febrero,2018,9771.1
2012-08-29,13,martes,febrero,2018,9650.7
2012-08-30,14,miércoles,febrero,2018,9686.2
2012-08-31,15,jueves,febrero,2018,9714.9
2012-09-01,16,viernes,febrero,2018,9832.1
2012-09-02,19,lunes,febrero,2018,9806.2
2012-09-03,20,martes,febrero,2018,9895.3
2012-09-04,21,miércoles,febrero,2018,9823.3
2012-09-05,22,jueves,febrero,2018,9876.5
2012-09-06,23,viernes,febrero,2018,9822.4
2012-09-07,26,lunes,febrero,2018,9902.4
2012-09-08,27,martes,febrero,2018,9900.2
2012-09-09,28,miércoles,febrero,2018,9840.3
2012-09-10,1,jueves,marzo,2018,9738.6
2012-09-11,2,viernes,marzo,2018,9531.1
2012-09-12,5,lunes,marzo,2018,9590.8
2012-09-13,6,martes,marzo,2018,9586.8
2012-09-14,7,miércoles,marzo,2018,9599.3
2012-09-15,8,jueves,marzo,2018,9646.2
2012-09-16,9,viernes,marzo,2018,9686.1
2012-09-17,12,lunes,marzo,2018,9727.5
2012-09-18,13,martes,marzo,2018,9691.7
2012-09-19,14,miércoles,marzo,2018,9688.5
2012-09-20,15,jueves,marzo,2018,9684.2
2012-09-21,16,viernes,marzo,2018,9761.0
2012-09-22,19,lunes,marzo,2018,9664.1
2012-09-23,20,martes,marzo,2018,9681.6
2012-09-24,21,miércoles,marzo,2018,9630.9
2012-09-25,22,jueves,marzo,2018,9487.4
2012-09-26,23,viernes,marzo,2018,9393.1
2012-09-27,26,lunes,marzo,2018,9381.0
2012-09-28,27,martes,marzo,2018,9473.6
2012-09-29,28,miércoles,marzo,2018,9555.0
2012-09-30,29,jueves,marzo,2018,9600.4
2012-10-03,3,martes,abril,2018,9549.6
2012-10-04,4,miércoles,abril,2018,9513.3
2012-10-05,5,jueves,abril,2018,9740.9
2012-10-06,6,viernes,abril,2018,9682.8
2012-10-07,9,lunes,abril,2018,9742.8
2012-10-08,10,martes,abril,2018,9763.5
2012-10-09,11,miércoles,abril,2018,9735.8
2012-10-10,12,jueves,abril,2018,9747.0
2012-10-11,13,viernes,abril,2018,9767.3
2012-10-12,16,lunes,abril,2018,9766.1
2012-10-13,17,martes,abril,2018,9803.9
2012-10-14,18,miércoles,abril,2018,9857.3
2012-10-15,19,jueves,abril,2018,9868.0
2012-10-16,20,viernes,abril,2018,9884.2
2012-10-17,23,lunes,abril,2018,9922.0
2012-10-18,24,martes,abril,2018,9883.4
2012-10-19,25,miércoles,abril,2018,9858.0
2012-10-20,26,jueves,abril,2018,9902.3
2012-10-21,27,viernes,abril,2018,9925.4
2012-10-22,30,lunes,abril,2018,9980.6
2012-10-24,2,miércoles,mayo,2018,10088.9
2012-10-25,3,jueves,mayo,2018,10038.8
2012-10-26,4,viernes,mayo,2018,10104.1
2012-10-27,7,lunes,mayo,2018,10140.9
2012-10-28,8,martes,mayo,2018,10168.1
2012-10-29,9,miércoles,mayo,2018,10221.2
2012-10-30,10,jueves,mayo,2018,10246.6
2012-10-31,11,viernes,mayo,2018,10271.4
2012-11-01,14,lunes,mayo,2018,10257.8
2012-11-02,15,martes,mayo,2018,10207.6
2012-11-03,16,miércoles,mayo,2018,10111.0
2012-11-04,17,jueves,mayo,2018,10216.4
2012-11-05,18,viernes,mayo,2018,10112.4
2012-11-06,21,lunes,mayo,2018,10066.5
2012-11-07,22,martes,mayo,2018,10138.8
2012-11-08,23,miércoles,mayo,2018,10025.0
2012-11-09,24,jueves,mayo,2018,9996.0
2012-11-10,25,viernes,mayo,2018,9826.5
2012-11-11,28,lunes,mayo,2018,9764.4
2012-11-12,29,martes,mayo,2018,9521.3
2012-11-13,30,miércoles,mayo,2018,9566.2
2012-11-14,31,jueves,mayo,2018,9465.5
2012-11-15,1,viernes,junio,2018,9632.4
2012-11-16,4,lunes,junio,2018,9750.3
2012-11-17,5,martes,junio,2018,9686.4
2012-11-18,6,miércoles,junio,2018,9791.6
2012-11-19,7,jueves,junio,2018,9829.0
2012-11-20,8,viernes,junio,2018,9746.3
2012-11-21,11,lunes,junio,2018,9898.3
2012-11-22,12,martes,junio,2018,9914.4
2012-11-23,13,miércoles,junio,2018,9899.1
2012-11-24,14,jueves,junio,2018,9957.7
2012-11-25,15,viernes,junio,2018,9851.0
2012-11-26,18,lunes,junio,2018,9769.4
2012-11-27,19,martes,junio,2018,9755.4
2012-11-28,20,miércoles,junio,2018,9788.9
2012-11-29,21,jueves,junio,2018,9702.1
2012-11-30,22,viernes,junio,2018,9792.1
2012-12-01,25,lunes,junio,2018,9617.9
2012-12-02,26,martes,junio,2018,9637.4
2012-12-03,27,miércoles,junio,2018,9658.6
2012-12-04,28,jueves,junio,2018,9589.0
2012-12-05,29,viernes,junio,2018,9622.7
2012-12-06,2,lunes,julio,2018,9558.3
2012-12-07,3,martes,julio,2018,9660.9
2012-12-08,4,miércoles,julio,2018,9757.5
2012-12-09,5,jueves,julio,2018,9866.2
2012-12-10,6,viernes,julio,2018,9905.0
2012-12-11,9,lunes,julio,2018,9927.0
2012-12-12,10,martes,julio,2018,9889.3
2012-12-13,11,miércoles,julio,2018,9733.6
2012-12-14,12,jueves,julio,2018,9767.4
2012-12-15,13,viernes,julio,2018,9734.8
2012-12-16,16,lunes,julio,2018,9716.9
2012-12-17,17,martes,julio,2018,9719.4
2012-12-18,18,miércoles,julio,2018,9753.2
2012-12-19,19,jueves,julio,2018,9721.1
2012-12-20,20,viernes,julio,2018,9724.8
2012-12-21,23,lunes,julio,2018,9726.1
2012-12-22,24,martes,julio,2018,9773.1
2012-12-23,25,miércoles,julio,2018,9703.1
2012-12-24,26,jueves,julio,2018,9780.0
2012-12-25,27,viernes,julio,2018,9867.9
2012-12-26,30,lunes,julio,2018,9854.1
2012-12-27,31,martes,julio,2018,9870.7
2012-12-28,1,miércoles,agosto,2018,9799.3
2012-12-29,2,jueves,agosto,2018,9698.2
2012-12-30,3,viernes,agosto,2018,9739.8
2012-12-31,6,lunes,agosto,2018,9722.7
2013-01-01,7,martes,agosto,2018,9772.8
2013-01-02,8,miércoles,agosto,2018,9747.1
2013-01-03,9,jueves,agosto,2018,9754.6
2013-01-04,10,viernes,agosto,2018,9602.1
2013-01-05,13,lunes,agosto,2018,9530.4
2013-01-06,14,martes,agosto,2018,9507.0
2013-01-07,15,miércoles,agosto,2018,9386.8
2013-01-08,16,jueves,agosto,2018,9427.4
2013-01-09,17,viernes,agosto,2018,9417.3
2013-01-10,20,lunes,agosto,2018,9468.6
2013-01-11,21,martes,agosto,2018,9549.0
2013-01-12,22,miércoles,agosto,2018,9580.2
2013-01-13,23,jueves,agosto,2018,9567.3
2013-01-14,24,viernes,agosto,2018,9589.5
2013-01-15,27,lunes,agosto,2018,9659.8
2013-01-16,28,martes,agosto,2018,9606.5
2013-01-17,29,miércoles,agosto,2018,9569.5
2013-01-18,30,jueves,agosto,2018,9467.6
2013-01-19,31,viernes,agosto,2018,9399.1
2013-01-20,3,lunes,septiembre,2018,9376.1
2013-01-21,4,martes,septiembre,2018,9376.3
2013-01-22,5,miércoles,septiembre,2018,9301.3
2013-01-23,6,jueves,septiembre,2018,9208.7
2013-01-24,7,viernes,septiembre,2018,9171.2
2013-01-25,10,lunes,septiembre,2018,9270.8
2013-01-26,11,martes,septiembre,2018,9284.1
2013-01-27,12,miércoles,septiembre,2018,9306.8
2013-01-28,13,jueves,septiembre,2018,9329.2
2013-01-29,14,viernes,septiembre,2018,9365.3
2013-01-30,17,lunes,septiembre,2018,9404.6
2013-01-31,18,martes,septiembre,2018,9447.5
2013-02-01,19,miércoles,septiembre,2018,9486.3
2013-02-02,20,jueves,septiembre,2018,9583.7
2013-02-03,21,viernes,septiembre,2018,9590.4
2013-02-04,24,lunes,septiembre,2018,9512.8
2013-02-05,25,martes,septiembre,2018,9493.6
2013-02-06,26,miércoles,septiembre,2018,9524.8
2013-02-07,27,jueves,septiembre,2018,9527.5
2013-02-08,28,viernes,septiembre,2018,9389.2
2013-02-09,1,lunes,octubre,2018,9407.0
2013-02-10,2,martes,octubre,2018,9305.5
2013-02-11,3,miércoles,octubre,2018,9361.1
2013-02-12,4,jueves,octubre,2018,9314.5
2013-02-13,5,viernes,octubre,2018,9253.9
2013-02-14,8,lunes,octubre,2018,9199.2
2013-02-15,9,martes,octubre,2018,9260.5
2013-02-16,10,miércoles,octubre,2018,9162.9
2013-02-17,11,jueves,octubre,2018,9007.9
2013-02-18,12,viernes,octubre,2018,8902.0
2013-02-19,15,lunes,octubre,2018,8923.7
2013-02-20,16,martes,octubre,2018,9074.7
2013-02-21,17,miércoles,octubre,2018,8997.2
2013-02-22,18,jueves,octubre,2018,8889.6
2013-02-23,19,viernes,octubre,2018,8892.1
2013-02-24,22,lunes,octubre,2018,8806.5
2013-02-25,23,martes,octubre,2018,8726.1
2013-02-26,24,miércoles,octubre,2018,8677.4
2013-02-27,25,jueves,octubre,2018,8785.2
2013-02-28,26,viernes,octubre,2018,8730.4
2013-03-01,29,lunes,octubre,2018,8821.2
2013-03-02,30,martes,octubre,2018,8806.1
2013-03-03,31,miércoles,octubre,2018,8893.5
2013-03-04,1,jueves,noviembre,2018,8954.8
2013-03-05,2,viernes,noviembre,2018,8993.0
2013-03-06,5,lunes,noviembre,2018,9010.7
2013-03-07,6,martes,noviembre,2018,8988.9
2013-03-08,7,miércoles,noviembre,2018,9167.9
2013-03-09,8,jueves,noviembre,2018,9177.0
2013-03-10,9,viernes,noviembre,2018,9134.8
2013-03-11,12,lunes,noviembre,2018,9076.3
2013-03-12,13,martes,noviembre,2018,9145.4
2013-03-13,14,miércoles,noviembre,2018,9106.6
2013-03-14,15,jueves,noviembre,2018,9073.5
2013-03-15,16,viernes,noviembre,2018,9056.8
2013-03-16,19,lunes,noviembre,2018,9006.3
2013-03-17,20,martes,noviembre,2018,8866.5
2013-03-18,21,miércoles,noviembre,2018,8960.6
2013-03-19,22,jueves,noviembre,2018,8906.2
2013-03-20,23,viernes,noviembre,2018,8916.7
2013-03-21,26,lunes,noviembre,2018,9091.2
2013-03-22,27,martes,noviembre,2018,9085.6
2013-03-23,28,miércoles,noviembre,2018,9102.7
2013-03-24,29,jueves,noviembre,2018,9098.9
2013-03-25,30,viernes,noviembre,2018,9077.2
2013-03-26,3,lunes,diciembre,2018,9179.6
2013-03-27,4,martes,diciembre,2018,9061.7
2013-03-28,5,miércoles,diciembre,2018,9012.2
2013-03-29,6,jueves,diciembre,2018,8764.5
2013-03-30,7,viernes,diciembre,2018,8815.5
2013-03-31,10,lunes,diciembre,2018,8660.0
2013-04-01,11,martes,diciembre,2018,8735.5
2013-04-02,12,miércoles,diciembre,2018,8853.4
2013-04-03,13,jueves,diciembre,2018,8926.3
2013-04-04,14,viernes,diciembre,2018,8886.1
2013-04-05,17,lunes,diciembre,2018,8812.5
2013-04-06,18,martes,diciembre,2018,8700.8
2013-04-07,19,miércoles,diciembre,2018,8769.1
2013-04-08,20,jueves,diciembre,2018,8596.5
2013-04-09,21,viernes,diciembre,2018,8556.8
2013-04-10,24,lunes,diciembre,2018,8480.6
2013-04-13,27,jueves,diciembre,2018,8363.9
2013-04-14,28,viernes,diciembre,2018,8493.7
2013-04-15,31,lunes,diciembre,2018,8539.9
2013-04-17,2,miércoles,enero,2019,8550.0
2013-04-18,3,jueves,enero,2019,8523.3
2013-04-19,4,viernes,enero,2019,8737.8
2013-04-20,7,lunes,enero,2019,8776.3
2013-04-21,8,martes,enero,2019,8847.3
2013-04-22,9,miércoles,enero,2019,8823.6
2013-04-23,10,jueves,enero,2019,8856.8
2013-04-24,11,viernes,enero,2019,8877.1
2013-04-25,14,lunes,enero,2019,8818.6
2013-04-26,15,martes,enero,2019,8850.1
2013-04-27,16,miércoles,enero,2019,8912.7
2013-04-28,17,jueves,enero,2019,8908.6
2013-04-29,18,viernes,enero,2019,9069.1
2013-04-30,21,lunes,enero,2019,9053.8
2013-05-01,22,martes,enero,2019,9037.5
2013-05-02,23,miércoles,enero,2019,9128.8
2013-05-03,24,jueves,enero,2019,9150.0
2013-05-04,25,viernes,enero,2019,9185.2
2013-05-05,28,lunes,enero,2019,9062.4
2013-05-06,29,martes,enero,2019,9119.1
2013-05-07,30,miércoles,enero,2019,9071.5
2013-05-08,31,jueves,enero,2019,9056.7
2013-05-09,1,viernes,febrero,2019,9019.4
2013-05-10,4,lunes,febrero,2019,8975.2
2013-05-11,5,martes,febrero,2019,9092.0
2013-05-12,6,miércoles,febrero,2019,9100.9
2013-05-13,7,jueves,febrero,2019,8938.3
2013-05-14,8,viernes,febrero,2019,8856.8
2013-05-15,11,lunes,febrero,2019,8936.4
2013-05-16,12,martes,febrero,2019,8983.1
2013-05-17,13,miércoles,febrero,2019,8982.4
2013-05-18,14,jueves,febrero,2019,8952.5
2013-05-19,15,viernes,febrero,2019,9123.2
2013-05-20,18,lunes,febrero,2019,9155.5
2013-05-21,19,martes,febrero,2019,9136.4
2013-05-22,20,miércoles,febrero,2019,9181.1
2013-05-23,21,jueves,febrero,2019,9191.2
2013-05-24,22,viernes,febrero,2019,9204.6
2013-05-25,25,lunes,febrero,2019,9204.3
2013-05-26,26,martes,febrero,2019,9227.2
2013-05-27,27,miércoles,febrero,2019,9211.7
2013-05-28,28,jueves,febrero,2019,9277.7
2013-05-29,1,viernes,marzo,2019,9267.7
2013-05-30,4,lunes,marzo,2019,9259.8
2013-05-31,5,martes,marzo,2019,9258.2
2013-06-01,6,miércoles,marzo,2019,9296.7
2013-06-02,7,jueves,marzo,2019,9249.9
2013-06-03,8,viernes,marzo,2019,9129.3
2013-06-04,11,lunes,marzo,2019,9171.9
2013-06-05,12,martes,marzo,2019,9161.7
2013-06-06,13,miércoles,marzo,2019,9192.7
2013-06-07,14,jueves,marzo,2019,9209.8
2013-06-08,15,viernes,marzo,2019,9342.2
2013-06-09,18,lunes,marzo,2019,9409.1
2013-06-10,19,martes,marzo,2019,9492.3
2013-06-11,20,miércoles,marzo,2019,9405.6
2013-06-12,21,jueves,marzo,2019,9355.6
2013-06-13,22,viernes,marzo,2019,9199.4
2013-06-14,25,lunes,marzo,2019,9179.9
2013-06-15,26,martes,marzo,2019,9183.1
2013-06-16,27,miércoles,marzo,2019,9229.9
2013-06-17,28,jueves,marzo,2019,9174.7
2013-06-18,29,viernes,marzo,2019,9240.3
2013-06-19,1,lunes,abril,2019,9341.7
2013-06-20,2,martes,abril,2019,9363.5
2013-06-21,3,miércoles,abril,2019,9487.8
2013-06-22,4,jueves,abril,2019,9534.1
2013-06-23,5,viernes,abril,2019,9510.3
2013-06-24,8,lunes,abril,2019,9437.7
2013-06-25,9,martes,abril,2019,9407.8
2013-06-26,10,miércoles,abril,2019,9406.5
2013-06-27,11,jueves,abril,2019,9445.4
2013-06-28,12,viernes,abril,2019,9468.5
2013-06-29,15,lunes,abril,2019,9497.1
2013-06-30,16,martes,abril,2019,9497.3
2013-07-01,17,miércoles,abril,2019,9549.8
2013-07-02,18,jueves,abril,2019,9581.9
2013-07-05,23,martes,abril,2019,9527.2
2013-07-06,24,miércoles,abril,2019,9456.4
2013-07-07,25,jueves,abril,2019,9501.2
2013-07-08,26,viernes,abril,2019,9506.0
2013-07-09,29,lunes,abril,2019,9517.2
2013-07-10,30,martes,abril,2019,9570.6
2013-07-12,2,jueves,mayo,2019,9418.2
2013-07-13,3,viernes,mayo,2019,9409.6
2013-07-14,6,lunes,mayo,2019,9331.0
2013-07-15,7,martes,mayo,2019,9235.1
2013-07-16,8,miércoles,mayo,2019,9227.0
2013-07-17,9,jueves,mayo,2019,9095.2
2013-07-18,10,viernes,mayo,2019,9117.5
2013-07-19,13,lunes,mayo,2019,9046.8
2013-07-20,14,martes,mayo,2019,9127.6
2013-07-21,15,miércoles,mayo,2019,9177.1
2013-07-22,16,jueves,mayo,2019,9304.3
2013-07-23,17,viernes,mayo,2019,9280.1
2013-07-24,20,lunes,mayo,2019,9199.7
2013-07-25,21,martes,mayo,2019,9239.1
2013-07-26,22,miércoles,mayo,2019,9232.2
2013-07-27,23,jueves,mayo,2019,9114.0
2013-07-28,24,viernes,mayo,2019,9174.6
2013-07-29,27,lunes,mayo,2019,9216.4
2013-07-30,28,martes,mayo,2019,9191.8
2013-07-31,29,miércoles,mayo,2019,9080.5
2013-08-01,30,jueves,mayo,2019,9157.8
2013-08-02,31,viernes,mayo,2019,9004.2
2013-08-03,3,lunes,junio,2019,9022.8
2013-08-04,4,martes,junio,2019,9117.6
2013-08-05,5,miércoles,junio,2019,9150.5
2013-08-06,6,jueves,junio,2019,9169.2
2013-08-07,7,viernes,junio,2019,9236.1
2013-08-08,10,lunes,junio,2019,9294.1
2013-08-09,11,martes,junio,2019,9282.1
2013-08-10,12,miércoles,junio,2019,9238.5
2013-08-11,13,jueves,junio,2019,9247.1
2013-08-12,14,viernes,junio,2019,9194.2
2013-08-13,17,lunes,junio,2019,9131.7
2013-08-14,18,martes,junio,2019,9240.7
2013-08-15,19,miércoles,junio,2019,9231.2
2013-08-16,20,jueves,junio,2019,9208.5
2013-08-17,21,viernes,junio,2019,9227.2
2013-08-18,24,lunes,junio,2019,9192.5
2013-08-19,25,martes,junio,2019,9159.8
2013-08-20,26,miércoles,junio,2019,9157.4
2013-08-21,27,jueves,junio,2019,9147.8
2013-08-22,28,viernes,junio,2019,9198.8
2013-08-23,1,lunes,julio,2019,9264.6
2013-08-24,2,martes,julio,2019,9281.5
2013-08-25,3,miércoles,julio,2019,9394.4
2013-08-26,4,jueves,julio,2019,9401.0
2013-08-27,5,viernes,julio,2019,9335.0
2013-08-28,8,lunes,julio,2019,9284.7
2013-08-29,9,martes,julio,2019,9273.9
2013-08-30,10,miércoles,julio,2019,9252.9
2013-08-31,11,jueves,julio,2019,9280.3
2013-09-01,12,viernes,julio,2019,9293.2
2013-09-02,15,lunes,julio,2019,9323.6
2013-09-03,16,martes,julio,2019,9377.1
2013-09-04,17,miércoles,julio,2019,9284.2
2013-09-05,18,jueves,julio,2019,9225.7
2013-09-06,19,viernes,julio,2019,9170.5
2013-09-07,22,lunes,julio,2019,9163.5
2013-09-08,23,martes,julio,2019,9281.6
2013-09-09,24,miércoles,julio,2019,9329.7
2013-09-10,25,jueves,julio,2019,9289.9
2013-09-11,26,viernes,julio,2019,9225.5
2013-09-12,29,lunes,julio,2019,9215.4
2013-09-13,30,martes,julio,2019,8986.6
2013-09-14,31,miércoles,julio,2019,8971.0
2013-09-15,1,jueves,agosto,2019,9038.2
2013-09-16,2,viernes,agosto,2019,8897.6
2013-09-17,5,lunes,agosto,2019,8777.2
2013-09-18,6,martes,agosto,2019,8699.4
2013-09-19,7,miércoles,agosto,2019,8746.1
2013-09-20,8,jueves,agosto,2019,8869.0
2013-09-21,9,viernes,agosto,2019,8757.8
2013-09-22,12,lunes,agosto,2019,8676.4
2013-09-23,13,martes,agosto,2019,8695.1
2013-09-24,14,miércoles,agosto,2019,8522.7
2013-09-25,15,jueves,agosto,2019,8519.0
2013-09-26,16,viernes,agosto,2019,8670.4
2013-09-27,19,lunes,agosto,2019,8733.3
2013-09-28,20,martes,agosto,2019,8618.3
2013-09-29,21,miércoles,agosto,2019,8701.5
2013-09-30,22,jueves,agosto,2019,8716.4
2013-10-01,23,viernes,agosto,2019,8649.5
2013-10-02,26,lunes,agosto,2019,8679.2
2013-10-03,27,martes,agosto,2019,8728.9
2013-10-04,28,miércoles,agosto,2019,8747.1
2013-10-05,29,jueves,agosto,2019,8794.3
2013-10-06,30,viernes,agosto,2019,8812.9
2013-10-07,2,lunes,septiembre,2019,8815.5
2013-10-08,3,martes,septiembre,2019,8809.2
2013-10-09,4,miércoles,septiembre,2019,8856.6
2013-10-10,5,jueves,septiembre,2019,8992.7
2013-10-11,6,viernes,septiembre,2019,8990.1
2013-10-12,9,lunes,septiembre,2019,9010.6
2013-10-13,10,martes,septiembre,2019,9078.2
2013-10-14,11,miércoles,septiembre,2019,9059.5
2013-10-15,12,jueves,septiembre,2019,9082.3
2013-10-16,13,viernes,septiembre,2019,9137.9
2013-10-17,16,lunes,septiembre,2019,9052.0
2013-10-18,17,martes,septiembre,2019,9004.2
2013-10-19,18,miércoles,septiembre,2019,9031.7
2013-10-20,19,jueves,septiembre,2019,9136.0
2013-10-21,20,viernes,septiembre,2019,9179.0
2013-10-22,23,lunes,septiembre,2019,9093.6
2013-10-23,24,martes,septiembre,2019,9118.2
2013-10-24,25,miércoles,septiembre,2019,9085.3
2013-10-25,26,jueves,septiembre,2019,9129.7
2013-10-26,27,viernes,septiembre,2019,9184.1
2013-10-27,30,lunes,septiembre,2019,9244.6
2013-10-28,1,martes,octubre,2019,9165.9
2013-10-29,2,miércoles,octubre,2019,8912.2
2013-10-30,3,jueves,octubre,2019,8902.2
2013-10-31,4,viernes,octubre,2019,8961.8
2013-11-01,7,lunes,octubre,2019,9044.1
2013-11-02,8,martes,octubre,2019,8940.1
2013-11-03,9,miércoles,octubre,2019,8991.9
2013-11-04,10,jueves,octubre,2019,9104.4
2013-11-05,11,viernes,octubre,2019,9273.8
2013-11-06,14,lunes,octubre,2019,9246.5
2013-11-07,15,martes,octubre,2019,9356.1
2013-11-08,16,miércoles,octubre,2019,9386.7
2013-11-09,17,jueves,octubre,2019,9340.0
2013-11-10,18,viernes,octubre,2019,9329.8
2013-11-11,21,lunes,octubre,2019,9402.3
2013-11-12,22,martes,octubre,2019,9380.2
2013-11-13,23,miércoles,octubre,2019,9385.0
2013-11-14,24,jueves,octubre,2019,9391.8
2013-11-15,25,viernes,octubre,2019,9430.2
2013-11-16,28,lunes,octubre,2019,9433.0
2013-11-17,29,martes,octubre,2019,9400.1
2013-11-18,30,miércoles,octubre,2019,9284.5
2013-11-19,31,jueves,octubre,2019,9257.5
2013-11-20,1,viernes,noviembre,2019,9328.0
2013-11-21,4,lunes,noviembre,2019,9416.4
2013-11-22,5,martes,noviembre,2019,9407.9
2013-11-23,6,miércoles,noviembre,2019,9398.4
2013-11-24,7,jueves,noviembre,2019,9447.3
2013-11-25,8,viernes,noviembre,2019,9393.7
2013-11-26,11,lunes,noviembre,2019,9388.5
2013-11-27,12,martes,noviembre,2019,9306.7
2013-11-28,13,miércoles,noviembre,2019,9194.5
2013-11-29,14,jueves,noviembre,2019,9173.3
2013-11-30,15,viernes,noviembre,2019,9261.4
2013-12-01,18,lunes,noviembre,2019,9258.0
2013-12-02,19,martes,noviembre,2019,9259.2
2013-12-03,20,miércoles,noviembre,2019,9225.4
2013-12-04,21,jueves,noviembre,2019,9214.0
2013-12-05,22,viernes,noviembre,2019,9254.7
2013-12-06,25,lunes,noviembre,2019,9319.9
2013-12-07,26,martes,noviembre,2019,9324.8
2013-12-08,27,miércoles,noviembre,2019,9362.7
2013-12-09,28,jueves,noviembre,2019,9359.0
2013-12-10,29,viernes,noviembre,2019,9352.0
2013-12-11,2,lunes,diciembre,2019,9156.3
2013-12-12,3,martes,diciembre,2019,9135.7
2013-12-13,4,miércoles,diciembre,2019,9270.8
2013-12-14,5,jueves,diciembre,2019,9243.4
2013-12-15,6,viernes,diciembre,2019,9382.7
2013-12-16,9,lunes,diciembre,2019,9354.6
2013-12-17,10,martes,diciembre,2019,9321.1
2013-12-18,11,miércoles,diciembre,2019,9392.5
2013-12-19,12,jueves,diciembre,2019,9468.5
2013-12-20,13,viernes,diciembre,2019,9563.7
2013-12-21,16,lunes,diciembre,2019,9680.6
2013-12-22,17,martes,diciembre,2019,9615.9
2013-12-23,18,miércoles,diciembre,2019,9621.8
2013-12-24,19,jueves,diciembre,2019,9617.2
2013-12-25,20,viernes,diciembre,2019,9675.5
2013-12-26,23,lunes,diciembre,2019,9659.6
2013-12-27,24,martes,diciembre,2019,9661.8
2013-12-30,27,viernes,diciembre,2019,9700.5
2013-12-31,30,lunes,diciembre,2019,9612.6
2014-01-01,31,martes,diciembre,2019,9549.2
2014-01-03,2,jueves,enero,2020,9691.2
2014-01-04,3,viernes,enero,2020,9646.6
2014-01-05,6,lunes,enero,2020,9600.9
2014-01-06,7,martes,enero,2020,9579.8
2014-01-07,8,miércoles,enero,2020,9591.4
2014-01-08,9,jueves,enero,2020,9581.8
2014-01-09,10,viernes,enero,2020,9573.6
2014-01-10,13,lunes,enero,2020,9543.9
2014-01-11,14,martes,enero,2020,9528.3
2014-01-12,15,miércoles,enero,2020,9511.7
2014-01-13,16,jueves,enero,2020,9572.5
2014-01-14,17,viernes,enero,2020,9681.3
2014-01-15,20,lunes,enero,2020,9658.8
2014-01-16,21,martes,enero,2020,9611.3
2014-01-17,22,miércoles,enero,2020,9573.7
2014-01-18,23,jueves,enero,2020,9518.5
2014-01-19,24,viernes,enero,2020,9562.0
2014-01-20,27,lunes,enero,2020,9366.3
2014-01-21,28,martes,enero,2020,9484.2
2014-01-22,29,miércoles,enero,2020,9546.7
2014-01-23,30,jueves,enero,2020,9477.9
2014-01-24,31,viernes,enero,2020,9367.9
2014-01-25,3,lunes,febrero,2020,9404.7
2014-01-26,4,martes,febrero,2020,9562.9
2014-01-27,5,miércoles,febrero,2020,9717.8
2014-01-28,6,jueves,febrero,2020,9811.3
2014-01-29,7,viernes,febrero,2020,9811.0
2014-01-30,10,lunes,febrero,2020,9816.0
2014-01-31,11,martes,febrero,2020,9882.6
2014-02-01,12,miércoles,febrero,2020,9940.4
2014-02-02,13,jueves,febrero,2020,9909.8
2014-02-03,14,viernes,febrero,2020,9956.8
2014-02-04,17,lunes,febrero,2020,10022.2
2014-02-05,18,martes,febrero,2020,10005.8
2014-02-06,19,miércoles,febrero,2020,10083.6
2014-02-07,20,jueves,febrero,2020,9931.0
2014-02-08,21,viernes,febrero,2020,9886.2
2014-02-09,24,lunes,febrero,2020,9483.5
2014-02-10,25,martes,febrero,2020,9250.8
2014-02-11,26,miércoles,febrero,2020,9316.8
2014-02-12,27,jueves,febrero,2020,8985.9
2014-02-13,28,viernes,febrero,2020,8723.2
2014-02-14,2,lunes,marzo,2020,8741.5
2014-02-15,3,martes,marzo,2020,8811.6
2014-02-16,4,miércoles,marzo,2020,8910.0
2014-02-17,5,jueves,marzo,2020,8683.0
2014-02-18,6,viernes,marzo,2020,8375.6
2014-02-19,9,lunes,marzo,2020,7708.7
2014-02-20,10,martes,marzo,2020,7461.5
2014-02-21,11,miércoles,marzo,2020,7436.4
2014-02-22,12,jueves,marzo,2020,6390.9
2014-02-23,13,viernes,marzo,2020,6629.6
2014-02-24,16,lunes,marzo,2020,6107.2
2014-02-25,17,martes,marzo,2020,6498.5
2014-02-26,18,miércoles,marzo,2020,6274.8
2014-02-27,19,jueves,marzo,2020,6395.8
2014-02-28,20,viernes,marzo,2020,6443.3
2014-03-01,23,lunes,marzo,2020,6230.2
2014-03-02,24,martes,marzo,2020,6717.3
2014-03-03,25,miércoles,marzo,2020,6942.4
2014-03-04,26,jueves,marzo,2020,7033.2
2014-03-05,27,viernes,marzo,2020,6777.9
2014-03-06,30,lunes,marzo,2020,6659.9
2014-03-07,31,martes,marzo,2020,6785.4
2014-03-08,1,miércoles,abril,2020,6579.4
2014-03-09,2,jueves,abril,2020,6574.1
2014-03-10,3,viernes,abril,2020,6581.6
2014-03-11,6,lunes,abril,2020,6844.3
2014-03-12,7,martes,abril,2020,7002.0
2014-03-13,8,miércoles,abril,2020,6951.8
2014-03-14,9,jueves,abril,2020,7070.6
2014-03-17,14,martes,abril,2020,7108.6
2014-03-18,15,miércoles,abril,2020,6839.5
2014-03-19,16,jueves,abril,2020,6763.4
2014-03-20,17,viernes,abril,2020,6875.8
2014-03-21,20,lunes,abril,2020,6831.5
2014-03-22,21,martes,abril,2020,6634.9
2014-03-23,22,miércoles,abril,2020,6719.8
2014-03-24,23,jueves,abril,2020,6746.5
2014-03-25,24,viernes,abril,2020,6613.9
2014-03-26,27,lunes,abril,2020,6731.8
2014-03-27,28,martes,abril,2020,6836.4
2014-03-28,29,miércoles,abril,2020,7055.7
2014-03-29,30,jueves,abril,2020,6922.3
2014-03-31,4,lunes,mayo,2020,6673.3
2014-04-01,5,martes,mayo,2020,6747.7
2014-04-02,6,miércoles,mayo,2020,6671.7
2014-04-03,7,jueves,mayo,2020,6730.9
2014-04-04,8,viernes,mayo,2020,6783.1
2014-04-05,11,lunes,mayo,2020,6672.2
2014-04-06,12,martes,mayo,2020,6762.7
2014-04-07,13,miércoles,mayo,2020,6631.4
2014-04-08,14,jueves,mayo,2020,6545.6
2014-04-09,15,viernes,mayo,2020,6474.9
2014-04-10,18,lunes,mayo,2020,6779.3
2014-04-11,19,martes,mayo,2020,6609.1
2014-04-12,20,miércoles,mayo,2020,6683.6
2014-04-13,21,jueves,mayo,2020,6686.1
2014-04-14,22,viernes,mayo,2020,6697.5
2014-04-15,25,lunes,mayo,2020,6856.8
2014-04-16,26,martes,mayo,2020,7003.9
2014-04-17,27,miércoles,mayo,2020,7174.5
2014-04-18,28,jueves,mayo,2020,7224.1
2014-04-19,29,viernes,mayo,2020,7096.5
2014-04-20,1,lunes,junio,2020,7221.4
2014-04-21,2,martes,junio,2020,7408.1
2014-04-22,3,miércoles,junio,2020,7626.4
2014-04-23,4,jueves,junio,2020,7566.8
2014-04-24,5,viernes,junio,2020,7872.6
2014-04-25,8,lunes,junio,2020,7896.1
2014-04-26,9,martes,junio,2020,7752.3
2014-04-27,10,miércoles,junio,2020,7663.9
2014-04-28,11,jueves,junio,2020,7278.0
2014-04-29,12,viernes,junio,2020,7292.7
2014-04-30,15,lunes,junio,2020,7259.3
2014-05-01,16,martes,junio,2020,7495.3
2014-05-02,17,miércoles,junio,2020,7478.7
2014-05-03,18,jueves,junio,2020,7390.2
2014-05-04,19,viernes,junio,2020,7414.2
2014-05-05,22,lunes,junio,2020,7345.7
2014-05-06,23,martes,junio,2020,7438.4
2014-05-07,24,miércoles,junio,2020,7195.5
2014-05-08,25,jueves,junio,2020,7270.3
2014-05-09,26,viernes,junio,2020,7178.4
2014-05-10,29,lunes,junio,2020,7278.1
2014-05-11,30,martes,junio,2020,7231.4
2014-05-12,1,miércoles,julio,2020,7227.4
2014-05-13,2,jueves,julio,2020,7498.6
2014-05-14,3,viernes,julio,2020,7403.5
2014-05-15,6,lunes,julio,2020,7556.2
2014-05-16,7,martes,julio,2020,7447.4
2014-05-17,8,miércoles,julio,2020,7326.4
2014-05-18,9,jueves,julio,2020,7236.9
2014-05-19,10,viernes,julio,2020,7321.1
2014-05-20,13,lunes,julio,2020,7426.9
2014-05-21,14,martes,julio,2020,7352.0
2014-05-22,15,miércoles,julio,2020,7487.6
2014-05-23,16,jueves,julio,2020,7474.7
2014-05-24,17,viernes,julio,2020,7440.4
2014-05-25,20,lunes,julio,2020,7478.0
2014-05-26,21,martes,julio,2020,7494.5
2014-05-27,22,miércoles,julio,2020,7390.1
2014-05-28,23,jueves,julio,2020,7384.9
2014-05-29,24,viernes,julio,2020,7294.7
2014-05-30,27,lunes,julio,2020,7170.6
2014-05-31,28,martes,julio,2020,7246.4
2014-06-01,29,miércoles,julio,2020,7206.2
2014-06-02,30,jueves,julio,2020,6996.6
2014-06-03,31,viernes,julio,2020,6877.4
2014-06-04,3,lunes,agosto,2020,6975.0
2014-06-05,4,martes,agosto,2020,7021.6
2014-06-06,5,miércoles,agosto,2020,7039.7
2014-06-07,6,jueves,agosto,2020,6957.9
2014-06-08,7,viernes,agosto,2020,6950.5
2014-06-09,10,lunes,agosto,2020,7053.9
2014-06-10,11,martes,agosto,2020,7263.5
2014-06-11,12,miércoles,agosto,2020,7296.0
2014-06-12,13,jueves,agosto,2020,7250.5
2014-06-13,14,viernes,agosto,2020,7154.3
2014-06-14,17,lunes,agosto,2020,7090.1
2014-06-15,18,martes,agosto,2020,7043.5
2014-06-16,19,miércoles,agosto,2020,7094.3
2014-06-17,20,jueves,agosto,2020,6993.3
2014-06-18,21,viernes,agosto,2020,6982.1
2014-06-19,24,lunes,agosto,2020,7109.1
2014-06-20,25,martes,agosto,2020,7108.4
2014-06-21,26,miércoles,agosto,2020,7123.0
2014-06-22,27,jueves,agosto,2020,7090.7
2014-06-23,28,viernes,agosto,2020,7133.0
2014-06-24,31,lunes,agosto,2020,6969.5
2014-06-25,1,martes,septiembre,2020,6956.9
2014-06-26,2,miércoles,septiembre,2020,6996.9
2014-06-27,3,jueves,septiembre,2020,7006.0
2014-06-28,4,viernes,septiembre,2020,6989.7
2014-06-29,7,lunes,septiembre,2020,7080.7
2014-06-30,8,martes,septiembre,2020,6955.0
2014-07-01,9,miércoles,septiembre,2020,7020.9
2014-07-02,10,jueves,septiembre,2020,6999.2
2014-07-03,11,viernes,septiembre,2020,6943.2
2014-07-04,14,lunes,septiembre,2020,6951.1
2014-07-05,15,martes,septiembre,2020,7036.0
2014-07-06,16,miércoles,septiembre,2020,7110.8
2014-07-07,17,jueves,septiembre,2020,7086.2
2014-07-08,18,viernes,septiembre,2020,6929.8
2014-07-09,21,lunes,septiembre,2020,6692.3
2014-07-10,22,martes,septiembre,2020,6648.6
2014-07-11,23,miércoles,septiembre,2020,6654.2
2014-07-12,24,jueves,septiembre,2020,6643.4
2014-07-13,25,viernes,septiembre,2020,6628.3
2014-07-14,28,lunes,septiembre,2020,6791.5
2014-07-15,29,martes,septiembre,2020,6713.6
2014-07-16,30,miércoles,septiembre,2020,6716.6
2014-07-17,1,jueves,octubre,2020,6730.7
2014-07-18,2,viernes,octubre,2020,6754.5
2014-07-19,5,lunes,octubre,2020,6837.9
2014-07-20,6,martes,octubre,2020,6936.2
2014-07-21,7,miércoles,octubre,2020,6910.1
2014-07-22,8,jueves,octubre,2020,6992.8
2014-07-23,9,viernes,octubre,2020,6950.9
2014-07-24,12,lunes,octubre,2020,6951.0
2014-07-25,13,martes,octubre,2020,6875.2
2014-07-26,14,miércoles,octubre,2020,6916.6
2014-07-27,15,jueves,octubre,2020,6816.8
2014-07-28,16,viernes,octubre,2020,6849.7
2014-07-29,19,lunes,octubre,2020,6860.2
2014-07-30,20,martes,octubre,2020,6927.3
2014-07-31,21,miércoles,octubre,2020,6811.5
2014-08-01,22,jueves,octubre,2020,6796.6
2014-08-02,23,viernes,octubre,2020,6893.4
2014-08-03,26,lunes,octubre,2020,6796.9
2014-08-04,27,martes,octubre,2020,6651.3
2014-08-05,28,miércoles,octubre,2020,6474.4
2014-08-06,29,jueves,octubre,2020,6411.8
2014-08-07,30,viernes,octubre,2020,6452.2
2014-08-08,2,lunes,noviembre,2020,6585.6
2014-08-09,3,martes,noviembre,2020,6751.6
2014-08-10,4,miércoles,noviembre,2020,6781.9
2014-08-11,5,jueves,noviembre,2020,6924.2
2014-08-12,6,viernes,noviembre,2020,6870.4
2014-08-13,9,lunes,noviembre,2020,7459.4
2014-08-14,10,martes,noviembre,2020,7711.4
2014-08-15,11,miércoles,noviembre,2020,7793.7
2014-08-16,12,jueves,noviembre,2020,7726.0
2014-08-17,13,viernes,noviembre,2020,7783.7
2014-08-18,16,lunes,noviembre,2020,7986.2
2014-08-19,17,martes,noviembre,2020,7934.3
2014-08-20,18,miércoles,noviembre,2020,7981.5
2014-08-21,19,jueves,noviembre,2020,7930.2
2014-08-22,20,viernes,noviembre,2020,7977.9
2014-08-23,23,lunes,noviembre,2020,7981.2
2014-08-24,24,martes,noviembre,2020,8143.2
2014-08-25,25,miércoles,noviembre,2020,8164.7
2014-08-26,26,jueves,noviembre,2020,8104.6
2014-08-27,27,viernes,noviembre,2020,8190.7
2014-08-28,30,lunes,noviembre,2020,8076.9
2014-08-29,1,martes,diciembre,2020,8140.8
2014-08-30,2,miércoles,diciembre,2020,8220.8
2014-08-31,3,jueves,diciembre,2020,8200.7
2014-09-01,4,viernes,diciembre,2020,8322.9
2014-09-02,7,lunes,diciembre,2020,8275.6
2014-09-03,8,martes,diciembre,2020,8227.6
2014-09-04,9,miércoles,diciembre,2020,8235.3
2014-09-05,10,jueves,diciembre,2020,8182.3
2014-09-06,11,viernes,diciembre,2020,8063.1
2014-09-07,14,lunes,diciembre,2020,8140.8
2014-09-08,15,martes,diciembre,2020,8152.4
2014-09-09,16,miércoles,diciembre,2020,8139.5
2014-09-10,17,jueves,diciembre,2020,8153.4
2014-09-11,18,viernes,diciembre,2020,8037.4
2014-09-12,21,lunes,diciembre,2020,7789.8
2014-09-13,22,martes,diciembre,2020,7934.2
2014-09-14,23,miércoles,diciembre,2020,8073.6
2014-09-15,24,jueves,diciembre,2020,8111.5
2014-09-17,28,lunes,diciembre,2020,8155.6
2014-09-18,29,martes,diciembre,2020,8174.8
2014-09-19,30,miércoles,diciembre,2020,8154.4
2014-09-20,31,jueves,diciembre,2020,8073.7
2014-09-22,4,lunes,enero,2021,8099.2
2014-09-23,5,martes,enero,2021,8091.5
2014-09-24,6,miércoles,enero,2021,8350.3
2014-09-25,7,jueves,enero,2021,8385.8
2014-09-26,8,viernes,enero,2021,8407.7
2014-09-27,11,lunes,enero,2021,8357.5
2014-09-28,12,martes,enero,2021,8345.9
2014-09-29,13,miércoles,enero,2021,8361.1
2014-09-30,14,jueves,enero,2021,8372.4
2014-10-01,15,viernes,enero,2021,8230.7
2014-10-02,18,lunes,enero,2021,8254.5
2014-10-03,19,martes,enero,2021,8199.0
2014-10-04,20,miércoles,enero,2021,8204.1
2014-10-05,21,jueves,enero,2021,8122.1
2014-10-06,22,viernes,enero,2021,8036.4
2014-10-07,25,lunes,enero,2021,7897.3
2014-10-08,26,martes,enero,2021,7964.9
2014-10-09,27,miércoles,enero,2021,7852.7
2014-10-10,28,jueves,enero,2021,7932.5
2014-10-11,29,viernes,enero,2021,7757.5
2014-10-12,1,lunes,febrero,2021,7798.2
2014-10-13,2,martes,febrero,2021,7950.9
2014-10-14,3,miércoles,febrero,2021,8012.8
2014-10-15,4,jueves,febrero,2021,8122.6
2014-10-16,5,viernes,febrero,2021,8214.7
2014-10-17,8,lunes,febrero,2021,8219.0
2014-10-18,9,martes,febrero,2021,8101.0
2014-10-19,10,miércoles,febrero,2021,8065.4
2014-10-20,11,jueves,febrero,2021,8037.6
2014-10-21,12,viernes,febrero,2021,8055.0
2014-10-22,15,lunes,febrero,2021,8203.5
2014-10-23,16,martes,febrero,2021,8153.7
2014-10-24,17,miércoles,febrero,2021,8122.7
2014-10-25,18,jueves,febrero,2021,8058.1
2014-10-26,19,viernes,febrero,2021,8151.6
2014-10-27,22,lunes,febrero,2021,8112.2
2014-10-28,23,martes,febrero,2021,8252.1
2014-10-29,24,miércoles,febrero,2021,8269.6
2014-10-30,25,jueves,febrero,2021,8317.8
2014-10-31,26,viernes,febrero,2021,8225.0
2014-11-01,1,lunes,marzo,2021,8378.1
2014-11-02,2,martes,marzo,2021,8355.8
2014-11-03,3,miércoles,marzo,2021,8329.3
2014-11-04,4,jueves,marzo,2021,8354.0
2014-11-05,5,viernes,marzo,2021,8286.8
2014-11-06,8,lunes,marzo,2021,8444.2
2014-11-07,9,martes,marzo,2021,8496.4
2014-11-08,10,miércoles,marzo,2021,8525.2
2014-11-09,11,jueves,marzo,2021,8593.0
2014-11-10,12,viernes,marzo,2021,8644.5
2014-11-11,15,lunes,marzo,2021,8635.4
2014-11-12,16,martes,marzo,2021,8657.7
2014-11-13,17,miércoles,marzo,2021,8599.5
2014-11-14,18,jueves,marzo,2021,8624.6
2014-11-15,19,viernes,marzo,2021,8493.0
2014-11-16,22,lunes,marzo,2021,8343.5
2014-11-17,23,martes,marzo,2021,8390.3
2014-11-18,24,miércoles,marzo,2021,8443.7
2014-11-19,25,jueves,marzo,2021,8409.5
2014-11-20,26,viernes,marzo,2021,8498.2
2014-11-21,29,lunes,marzo,2021,8492.1
2014-11-22,30,martes,marzo,2021,8595.2
2014-11-23,31,miércoles,marzo,2021,8580.0
2014-11-24,1,jueves,abril,2021,8577.6
2014-11-27,6,martes,abril,2021,8634.6
2014-11-28,7,miércoles,abril,2021,8597.4
2014-11-29,8,jueves,abril,2021,8637.8
2014-11-30,9,viernes,abril,2021,8565.8
2014-12-01,12,lunes,abril,2021,8532.6
2014-12-02,13,martes,abril,2021,8525.1
2014-12-03,14,miércoles,abril,2021,8588.4
2014-12-04,15,jueves,abril,2021,8571.6
2014-12-05,16,viernes,abril,2021,8613.5
2014-12-06,19,lunes,abril,2021,8711.4
2014-12-07,20,martes,abril,2021,8459.4
2014-12-08,21,miércoles,abril,2021,8519.8
2014-12-09,22,jueves,abril,2021,8656.8
2014-12-10,23,viernes,abril,2021,8618.6
2014-12-11,26,lunes,abril,2021,8701.9
2014-12-12,27,martes,abril,2021,8756.7
2014-12-13,28,miércoles,abril,2021,8799.6
2014-12-14,29,jueves,abril,2021,8823.2
2014-12-15,30,viernes,abril,2021,8815.0
2014-12-16,3,lunes,mayo,2021,8893.7
2014-12-17,4,martes,mayo,2021,8830.4
2014-12-18,5,miércoles,mayo,2021,8967.8
2014-12-19,6,jueves,mayo,2021,8982.2
2014-12-20,7,viernes,mayo,2021,9059.2
2014-12-21,10,lunes,mayo,2021,9144.3
2014-12-22,11,martes,mayo,2021,8987.2
2014-12-23,12,miércoles,mayo,2021,9007.7
2014-12-24,13,jueves,mayo,2021,8966.2
2014-12-25,14,viernes,mayo,2021,9145.6
2014-12-26,17,lunes,mayo,2021,9155.6
2014-12-27,18,martes,mayo,2021,9183.9
2014-12-28,19,miércoles,mayo,2021,9070.7
2014-12-29,20,jueves,mayo,2021,9124.3
2014-12-30,21,viernes,mayo,2021,9204.0
2014-12-31,24,lunes,mayo,2021,9205.5
2015-01-01,25,martes,mayo,2021,9208.7
2015-01-02,26,miércoles,mayo,2021,9196.9
2015-01-03,27,jueves,mayo,2021,9186.1
2015-01-04,28,viernes,mayo,2021,9224.6
2015-01-05,31,lunes,mayo,2021,9148.9
2015-01-06,1,martes,junio,2021,9189.7
2015-01-07,2,miércoles,junio,2021,9180.7
2015-01-08,3,jueves,junio,2021,9142.4
2015-01-09,4,viernes,junio,2021,9088.3
2015-01-10,7,lunes,junio,2021,9163.6
2015-01-11,8,martes,junio,2021,9153.6
2015-01-12,9,miércoles,junio,2021,9156.1
2015-01-13,10,jueves,junio,2021,9133.8
2015-01-14,11,viernes,junio,2021,9205.0
2015-01-15,14,lunes,junio,2021,9281.1
2015-01-16,15,martes,junio,2021,9230.7
2015-01-17,16,miércoles,junio,2021,9202.2
2015-01-18,17,jueves,junio,2021,9195.9
2015-01-19,18,viernes,junio,2021,9030.6
2015-01-20,21,lunes,junio,2021,9051.7
2015-01-21,22,martes,junio,2021,9053.3
2015-01-22,23,miércoles,junio,2021,8954.1
2015-01-23,24,jueves,junio,2021,9074.1
2015-01-24,25,viernes,junio,2021,9095.0
2015-01-25,28,lunes,junio,2021,8913.7
2015-01-26,29,martes,junio,2021,8915.1
2015-01-27,30,miércoles,junio,2021,8821.2
2015-01-28,1,jueves,julio,2021,8932.3
2015-01-29,2,viernes,julio,2021,8907.6
2015-01-30,5,lunes,julio,2021,8946.4
2015-01-31,6,martes,julio,2021,8860.8
2015-02-01,7,miércoles,julio,2021,8854.5
2015-02-02,8,jueves,julio,2021,8650.1
2015-02-03,9,viernes,julio,2021,8776.6
2015-02-04,12,lunes,julio,2021,8816.7
2015-02-05,13,martes,julio,2021,8694.8
2015-02-06,14,miércoles,julio,2021,8658.3
2015-02-07,15,jueves,julio,2021,8527.0
2015-02-08,16,viernes,julio,2021,8506.2
2015-02-09,19,lunes,julio,2021,8301.7
2015-02-10,20,martes,julio,2021,8358.0
2015-02-11,21,miércoles,julio,2021,8567.0
2015-02-12,22,jueves,julio,2021,8621.8
2015-02-13,23,viernes,julio,2021,8717.2
2015-02-14,26,lunes,julio,2021,8775.2
2015-02-15,27,martes,julio,2021,8699.2
2015-02-16,28,miércoles,julio,2021,8733.7
2015-02-17,29,jueves,julio,2021,8786.3
2015-02-18,30,viernes,julio,2021,8675.7
2015-02-19,2,lunes,agosto,2021,8758.7
2015-02-20,3,martes,agosto,2021,8772.8
2015-02-21,4,miércoles,agosto,2021,8792.9
2015-02-22,5,jueves,agosto,2021,8836.5
2015-02-23,6,viernes,agosto,2021,8879.0
2015-02-24,9,lunes,agosto,2021,8865.9
2015-02-25,10,martes,agosto,2021,8899.0
2015-02-26,11,miércoles,agosto,2021,8975.8
2015-02-27,12,jueves,agosto,2021,8979.4
2015-02-28,13,viernes,agosto,2021,8999.8
2015-03-01,16,lunes,agosto,2021,8926.6
2015-03-02,17,martes,agosto,2021,8865.7
2015-03-03,18,miércoles,agosto,2021,8970.2
2015-03-04,19,jueves,agosto,2021,8902.2
2015-03-05,20,viernes,agosto,2021,8915.3
2015-03-06,23,lunes,agosto,2021,8968.1
2015-03-07,24,martes,agosto,2021,8948.6
2015-03-08,25,miércoles,agosto,2021,8977.4
2015-03-09,26,jueves,agosto,2021,8892.7
2015-03-10,27,viernes,agosto,2021,8922.2
2015-03-11,30,lunes,agosto,2021,8867.9
2015-03-12,31,martes,agosto,2021,8846.6
2015-03-13,1,miércoles,septiembre,2021,8991.5
2015-03-14,2,jueves,septiembre,2021,8981.4
2015-03-15,3,viernes,septiembre,2021,8864.0
2015-03-16,6,lunes,septiembre,2021,8882.3
2015-03-17,7,martes,septiembre,2021,8894.5
2015-03-18,8,miércoles,septiembre,2021,8838.7
2015-03-19,9,jueves,septiembre,2021,8800.6
2015-03-20,10,viernes,septiembre,2021,8695.3
2015-03-21,13,lunes,septiembre,2021,8816.1
2015-03-22,14,martes,septiembre,2021,8780.0
2015-03-23,15,miércoles,septiembre,2021,8635.4
2015-03-24,16,jueves,septiembre,2021,8733.7
2015-03-25,17,viernes,septiembre,2021,8760.9
2015-03-26,20,lunes,septiembre,2021,8655.4
2015-03-27,21,martes,septiembre,2021,8756.0
2015-03-28,22,miércoles,septiembre,2021,8808.4
2015-03-29,23,jueves,septiembre,2021,8876.9
2015-03-30,24,viernes,septiembre,2021,8873.1
2015-03-31,27,lunes,septiembre,2021,9002.9
2015-04-01,28,martes,septiembre,2021,8769.4
2015-04-02,29,miércoles,septiembre,2021,8879.4
2015-04-03,30,jueves,septiembre,2021,8796.3
2015-04-04,1,viernes,octubre,2021,8799.5
2015-04-05,4,lunes,octubre,2021,8791.7
2015-04-06,5,martes,octubre,2021,8927.4
2015-04-07,6,miércoles,octubre,2021,8775.0
2015-04-08,7,jueves,octubre,2021,8962.8
2015-04-09,8,viernes,octubre,2021,8955.0
2015-04-10,11,lunes,octubre,2021,8899.0
2015-04-11,12,martes,octubre,2021,8935.9
2015-04-12,13,miércoles,octubre,2021,8881.4
2015-04-13,14,jueves,octubre,2021,8925.0
2015-04-14,15,viernes,octubre,2021,8997.0
2015-04-15,18,lunes,octubre,2021,8936.0
2015-04-16,19,martes,octubre,2021,8996.3
2015-04-17,20,miércoles,octubre,2021,9017.9
2015-04-18,21,jueves,octubre,2021,8944.3
2015-04-19,22,viernes,octubre,2021,8906.4
2015-04-20,25,lunes,octubre,2021,8920.9
2015-04-21,26,martes,octubre,2021,9001.6
2015-04-22,27,miércoles,octubre,2021,8972.3
2015-04-23,28,jueves,octubre,2021,9025.8
2015-04-24,29,viernes,octubre,2021,9057.7
2015-04-25,1,lunes,noviembre,2021,9182.6
2015-04-26,2,martes,noviembre,2021,9105.7
2015-04-27,3,miércoles,noviembre,2021,9030.8
2015-04-28,4,jueves,noviembre,2021,9039.4
2015-04-29,5,viernes,noviembre,2021,9130.6
2015-04-30,8,lunes,noviembre,2021,9070.8
2015-05-01,9,martes,noviembre,2021,9074.9
2015-05-02,10,miércoles,noviembre,2021,9141.8
2015-05-03,11,jueves,noviembre,2021,9092.2
2015-05-04,12,viernes,noviembre,2021,9080.8
2015-05-05,15,lunes,noviembre,2021,9095.7
2015-05-06,16,martes,noviembre,2021,9040.2
2015-05-07,17,miércoles,noviembre,2021,8993.4
2015-05-08,18,jueves,noviembre,2021,8903.2
2015-05-09,19,viernes,noviembre,2021,8753.2
2015-05-10,22,lunes,noviembre,2021,8821.3
2015-05-11,23,martes,noviembre,2021,8815.1
2015-05-12,24,miércoles,noviembre,2021,8792.0
2015-05-13,25,jueves,noviembre,2021,8840.9
2015-05-14,26,viernes,noviembre,2021,8402.7
2015-05-15,29,lunes,noviembre,2021,8455.2
2015-05-16,30,martes,noviembre,2021,8305.1
2015-05-17,1,miércoles,diciembre,2021,8452.6
2015-05-18,2,jueves,diciembre,2021,8300.8
2015-05-19,3,viernes,diciembre,2021,8241.7
2015-05-20,6,lunes,diciembre,2021,8439.7
2015-05-21,7,martes,diciembre,2021,8559.5
2015-05-22,8,miércoles,diciembre,2021,8478.4
2015-05-23,9,jueves,diciembre,2021,8399.6
2015-05-24,10,viernes,diciembre,2021,8360.2
2015-05-25,13,lunes,diciembre,2021,8322.7
2015-05-26,14,martes,diciembre,2021,8378.5
2015-05-27,15,miércoles,diciembre,2021,8275.0
2015-05-28,16,jueves,diciembre,2021,8380.0
2015-05-29,17,viernes,diciembre,2021,8311.6
2015-05-30,20,lunes,diciembre,2021,8242.4
2015-05-31,21,martes,diciembre,2021,8387.5
2015-06-01,22,miércoles,diciembre,2021,8459.1
2015-06-02,23,jueves,diciembre,2021,8563.7
2015-06-04,27,lunes,diciembre,2021,8622.1
2015-06-05,28,martes,diciembre,2021,8688.9
2015-06-06,29,miércoles,diciembre,2021,8673.7
2015-06-07,30,jueves,diciembre,2021,8713.8
2015-06-09,3,lunes,enero,2022,8761.2
2015-06-10,4,martes,enero,2022,8795.8
2015-06-11,5,miércoles,enero,2022,8790.8
2015-06-12,6,jueves,enero,2022,8789.9
2015-06-13,7,viernes,enero,2022,8751.8
2015-06-14,10,lunes,enero,2022,8706.9
2015-06-15,11,martes,enero,2022,8755.9
2015-06-16,12,miércoles,enero,2022,8770.3
2015-06-17,13,jueves,enero,2022,8816.9
2015-06-18,14,viernes,enero,2022,8806.6
2015-06-19,17,lunes,enero,2022,8838.7
2015-06-20,18,martes,enero,2022,8781.6
2015-06-21,19,miércoles,enero,2022,8774.9
2015-06-22,20,jueves,enero,2022,8814.6
2015-06-23,21,viernes,enero,2022,8694.7
2015-06-24,24,lunes,enero,2022,8417.8
2015-06-25,25,martes,enero,2022,8479.5
2015-06-26,26,miércoles,enero,2022,8620.2
2015-06-27,27,jueves,enero,2022,8706.0
2015-06-28,28,viernes,enero,2022,8609.8
2015-06-29,31,lunes,enero,2022,8612.8
2015-06-30,1,martes,febrero,2022,8726.7
2015-07-01,2,miércoles,febrero,2022,8713.2
2015-07-02,3,jueves,febrero,2022,8689.4
2015-07-03,4,viernes,febrero,2022,8589.3
2015-07-04,7,lunes,febrero,2022,8558.4
2015-07-05,8,martes,febrero,2022,8674.6
2015-07-06,9,miércoles,febrero,2022,8846.4
2015-07-07,10,jueves,febrero,2022,8886.2
2015-07-08,11,viernes,febrero,2022,8798.1
2015-07-09,14,lunes,febrero,2022,8573.8
2015-07-10,15,martes,febrero,2022,8718.0
2015-07-11,16,miércoles,febrero,2022,8737.2
2015-07-12,17,jueves,febrero,2022,8671.1
2015-07-13,18,viernes,febrero,2022,8590.0
2015-07-14,21,lunes,febrero,2022,8488.9
2015-07-15,22,martes,febrero,2022,8493.2
2015-07-16,23,miércoles,febrero,2022,8440.1
2015-07-17,24,jueves,febrero,2022,8198.5
2015-07-18,25,viernes,febrero,2022,8486.6
2015-07-19,28,lunes,febrero,2022,8479.2
2015-07-20,1,martes,marzo,2022,8188.2
2015-07-21,2,miércoles,marzo,2022,8321.0
2015-07-22,3,jueves,marzo,2022,8011.4
2015-07-23,4,viernes,marzo,2022,7720.9
2015-07-24,7,lunes,marzo,2022,7644.6
2015-07-25,8,martes,marzo,2022,7783.4
2015-07-26,9,miércoles,marzo,2022,8163.1
2015-07-27,10,jueves,marzo,2022,8069.3
2015-07-28,11,viernes,marzo,2022,8142.1
2015-07-29,14,lunes,marzo,2022,8234.4
2015-07-30,15,martes,marzo,2022,8236.1
2015-07-31,16,miércoles,marzo,2022,8380.4
2015-08-01,17,jueves,marzo,2022,8412.0
2015-08-02,18,viernes,marzo,2022,8417.6
2015-08-03,21,lunes,marzo,2022,8389.2
2015-08-04,22,martes,marzo,2022,8487.2
2015-08-05,23,miércoles,marzo,2022,8328.4
2015-08-06,24,jueves,marzo,2022,8305.1
2015-08-07,25,viernes,marzo,2022,8330.6
2015-08-08,28,lunes,marzo,2022,8365.6
2015-08-09,29,martes,marzo,2022,8614.6
2015-08-10,30,miércoles,marzo,2022,8550.6
2015-08-11,31,jueves,marzo,2022,8445.1
2015-08-12,1,viernes,abril,2022,8503.7
2015-08-13,4,lunes,abril,2022,8520.8
2015-08-14,5,martes,abril,2022,8623.3
2015-08-15,6,miércoles,abril,2022,8482.1
2015-08-16,7,jueves,abril,2022,8467.4
2015-08-17,8,viernes,abril,2022,8606.4
2015-08-18,11,lunes,abril,2022,8585.0
2015-08-19,12,martes,abril,2022,8578.0
2015-08-20,13,miércoles,abril,2022,8617.8
2015-08-21,14,jueves,abril,2022,8699.0
2015-08-24,19,martes,abril,2022,8694.0
2015-08-25,20,miércoles,abril,2022,8769.5
2015-08-26,21,jueves,abril,2022,8814.6
2015-08-27,22,viernes,abril,2022,8652.3
2015-08-28,25,lunes,abril,2022,8574.6
2015-08-29,26,martes,abril,2022,8439.3
2015-08-30,27,miércoles,abril,2022,8477.7
2015-08-31,28,jueves,abril,2022,8512.2
2015-09-01,29,viernes,abril,2022,8584.2
2015-09-02,2,lunes,mayo,2022,8436.0
2015-09-03,3,martes,mayo,2022,8590.2
2015-09-04,4,miércoles,mayo,2022,8500.5
2015-09-05,5,jueves,mayo,2022,8434.7
2015-09-06,6,viernes,mayo,2022,8322.0
2015-09-07,9,lunes,mayo,2022,8139.2
2015-09-08,10,martes,mayo,2022,8139.2
2015-09-09,11,miércoles,mayo,2022,8312.6
2015-09-10,12,jueves,mayo,2022,8200.4
2015-09-11,13,viernes,mayo,2022,8338.1
2015-09-12,16,lunes,mayo,2022,8353.7
2015-09-13,17,martes,mayo,2022,8475.7
2015-09-14,18,miércoles,mayo,2022,8476.4
2015-09-15,19,jueves,mayo,2022,8406.0
2015-09-16,20,viernes,mayo,2022,8484.5
2015-09-17,23,lunes,mayo,2022,8625.8
2015-09-18,24,martes,mayo,2022,8631.2
2015-09-19,25,miércoles,mayo,2022,8760.2
2015-09-20,26,jueves,mayo,2022,8888.8
2015-09-21,27,viernes,mayo,2022,8933.6
2015-09-22,30,lunes,mayo,2022,8930.8
2015-09-23,31,martes,mayo,2022,8851.5
2015-09-24,1,miércoles,junio,2022,8747.2
2015-09-25,2,jueves,junio,2022,8744.1
2015-09-26,3,viernes,junio,2022,8724.8
2015-09-27,6,lunes,junio,2022,8836.3
2015-09-28,7,martes,junio,2022,8841.6
2015-09-29,8,miércoles,junio,2022,8842.7
2015-09-30,9,jueves,junio,2022,8711.2
2015-10-01,10,viernes,junio,2022,8390.6
2015-10-02,13,lunes,junio,2022,8183.3
2015-10-03,14,martes,junio,2022,8066.4
2015-10-04,15,miércoles,junio,2022,8174.7
2015-10-05,16,jueves,junio,2022,8078.1
2015-10-06,17,viernes,junio,2022,8145.9
2015-10-07,20,lunes,junio,2022,8286.0
2015-10-08,21,martes,junio,2022,8235.6
2015-10-09,22,miércoles,junio,2022,8145.4
2015-10-10,23,jueves,junio,2022,8106.4
2015-10-11,24,viernes,junio,2022,8244.1
2015-10-12,27,lunes,junio,2022,8242.6
2015-10-13,28,martes,junio,2022,8317.5
2015-10-14,29,miércoles,junio,2022,8188.0
2015-10-15,30,jueves,junio,2022,8098.7
2015-10-16,1,viernes,julio,2022,8176.1
2015-10-17,4,lunes,julio,2022,8161.8
2015-10-18,5,martes,julio,2022,7959.4
2015-10-19,6,miércoles,julio,2022,7948.6
2015-10-20,7,jueves,julio,2022,8122.5
2015-10-21,8,viernes,julio,2022,8100.3
2015-10-22,11,lunes,julio,2022,8065.2
2015-10-23,12,martes,julio,2022,8014.8
2015-10-24,13,miércoles,julio,2022,7944.9
2015-10-25,14,jueves,julio,2022,7804.3
2015-10-26,15,viernes,julio,2022,7945.9
2015-10-27,18,lunes,julio,2022,7963.1
2015-10-28,19,martes,julio,2022,8125.1
2015-10-29,20,miércoles,julio,2022,8028.9
2015-10-30,21,jueves,julio,2022,8012.7
2015-10-31,22,viernes,julio,2022,8051.6
2015-11-01,25,lunes,julio,2022,8085.6
2015-11-02,26,martes,julio,2022,8069.6
2015-11-03,27,miércoles,julio,2022,8124.4
2015-11-04,28,jueves,julio,2022,8084.9
2015-11-05,29,viernes,julio,2022,8156.2
2015-11-06,1,lunes,agosto,2022,8085.1
2015-11-07,2,martes,agosto,2022,8096.9
2015-11-08,3,miércoles,agosto,2022,8142.1
2015-11-09,4,jueves,agosto,2022,8161.1
2015-11-10,5,viernes,agosto,2022,8168.0
2015-11-11,8,lunes,agosto,2022,8272.5
2015-11-12,9,martes,agosto,2022,8311.9
2015-11-13,10,miércoles,agosto,2022,8352.8
2015-11-14,11,jueves,agosto,2022,8380.0
2015-11-15,12,viernes,agosto,2022,8400.4
2015-11-16,15,lunes,agosto,2022,8427.0
2015-11-17,16,martes,agosto,2022,8511.9
2015-11-18,17,miércoles,agosto,2022,8434.8
2015-11-19,18,jueves,agosto,2022,8430.3
2015-11-20,19,viernes,agosto,2022,8338.1
2015-11-21,22,lunes,agosto,2022,8284.8
2015-11-22,23,martes,agosto,2022,8226.3
2015-11-23,24,miércoles,agosto,2022,8199.4
2015-11-24,25,jueves,agosto,2022,8187.5
2015-11-25,26,viernes,agosto,2022,8063.9
2015-11-26,29,lunes,agosto,2022,7989.6
2015-11-27,30,martes,agosto,2022,7979.8
2015-11-28,31,miércoles,agosto,2022,7886.1
2015-11-29,1,jueves,septiembre,2022,7806.0
2015-11-30,2,viernes,septiembre,2022,7932.2
2015-12-01,5,lunes,septiembre,2022,7862.7
2015-12-02,6,martes,septiembre,2022,7842.2
2015-12-03,7,miércoles,septiembre,2022,7855.9
2015-12-04,8,jueves,septiembre,2022,7916.8
2015-12-05,9,viernes,septiembre,2022,8033.1
2015-12-06,12,lunes,septiembre,2022,8194.3
2015-12-07,13,martes,septiembre,2022,8064.0
2015-12-08,14,miércoles,septiembre,2022,8055.6
2015-12-09,15,jueves,septiembre,2022,8085.5
2015-12-10,16,viernes,septiembre,2022,7984.7
2015-12-11,19,lunes,septiembre,2022,7993.2
2015-12-12,20,martes,septiembre,2022,7873.1
2015-12-13,21,miércoles,septiembre,2022,7872.2
2015-12-14,22,jueves,septiembre,2022,7774.7
2015-12-15,23,viernes,septiembre,2022,7583.5
2015-12-16,26,lunes,septiembre,2022,7508.5
2015-12-17,27,martes,septiembre,2022,7445.7
2015-12-18,28,miércoles,septiembre,2022,7442.2
2015-12-19,29,jueves,septiembre,2022,7300.1
2015-12-20,30,viernes,septiembre,2022,7366.8
2015-12-21,3,lunes,octubre,2022,7462.0
2015-12-22,4,martes,octubre,2022,7696.6
2015-12-23,5,miércoles,octubre,2022,7579.9
2015-12-24,6,jueves,octubre,2022,7511.1
2015-12-25,7,viernes,octubre,2022,7436.9
2015-12-26,10,lunes,octubre,2022,7413.5
2015-12-27,11,martes,octubre,2022,7355.9
2015-12-28,12,miércoles,octubre,2022,7261.1
2015-12-29,13,jueves,octubre,2022,7348.8
2015-12-30,14,viernes,octubre,2022,7382.5
2015-12-31,17,lunes,octubre,2022,7557.1
2016-01-01,18,martes,octubre,2022,7611.3
2016-01-02,19,miércoles,octubre,2022,7583.6
2016-01-03,20,jueves,octubre,2022,7644.4
2016-01-04,21,viernes,octubre,2022,7545.6
2016-01-05,24,lunes,octubre,2022,7680.5
2016-01-06,25,martes,octubre,2022,7794.9
2016-01-07,26,miércoles,octubre,2022,7870.6
2016-01-08,27,jueves,octubre,2022,7921.1
2016-01-09,28,viernes,octubre,2022,7916.5
2016-01-10,31,lunes,octubre,2022,7956.5
2016-01-11,1,martes,noviembre,2022,7999.0
2016-01-12,2,miércoles,noviembre,2022,7968.6
2016-01-13,3,jueves,noviembre,2022,7868.9
2016-01-14,4,viernes,noviembre,2022,7942.7
2016-01-15,7,lunes,noviembre,2022,7962.3
2016-01-16,8,martes,noviembre,2022,7998.9
2016-01-17,9,miércoles,noviembre,2022,8040.4
2016-01-18,10,jueves,noviembre,2022,8133.2
2016-01-19,11,viernes,noviembre,2022,8098.1
2016-01-20,14,lunes,noviembre,2022,8166.5
2016-01-21,15,martes,noviembre,2022,8188.4
2016-01-22,16,miércoles,noviembre,2022,8101.4
2016-01-23,17,jueves,noviembre,2022,8040.7
2016-01-24,18,viernes,noviembre,2022,8127.8
2016-01-25,21,lunes,noviembre,2022,8188.4
2016-01-26,22,martes,noviembre,2022,8325.0
2016-01-27,23,miércoles,noviembre,2022,8331.2
2016-01-28,24,jueves,noviembre,2022,8388.1
2016-01-29,25,viernes,noviembre,2022,8416.6
2016-01-30,28,lunes,noviembre,2022,8323.2
2016-01-31,29,martes,noviembre,2022,8322.1
2016-02-01,30,miércoles,noviembre,2022,8363.2
2016-02-02,1,jueves,diciembre,2022,8407.9
2016-02-03,2,viernes,diciembre,2022,8382.6
2016-02-04,5,lunes,diciembre,2022,8370.1
2016-02-05,6,martes,diciembre,2022,8331.9
2016-02-06,7,miércoles,diciembre,2022,8290.5
2016-02-07,8,jueves,diciembre,2022,8225.2
2016-02-08,9,viernes,diciembre,2022,8289.2
2016-02-09,12,lunes,diciembre,2022,8258.9
2016-02-10,13,martes,diciembre,2022,8327.7
2016-02-11,14,miércoles,diciembre,2022,8360.6
2016-02-12,15,jueves,diciembre,2022,8218.8
2016-02-13,16,viernes,diciembre,2022,8112.5
2016-02-14,19,lunes,diciembre,2022,8136.8
2016-02-15,20,martes,diciembre,2022,8185.2
2016-02-16,21,miércoles,diciembre,2022,8302.3
2016-02-17,22,jueves,diciembre,2022,8272.1
2016-02-18,23,viernes,diciembre,2022,8269.1
2016-02-20,27,martes,diciembre,2022,8270.1
2016-02-21,28,miércoles,diciembre,2022,8258.5
2016-02-22,29,jueves,diciembre,2022,8318.3
2016-02-23,30,viernes,diciembre,2022,8229.1
2016-02-24,2,lunes,enero,2023,8369.7
2016-02-25,3,martes,enero,2023,8397.4
2016-02-26,4,miércoles,enero,2023,8559.8
2016-02-27,5,jueves,enero,2023,8607.6
2016-02-28,6,viernes,enero,2023,8701.1
2016-02-29,9,lunes,enero,2023,8694.9
2016-03-01,10,martes,enero,2023,8712.7
2016-03-02,11,miércoles,enero,2023,8726.3
2016-03-03,12,jueves,enero,2023,8828.1
2016-03-04,13,viernes,enero,2023,8881.7
2016-03-05,16,lunes,enero,2023,8871.1
2016-03-06,17,martes,enero,2023,8890.4
2016-03-07,18,miércoles,enero,2023,8933.3
2016-03-08,19,jueves,enero,2023,8793.1
2016-03-09,20,viernes,enero,2023,8918.2
2016-03-10,23,lunes,enero,2023,8944.1
2016-03-11,24,martes,enero,2023,8967.1
2016-03-12,25,miércoles,enero,2023,8957.5
2016-03-13,26,jueves,enero,2023,9035.6
2016-03-14,27,viernes,enero,2023,9060.2
2016-03-15,30,lunes,enero,2023,9049.3
2016-03-16,31,martes,enero,2023,9034.0
2016-03-17,1,miércoles,febrero,2023,9098.1
2016-03-18,2,jueves,febrero,2023,9229.7
2016-03-19,3,viernes,febrero,2023,9225.6
2016-03-20,6,lunes,febrero,2023,9159.2
2016-03-21,7,martes,febrero,2023,9172.4
2016-03-22,8,miércoles,febrero,2023,9227.3
2016-03-23,9,jueves,febrero,2023,9243.5
2016-03-24,10,viernes,febrero,2023,9117.4
2016-03-25,13,lunes,febrero,2023,9210.3
2016-03-26,14,martes,febrero,2023,9263.2
2016-03-27,15,miércoles,febrero,2023,9294.8
2016-03-28,16,jueves,febrero,2023,9327.3
2016-03-29,17,viernes,febrero,2023,9333.0
2016-03-30,20,lunes,febrero,2023,9281.3
2016-03-31,21,martes,febrero,2023,9252.1
2016-04-01,22,miércoles,febrero,2023,9172.7
2016-04-02,23,jueves,febrero,2023,9231.6
2016-04-03,24,viernes,febrero,2023,9201.5
2016-04-04,27,lunes,febrero,2023,9314.3
2016-04-05,28,martes,febrero,2023,9394.6
2016-04-06,1,miércoles,marzo,2023,9322.9
2016-04-07,2,jueves,marzo,2023,9327.3
2016-04-08,3,viernes,marzo,2023,9464.2
2016-04-09,6,lunes,marzo,2023,9511.0
2016-04-10,7,martes,marzo,2023,9411.1
2016-04-11,8,miércoles,marzo,2023,9466.1
2016-04-12,9,jueves,marzo,2023,9423.2
2016-04-13,10,viernes,marzo,2023,9285.0
2016-04-14,13,lunes,marzo,2023,8958.9
2016-04-15,14,martes,marzo,2023,9159.0
2016-04-16,15,miércoles,marzo,2023,8759.1
2016-04-17,16,jueves,marzo,2023,8890.2
2016-04-18,17,viernes,marzo,2023,8719.3
2016-04-19,20,lunes,marzo,2023,8833.1
2016-04-20,21,martes,marzo,2023,9049.4
2016-04-21,22,miércoles,marzo,2023,9009.3
2016-04-22,23,jueves,marzo,2023,8970.0
2016-04-23,24,viernes,marzo,2023,8792.5
2016-04-24,27,lunes,marzo,2023,8906.1
2016-04-25,28,martes,marzo,2023,8944.3
2016-04-26,29,miércoles,marzo,2023,9070.7
2016-04-27,30,jueves,marzo,2023,9207.1
2016-04-28,31,viernes,marzo,2023,9232.5
2016-04-29,3,lunes,abril,2023,9157.4
2016-04-30,4,martes,abril,2023,9183.2
2016-05-01,5,miércoles,abril,2023,9254.6
2016-05-02,6,jueves,abril,2023,9312.3
2016-05-05,11,martes,abril,2023,9237.7
2016-05-06,12,miércoles,abril,2023,9278.7
2016-05-07,13,jueves,abril,2023,9310.0
2016-05-08,14,viernes,abril,2023,9362.9
2016-05-09,17,lunes,abril,2023,9378.5
2016-05-10,18,martes,abril,2023,9421.9
2016-05-11,19,miércoles,abril,2023,9494.8
2016-05-12,20,jueves,abril,2023,9450.9
2016-05-13,21,viernes,abril,2023,9415.6
2016-05-14,24,lunes,abril,2023,9406.4
2016-05-15,25,martes,abril,2023,9290.3
2016-05-16,26,miércoles,abril,2023,9293.7
2016-05-17,27,jueves,abril,2023,9314.6
2016-05-18,28,viernes,abril,2023,9241.0
2016-05-20,2,martes,mayo,2023,9082.0
2016-05-21,3,miércoles,mayo,2023,9076.7
2016-05-22,4,jueves,mayo,2023,9043.6
2016-05-23,5,viernes,mayo,2023,9147.3
2016-05-24,8,lunes,mayo,2023,9211.3
2016-05-25,9,martes,mayo,2023,9183.2
2016-05-26,10,miércoles,mayo,2023,9167.7
2016-05-27,11,jueves,mayo,2023,9182.8
2016-05-28,12,viernes,mayo,2023,9234.1
2016-05-29,15,lunes,mayo,2023,9201.5
2016-05-30,16,martes,mayo,2023,9191.4
2016-05-31,17,miércoles,mayo,2023,9211.6
2016-06-01,18,jueves,mayo,2023,9213.1
2016-06-02,19,viernes,mayo,2023,9251.5
2016-06-03,22,lunes,mayo,2023,9305.0
2016-06-04,23,martes,mayo,2023,9267.0
2016-06-05,24,miércoles,mayo,2023,9163.5
2016-06-06,25,jueves,mayo,2023,9116.1
2016-06-07,26,viernes,mayo,2023,9191.1
2016-06-08,29,lunes,mayo,2023,9180.1
2016-06-09,30,martes,mayo,2023,9167.5
2016-06-10,31,miércoles,mayo,2023,9050.2
2016-06-11,1,jueves,junio,2023,9167.5
2016-06-12,2,viernes,junio,2023,9317.3
2016-06-13,5,lunes,junio,2023,9289.1
2016-06-14,6,martes,junio,2023,9310.8
2016-06-15,7,miércoles,junio,2023,9359.8
2016-06-16,8,jueves,junio,2023,9338.3
2016-06-17,9,viernes,junio,2023,9309.7
2016-06-18,12,lunes,junio,2023,9344.4
2016-06-19,13,martes,junio,2023,9333.7
2016-06-20,14,miércoles,junio,2023,9432.8
2016-06-21,15,jueves,junio,2023,9430.8
2016-06-22,16,viernes,junio,2023,9495.0
2016-06-23,19,lunes,junio,2023,9431.9
2016-06-24,20,martes,junio,2023,9439.8
2016-06-25,21,miércoles,junio,2023,9436.4
2016-06-26,22,jueves,junio,2023,9364.7
2016-06-27,23,viernes,junio,2023,9265.8
2016-06-28,26,lunes,junio,2023,9274.0
2016-06-29,27,martes,junio,2023,9393.0
2016-06-30,28,miércoles,junio,2023,9481.3
2016-07-01,29,jueves,junio,2023,9510.6
2016-07-02,30,viernes,junio,2023,9593.0
2016-07-03,3,lunes,julio,2023,9644.8
2016-07-04,4,martes,julio,2023,9588.4
2016-07-05,5,miércoles,julio,2023,9486.3
2016-07-06,6,jueves,julio,2023,9285.0
2016-07-07,7,viernes,julio,2023,9248.8
2016-07-08,10,lunes,julio,2023,9252.9
2016-07-09,11,martes,julio,2023,9331.1
2016-07-10,12,miércoles,julio,2023,9453.7
2016-07-11,13,jueves,julio,2023,9478.7
2016-07-12,14,viernes,julio,2023,9438.3
2016-07-13,17,lunes,julio,2023,9438.0
2016-07-14,18,martes,julio,2023,9455.7
2016-07-15,19,miércoles,julio,2023,9451.8
2016-07-16,20,jueves,julio,2023,9519.6
2016-07-17,21,viernes,julio,2023,9571.5
2016-07-18,24,lunes,julio,2023,9543.5
2016-07-19,25,martes,julio,2023,9519.2
2016-07-20,26,miércoles,julio,2023,9600.5
2016-07-21,27,jueves,julio,2023,9694.7
2016-07-22,28,viernes,julio,2023,9685.1
2016-07-23,31,lunes,julio,2023,9641.5
2016-07-24,1,martes,agosto,2023,9502.9
2016-07-25,2,miércoles,agosto,2023,9328.7
2016-07-26,3,jueves,agosto,2023,9307.1
2016-07-27,4,viernes,agosto,2023,9368.4
2016-07-28,7,lunes,agosto,2023,9358.6
2016-07-29,8,martes,agosto,2023,9301.8
2016-07-30,9,miércoles,agosto,2023,9354.4
2016-07-31,10,jueves,agosto,2023,9502.2
2016-08-01,11,viernes,agosto,2023,9434.3
2016-08-02,14,lunes,agosto,2023,9429.6
2016-08-03,15,martes,agosto,2023,9347.5
2016-08-04,16,miércoles,agosto,2023,9350.5
2016-08-05,17,jueves,agosto,2023,9278.0
2016-08-06,18,viernes,agosto,2023,9267.7
2016-08-07,21,lunes,agosto,2023,9262.8
2016-08-08,22,martes,agosto,2023,9314.0
2016-08-09,23,miércoles,agosto,2023,9315.6
2016-08-10,24,jueves,agosto,2023,9324.7
2016-08-11,25,viernes,agosto,2023,9338.9
2016-08-12,28,lunes,agosto,2023,9490.1
2016-08-13,29,martes,agosto,2023,9581.2
2016-08-14,30,miércoles,agosto,2023,9551.1
2016-08-15,31,jueves,agosto,2023,9505.9
2016-08-16,1,viernes,septiembre,2023,9449.6
2016-08-17,4,lunes,septiembre,2023,9416.3
2016-08-18,5,martes,septiembre,2023,9392.0
2016-08-19,6,miércoles,septiembre,2023,9314.4
2016-08-20,7,jueves,septiembre,2023,9310.0
2016-08-21,8,viernes,septiembre,2023,9364.6
2016-08-22,11,lunes,septiembre,2023,9435.2
2016-08-23,12,martes,septiembre,2023,9455.4
2016-08-24,13,miércoles,septiembre,2023,9424.1
2016-08-25,14,jueves,septiembre,2023,9549.0
2016-08-26,15,viernes,septiembre,2023,9549.7
2016-08-27,18,lunes,septiembre,2023,9482.1
2016-08-28,19,martes,septiembre,2023,9527.2
2016-08-29,20,miércoles,septiembre,2023,9645.8
2016-08-30,21,jueves,septiembre,2023,9548.9
2016-08-31,22,viernes,septiembre,2023,9502.0
2016-09-01,25,lunes,septiembre,2023,9386.0
2016-09-02,26,martes,septiembre,2023,9366.9
2016-09-03,27,miércoles,septiembre,2023,9331.9
2016-09-04,28,jueves,septiembre,2023,9426.8
2016-09-05,29,viernes,septiembre,2023,9428.0
2016-09-06,2,lunes,octubre,2023,9319.0
2016-09-07,3,martes,octubre,2023,9165.5
2016-09-08,4,miércoles,octubre,2023,9102.9
2016-09-09,5,jueves,octubre,2023,9157.7
2016-09-10,6,viernes,octubre,2023,9235.8
2016-09-11,9,lunes,octubre,2023,9151.3
2016-09-12,10,martes,octubre,2023,9352.1
2016-09-13,11,miércoles,octubre,2023,9360.4
2016-09-14,12,jueves,octubre,2023,9336.0
2016-09-15,13,viernes,octubre,2023,9232.9
2016-09-16,16,lunes,octubre,2023,9287.1
2016-09-17,17,martes,octubre,2023,9298.5
2016-09-18,18,miércoles,octubre,2023,9212.7
2016-09-19,19,jueves,octubre,2023,9146.8
2016-09-20,20,viernes,octubre,2023,9029.1
2016-09-21,23,lunes,octubre,2023,8995.5
2016-09-22,24,martes,octubre,2023,8975.8
2016-09-23,25,miércoles,octubre,2023,8984.8
2016-09-24,26,jueves,octubre,2023,8962.8
2016-09-25,27,viernes,octubre,2023,8918.3
2016-09-26,30,lunes,octubre,2023,9013.9
2016-09-27,31,martes,octubre,2023,9017.3
2016-09-28,1,miércoles,noviembre,2023,9075.0
2016-09-29,2,jueves,noviembre,2023,9260.4
2016-09-30,3,viernes,noviembre,2023,9293.9
2016-10-01,6,lunes,noviembre,2023,9241.5
2016-10-02,7,martes,noviembre,2023,9235.9
2016-10-03,8,miércoles,noviembre,2023,9283.8
2016-10-04,9,jueves,noviembre,2023,9405.2
2016-10-05,10,viernes,noviembre,2023,9371.7
2016-10-06,13,lunes,noviembre,2023,9461.7
2016-10-07,14,martes,noviembre,2023,9623.3
2016-10-08,15,miércoles,noviembre,2023,9640.7
2016-10-09,16,jueves,noviembre,2023,9667.4
2016-10-10,17,viernes,noviembre,2023,9761.4
2016-10-11,20,lunes,noviembre,2023,9839.0
2016-10-12,21,martes,noviembre,2023,9827.5
2016-10-13,22,miércoles,noviembre,2023,9887.4
2016-10-14,23,jueves,noviembre,2023,9905.5
2016-10-15,24,viernes,noviembre,2023,9939.0
2016-10-16,27,lunes,noviembre,2023,9936.1
2016-10-17,28,martes,noviembre,2023,10003.4
2016-10-18,29,miércoles,noviembre,2023,10062.6
2016-10-19,30,jueves,noviembre,2023,10058.2
2016-10-20,1,viernes,diciembre,2023,10140.8
2016-10-21,4,lunes,diciembre,2023,10178.3
2016-10-22,5,martes,diciembre,2023,10238.4
2016-10-23,6,miércoles,diciembre,2023,10258.1
2016-10-24,7,jueves,diciembre,2023,10146.0
2016-10-25,8,viernes,diciembre,2023,10223.4
2016-10-26,11,lunes,diciembre,2023,10198.0
2016-10-27,12,martes,diciembre,2023,10118.7
2016-10-28,13,miércoles,diciembre,2023,10096.1
2016-10-29,14,jueves,diciembre,2023,10171.7
2016-10-30,15,viernes,diciembre,2023,10095.6
2016-10-31,18,lunes,diciembre,2023,10054.9
2016-11-01,19,martes,diciembre,2023,10106.7
2016-11-02,20,miércoles,diciembre,2023,10101.0
2016-11-03,21,jueves,diciembre,2023,10104.3
2016-11-04,22,viernes,diciembre,2023,10111.9
2016-11-07,27,miércoles,diciembre,2023,10121.8
2016-11-08,28,jueves,diciembre,2023,10086.2
2016-11-09,29,viernes,diciembre,2023,10102.1
2016-11-11,2,martes,enero,2024,10182.1
2016-11-12,3,miércoles,enero,2024,10053.4
2016-11-13,4,jueves,enero,2024,10182.4
2016-11-14,5,viernes,enero,2024,10164.5
2016-11-15,8,lunes,enero,2024,10209.0
2016-11-16,9,martes,enero,2024,10060.3
2016-11-17,10,miércoles,enero,2024,10067.1
2016-11-18,11,jueves,enero,2024,10004.9
2016-11-19,12,viernes,enero,2024,10094.8
2016-11-20,15,lunes,enero,2024,10076.9
2016-11-21,16,martes,enero,2024,9994.1
2016-11-22,17,miércoles,enero,2024,9867.8
2016-11-23,18,jueves,enero,2024,9880.3
2016-11-24,19,viernes,enero,2024,9858.3
2016-11-25,22,lunes,enero,2024,9968.1
2016-11-26,23,martes,enero,2024,9859.2
2016-11-27,24,miércoles,enero,2024,9974.0
2016-11-28,25,jueves,enero,2024,9916.6
2016-11-29,26,viernes,enero,2024,9936.6
2016-11-30,29,lunes,enero,2024,9890.3
2016-12-01,30,martes,enero,2024,10039.3
2016-12-02,31,miércoles,enero,2024,10077.7
2016-12-03,1,jueves,febrero,2024,10014.0
2016-12-04,2,viernes,febrero,2024,10062.5
2016-12-05,5,lunes,febrero,2024,9941.3
2016-12-06,6,martes,febrero,2024,10003.0
2016-12-07,7,miércoles,febrero,2024,9888.2
2016-12-08,8,jueves,febrero,2024,9905.4
2016-12-09,9,viernes,febrero,2024,9896.6
2016-12-10,12,lunes,febrero,2024,9984.7
2016-12-11,13,martes,febrero,2024,9925.4
2016-12-12,14,miércoles,febrero,2024,9916.6
2016-12-13,15,jueves,febrero,2024,9927.3
2016-12-14,16,viernes,febrero,2024,9886.4
2016-12-15,19,lunes,febrero,2024,9944.8
2016-12-16,20,martes,febrero,2024,10038.2
2016-12-17,21,miércoles,febrero,2024,10107.2
2016-12-18,22,jueves,febrero,2024,10138.9
2016-12-19,23,viernes,febrero,2024,10130.6
2016-12-20,26,lunes,febrero,2024,10138.4
2016-12-21,27,martes,febrero,2024,10113.8
2016-12-22,28,miércoles,febrero,2024,10068.6
2016-12-23,29,jueves,febrero,2024,10001.3
2016-12-24,1,viernes,marzo,2024,10064.7
2016-12-25,4,lunes,marzo,2024,10069.8
2016-12-26,5,martes,marzo,2024,10117.1
2016-12-27,6,miércoles,marzo,2024,10197.2
2016-12-28,7,jueves,marzo,2024,10319.6
2016-12-29,8,viernes,marzo,2024,10305.7
2016-12-30,11,lunes,marzo,2024,10325.7
2016-12-31,12,martes,marzo,2024,10388.9
2017-01-01,13,miércoles,marzo,2024,10560.5
2017-01-02,14,jueves,marzo,2024,10490.5
2017-01-03,15,viernes,marzo,2024,10597.9
2017-01-04,18,lunes,marzo,2024,10596.7
2017-01-05,19,martes,marzo,2024,10701.4
2017-01-06,20,miércoles,marzo,2024,10752.5
2017-01-07,21,jueves,marzo,2024,10867.5
2017-01-08,22,viernes,marzo,2024,10943.2
2017-01-09,25,lunes,marzo,2024,10952.2
2017-01-10,26,martes,marzo,2024,10991.5
2017-01-11,27,miércoles,marzo,2024,11111.3
2017-01-12,28,jueves,marzo,2024,11074.6
2017-01-15,2,martes,abril,2024,10975.6
2017-01-16,3,miércoles,abril,2024,11032.3
2017-01-17,4,jueves,abril,2024,11090.9
2017-01-18,5,viernes,abril,2024,10916.0
2017-01-19,8,lunes,abril,2024,10911.8
2017-01-20,9,martes,abril,2024,10816.0
2017-01-21,10,miércoles,abril,2024,10775.0
2017-01-22,11,jueves,abril,2024,10649.8
2017-01-23,12,viernes,abril,2024,10686.0
2017-01-24,15,lunes,abril,2024,10687.2
2017-01-25,16,martes,abril,2024,10526.9
2017-01-26,17,miércoles,abril,2024,10633.9
2017-01-27,18,jueves,abril,2024,10765.0
2017-01-28,19,viernes,abril,2024,10729.5
2017-01-29,22,lunes,abril,2024,10890.2
2017-01-30,23,martes,abril,2024,11075.4
2017-01-31,24,miércoles,abril,2024,11027.8
2017-02-01,25,jueves,abril,2024,10983.7
2017-02-02,26,viernes,abril,2024,11154.6
2017-02-03,29,lunes,abril,2024,11100.8
2017-02-04,30,martes,abril,2024,10854.4
2017-02-06,2,jueves,mayo,2024,10872.0
2017-02-07,3,viernes,mayo,2024,10854.7
2017-02-08,6,lunes,mayo,2024,10917.5
2017-02-09,7,martes,mayo,2024,11080.9
2017-02-10,8,miércoles,mayo,2024,11153.0
2017-02-11,9,jueves,mayo,2024,11050.1
2017-02-12,10,viernes,mayo,2024,11105.5
2017-02-13,13,lunes,mayo,2024,11152.0
2017-02-14,14,martes,mayo,2024,11239.3
2017-02-15,15,miércoles,mayo,2024,11362.8
2017-02-16,16,jueves,mayo,2024,11299.3
2017-02-17,17,viernes,mayo,2024,11327.7
2017-02-18,20,lunes,mayo,2024,11339.5
2017-02-19,21,martes,mayo,2024,11334.9
2017-02-20,22,miércoles,mayo,2024,11329.0
2017-02-21,23,jueves,mayo,2024,11311.1
2017-02-22,24,viernes,mayo,2024,11246.0
2017-02-23,27,lunes,mayo,2024,11325.5
2017-02-24,28,martes,mayo,2024,11276.0
2017-02-25,29,miércoles,mayo,2024,11145.1
2017-02-26,30,jueves,mayo,2024,11338.2
2017-02-27,31,viernes,mayo,2024,11322.0
2017-02-28,3,lunes,junio,2024,11397.2
2017-03-01,4,martes,junio,2024,11286.4
2017-03-02,5,miércoles,junio,2024,11353.1
2017-03-03,6,jueves,junio,2024,11444.0
2017-03-04,7,viernes,junio,2024,11404.9
2017-03-05,10,lunes,junio,2024,11357.2
2017-03-06,11,martes,junio,2024,11175.5
2017-03-07,12,miércoles,junio,2024,11245.4
2017-03-08,13,jueves,junio,2024,11066.1
2017-03-09,14,viernes,junio,2024,10992.3
2017-03-10,17,lunes,junio,2024,10959.5
2017-03-11,18,martes,junio,2024,11067.7
2017-03-12,19,miércoles,junio,2024,11056.4
2017-03-13,20,jueves,junio,2024,11160.5
2017-03-14,21,viernes,junio,2024,11032.3
2017-03-15,24,lunes,junio,2024,11172.1
2017-03-16,25,martes,junio,2024,11118.9
2017-03-17,26,miércoles,junio,2024,11030.5
2017-03-18,27,jueves,junio,2024,10951.5
2017-03-19,28,viernes,junio,2024,10943.7
2017-03-20,1,lunes,julio,2024,11057.0
2017-03-21,2,martes,julio,2024,10912.8
2017-03-22,3,miércoles,julio,2024,11056.8
2017-03-23,4,jueves,julio,2024,11066.3
2017-03-24,5,viernes,julio,2024,11023.5
2017-03-25,8,lunes,julio,2024,11022.1
2017-03-26,9,martes,julio,2024,10898.8
2017-03-27,10,miércoles,julio,2024,11071.6
2017-03-28,11,jueves,julio,2024,11170.0
2017-03-29,12,viernes,julio,2024,11250.6
2017-03-30,15,lunes,julio,2024,11143.0
2017-03-31,16,martes,julio,2024,11090.5
2017-04-01,17,miércoles,julio,2024,11105.2
2017-04-02,18,jueves,julio,2024,11147.5
2017-04-03,19,viernes,julio,2024,11087.5
2017-04-04,22,lunes,julio,2024,11143.8
2017-04-05,23,martes,julio,2024,11212.7
2017-04-06,24,miércoles,julio,2024,11210.1
2017-04-07,25,jueves,julio,2024,11145.6
2017-04-08,26,viernes,julio,2024,11165.9
2017-04-09,29,lunes,julio,2024,11117.8
2017-04-10,30,martes,julio,2024,11202.6
2017-04-11,31,miércoles,julio,2024,11065.0
2017-04-12,1,jueves,agosto,2024,10854.3
2017-04-13,2,viernes,agosto,2024,10672.9
2017-04-14,5,lunes,agosto,2024,10423.4
2017-04-15,6,martes,agosto,2024,10390.5
2017-04-16,7,miércoles,agosto,2024,10599.0
2017-04-17,8,jueves,agosto,2024,10558.0
2017-04-18,9,viernes,agosto,2024,10638.5
2017-04-19,12,lunes,agosto,2024,10646.2
2017-04-20,13,martes,agosto,2024,10723.8
2017-04-21,14,miércoles,agosto,2024,10753.0
2017-04-22,15,jueves,agosto,2024,10885.6
2017-04-23,16,viernes,agosto,2024,10949.7
2017-04-24,19,lunes,agosto,2024,11102.5
2017-04-25,20,martes,agosto,2024,11087.8
2017-04-26,21,miércoles,agosto,2024,11114.9
2017-04-27,22,jueves,agosto,2024,11156.3
2017-04-28,23,viernes,agosto,2024,11278.1
2017-04-29,26,lunes,agosto,2024,11265.5
2017-04-30,27,martes,agosto,2024,11326.9
2017-05-01,28,miércoles,agosto,2024,11332.0
2017-05-02,29,jueves,agosto,2024,11358.6
2017-05-03,30,viernes,agosto,2024,11401.9
2017-05-04,2,lunes,septiembre,2024,11395.3
2017-05-05,3,martes,septiembre,2024,11279.2
2017-05-06,4,miércoles,septiembre,2024,11213.9
2017-05-07,5,jueves,septiembre,2024,11273.5
2017-05-08,6,viernes,septiembre,2024,11173.0
2017-05-09,9,lunes,septiembre,2024,11272.8
2017-05-10,10,martes,septiembre,2024,11203.5
2017-05-11,11,miércoles,septiembre,2024,11278.9
2017-05-12,12,jueves,septiembre,2024,11400.2
2017-05-13,13,viernes,septiembre,2024,11540.2
2017-05-14,16,lunes,septiembre,2024,11581.0
2017-05-15,17,martes,septiembre,2024,11703.4
2017-05-16,18,miércoles,septiembre,2024,11684.7
2017-05-17,19,jueves,septiembre,2024,11778.1
2017-05-18,20,viernes,septiembre,2024,11753.3
2017-05-19,23,lunes,septiembre,2024,11797.9
2017-05-20,24,martes,septiembre,2024,11837.0
2017-05-21,25,miércoles,septiembre,2024,11792.6
2017-05-22,26,jueves,septiembre,2024,11953.2
2017-05-23,27,viernes,septiembre,2024,11967.9
2017-05-24,30,lunes,septiembre,2024,11877.3
2017-05-25,1,martes,octubre,2024,11673.5
2017-05-26,2,miércoles,octubre,2024,11609.8
2017-05-27,3,jueves,octubre,2024,11618.0
2017-05-28,4,viernes,octubre,2024,11659.2
2017-05-29,7,lunes,octubre,2024,11717.5
2017-05-30,8,martes,octubre,2024,11734.7
2017-05-31,9,miércoles,octubre,2024,11741.5
2017-06-01,10,jueves,octubre,2024,11656.7
2017-06-02,11,viernes,octubre,2024,11720.0
2017-06-03,14,lunes,octubre,2024,11850.9
2017-06-04,15,martes,octubre,2024,11930.2
2017-06-05,16,miércoles,octubre,2024,11996.7
2017-06-06,17,jueves,octubre,2024,11904.5
2017-06-07,18,viernes,octubre,2024,11925.2
2017-06-08,21,lunes,octubre,2024,11841.1
2017-06-09,22,martes,octubre,2024,11832.7
2017-06-10,23,miércoles,octubre,2024,11865.2
2017-06-11,24,jueves,octubre,2024,11839.8
2017-06-12,25,viernes,octubre,2024,11812.5
2017-06-13,28,lunes,octubre,2024,11904.0
2017-06-14,29,martes,octubre,2024,11795.3
2017-06-15,30,miércoles,octubre,2024,11715.0
2017-06-16,31,jueves,octubre,2024,11672.6
2017-06-17,1,viernes,noviembre,2024,11843.0
2017-06-18,4,lunes,noviembre,2024,11805.1
2017-06-19,5,martes,noviembre,2024,11839.2
2017-06-20,6,miércoles,noviembre,2024,11495.3
2017-06-21,7,jueves,noviembre,2024,11570.1
2017-06-22,8,viernes,noviembre,2024,11551.6
2017-06-23,11,lunes,noviembre,2024,11597.3
2017-06-24,12,martes,noviembre,2024,11382.6
2017-06-25,13,miércoles,noviembre,2024,11377.1
2017-06-26,14,jueves,noviembre,2024,11524.3
2017-06-27,15,viernes,noviembre,2024,11635.9
2017-06-28,18,lunes,noviembre,2024,11674.8
2017-06-29,19,martes,noviembre,2024,11588.4
2017-06-30,20,miércoles,noviembre,2024,11589.5
2017-07-01,21,jueves,noviembre,2024,11611.7
2017-07-02,22,viernes,noviembre,2024,11656.6
2017-07-03,25,lunes,noviembre,2024,11711.8
2017-07-04,26,martes,noviembre,2024,11617.9
2017-07-05,27,miércoles,noviembre,2024,11579.5
2017-07-06,28,jueves,noviembre,2024,11610.8
2017-07-07,29,viernes,noviembre,2024,11641.3
2017-07-08,2,lunes,diciembre,2024,11735.3
2017-07-09,3,martes,diciembre,2024,11873.6
2017-07-10,4,miércoles,diciembre,2024,11931.6
2017-07-11,5,jueves,diciembre,2024,12118.7
2017-07-12,6,viernes,diciembre,2024,12072.0
2017-07-13,9,lunes,diciembre,2024,12011.5
2017-07-14,10,martes,diciembre,2024,11965.5
2017-07-15,11,miércoles,diciembre,2024,11789.3
2017-07-16,12,jueves,diciembre,2024,11764.8
2017-07-17,13,viernes,diciembre,2024,11752.1
2017-07-18,16,lunes,diciembre,2024,11778.6
2017-07-19,17,martes,diciembre,2024,11588.1
2017-07-20,18,miércoles,diciembre,2024,11617.9
2017-07-21,19,jueves,diciembre,2024,11439.9
2017-07-22,20,viernes,diciembre,2024,11467.3
2017-07-23,23,lunes,diciembre,2024,11435.7
2017-07-24,24,martes,diciembre,2024,11473.9
2017-07-27,27,viernes,diciembre,2024,11531.6
2017-07-28,30,lunes,diciembre,2024,11536.8
2017-07-29,31,martes,diciembre,2024,11595.0
2017-07-31,2,jueves,enero,2025,11676.9
2017-08-01,3,viernes,enero,2025,11651.6
2017-08-02,6,lunes,enero,2025,11808.2
2017-08-03,7,martes,enero,2025,11811.9
2017-08-04,8,miércoles,enero,2025,11798.1
2017-08-05,9,jueves,enero,2025,11899.3
2017-08-06,10,viernes,enero,2025,11720.9
2017-08-07,13,lunes,enero,2025,11688.2
2017-08-08,14,martes,enero,2025,11752.1
2017-08-09,15,miércoles,enero,2025,11898.5
2017-08-10,16,jueves,enero,2025,11840.6
2017-08-11,17,viernes,enero,2025,11916.3
2017-08-12,20,lunes,enero,2025,11943.6
2017-08-13,21,martes,enero,2025,11927.4
2017-08-14,22,miércoles,enero,2025,11882.7
2017-08-15,23,jueves,enero,2025,11991.5
2017-08-16,24,viernes,enero,2025,11982.6
2017-08-17,27,lunes,enero,2025,11997.1
2017-08-18,28,martes,enero,2025,12154.2
2017-08-19,29,miércoles,enero,2025,12286.5
2017-08-20,30,jueves,enero,2025,12419.6
2017-08-21,31,viernes,enero,2025,12368.9
2017-08-22,3,lunes,febrero,2025,12205.8
2017-08-23,4,martes,febrero,2025,12372.8
2017-08-24,5,miércoles,febrero,2025,12536.7
2017-08-25,6,jueves,febrero,2025,12731.0
2017-08-26,7,viernes,febrero,2025,12688.9
2017-08-27,10,lunes,febrero,2025,12708.8
2017-08-28,11,martes,febrero,2025,12774.8
2017-08-29,12,miércoles,febrero,2025,12911.5
2017-08-30,13,jueves,febrero,2025,12936.3
2017-08-31,14,viernes,febrero,2025,12956.0
2017-09-01,17,lunes,febrero,2025,13016.9
2017-09-02,18,martes,febrero,2025,13143.9
2017-09-03,19,miércoles,febrero,2025,12929.4
2017-09-04,20,jueves,febrero,2025,12967.1
2017-09-05,21,viernes,febrero,2025,12952.0
2017-09-06,24,lunes,febrero,2025,13012.9
2017-09-07,25,martes,febrero,2025,13116.8
2017-09-08,26,miércoles,febrero,2025,13332.0
2017-09-09,27,jueves,febrero,2025,13270.6
2017-09-10,28,viernes,febrero,2025,13347.3
2017-09-11,3,lunes,marzo,2025,13373.1
2017-09-12,4,martes,marzo,2025,13031.7
2017-09-13,5,miércoles,marzo,2025,13214.0
2017-09-14,6,jueves,marzo,2025,13234.2
2017-09-15,7,viernes,marzo,2025,13257.1
2017-09-16,10,lunes,marzo,2025,13082.7
2017-09-17,11,martes,marzo,2025,12877.3
2017-09-18,12,miércoles,marzo,2025,12804.0
2017-09-19,13,jueves,marzo,2025,12821.3
2017-09-20,14,viernes,marzo,2025,13005.2
2017-09-21,17,lunes,marzo,2025,13147.2
2017-09-22,18,martes,marzo,2025,13354.7
2017-09-23,19,miércoles,marzo,2025,13408.1
2017-09-24,20,jueves,marzo,2025,13306.3
2017-09-25,21,viernes,marzo,2025,13350.2
2017-09-26,24,lunes,marzo,2025,13323.3
2017-09-27,25,martes,marzo,2025,13484.3
2017-09-28,26,miércoles,marzo,2025,13432.2
2017-09-29,27,jueves,marzo,2025,13422.6
2017-09-30,28,viernes,marzo,2025,13309.3
2017-10-01,31,lunes,marzo,2025,13135.4
2017-10-02,1,martes,abril,2025,13297.0
2017-10-03,2,miércoles,abril,2025,13350.2
2017-10-04,3,jueves,abril,2025,13191.2
2017-10-05,4,viernes,abril,2025,12422.0
2017-10-06,7,lunes,abril,2025,11785.8
2017-10-07,8,martes,abril,2025,12065.6
2017-10-08,9,miércoles,abril,2025,11797.6
2017-10-09,10,jueves,abril,2025,12307.6
2017-10-10,11,viernes,abril,2025,12286.0
2017-10-11,14,lunes,abril,2025,12609.8
2017-10-12,15,martes,abril,2025,12879.3
2017-10-13,16,miércoles,abril,2025,12942.1
2017-10-14,17,jueves,abril,2025,12918.0
2017-10-17,22,martes,abril,2025,13010.6
2017-10-18,23,miércoles,abril,2025,13208.3
2017-10-19,24,jueves,abril,2025,13179.7
2017-10-20,25,viernes,abril,2025,13355.3
2017-10-21,28,lunes,abril,2025,13456.1
2017-10-22,29,martes,abril,2025,13366.9
2017-10-23,30,miércoles,abril,2025,13287.8
2017-10-25,2,viernes,mayo,2025,13446.7
2017-10-26,5,lunes,mayo,2025,13518.0
2017-10-27,6,martes,mayo,2025,13530.2
2017-10-28,7,miércoles,mayo,2025,13480.4
2017-10-29,8,jueves,mayo,2025,13488.9
2017-10-30,9,viernes,mayo,2025,13554.1
2017-10-31,12,lunes,mayo,2025,13655.3
2017-11-01,13,martes,mayo,2025,13769.1
2017-11-02,14,miércoles,mayo,2025,13840.2
2017-11-03,15,jueves,mayo,2025,13930.2
2017-11-04,16,viernes,mayo,2025,14064.5
2017-11-05,19,lunes,mayo,2025,14099.0
2017-11-06,20,martes,mayo,2025,14323.4
2017-11-07,21,miércoles,mayo,2025,14307.6
2017-11-08,22,jueves,mayo,2025,14272.5
2017-11-09,23,viernes,mayo,2025,14104.1
2017-11-10,26,lunes,mayo,2025,14221.6
2017-11-11,27,martes,mayo,2025,14239.9
2017-11-12,28,miércoles,mayo,2025,14100.6
2017-11-13,29,jueves,mayo,2025,14116.6
2017-11-14,30,viernes,mayo,2025,14152.2
2017-11-15,2,lunes,junio,2025,14202.8
2017-11-16,3,martes,junio,2025,14128.4
2017-11-17,4,miércoles,junio,2025,14101.3
2017-11-18,5,jueves,junio,2025,14203.7
2017-11-19,6,viernes,junio,2025,14247.6
2017-11-20,9,lunes,junio,2025,14251.3
2017-11-21,10,martes,junio,2025,14221.1
2017-11-22,11,miércoles,junio,2025,14134.1
2017-11-23,12,jueves,junio,2025,14088.9
2017-11-24,13,viernes,junio,2025,13910.6
2017-11-25,16,lunes,junio,2025,14110.8
2017-11-26,17,martes,junio,2025,13911.7
2017-11-27,18,miércoles,junio,2025,13923.2
2017-11-28,19,jueves,junio,2025,13744.9
2017-11-29,20,viernes,junio,2025,13850.3
2017-11-30,23,lunes,junio,2025,13839.4
2017-12-01,24,martes,junio,2025,14035.1
2017-12-02,25,miércoles,junio,2025,13811.8
2017-12-03,26,jueves,junio,2025,13815.5
2017-12-04,27,viernes,junio,2025,13969.0
2017-12-05,30,lunes,junio,2025,13991.9
2017-12-06,1,martes,julio,2025,13987.4
2017-12-07,2,miércoles,julio,2025,14044.6
2017-12-08,3,jueves,julio,2025,14182.9
2017-12-09,4,viernes,julio,2025,13973.0
2017-12-10,7,lunes,julio,2025,14074.8
2017-12-11,8,martes,julio,2025,14079.5
2017-12-12,9,miércoles,julio,2025,14254.4
2017-12-13,10,jueves,julio,2025,14141.6
2017-12-14,11,viernes,julio,2025,14009.2
2017-12-15,14,lunes,julio,2025,14036.0
2017-12-16,15,martes,julio,2025,13874.7
2017-12-17,16,miércoles,julio,2025,13885.7
2017-12-18,17,jueves,julio,2025,13994.5
2017-12-19,18,viernes,julio,2025,13989.0
2017-12-20,21,lunes,julio,2025,14031.5
2017-12-21,22,martes,julio,2025,14041.5
2017-12-22,23,miércoles,julio,2025,14067.9
2017-12-23,24,jueves,julio,2025,14256.5
2017-12-24,25,viernes,julio,2025,14237.3
2017-12-25,28,lunes,julio,2025,14220.2
2017-12-26,29,martes,julio,2025,14347.7
2017-12-27,30,miércoles,julio,2025,14380.6
2017-12-28,31,jueves,julio,2025,14397.0
2017-12-29,1,viernes,agosto,2025,14126.7
2017-12-30,4,lunes,agosto,2025,14386.1
2017-12-31,5,martes,agosto,2025,14407.5
2018-01-01,6,miércoles,agosto,2025,14536.6
2018-01-02,7,jueves,agosto,2025,14690.9
2018-01-03,8,viernes,agosto,2025,14824.9
2018-01-04,11,lunes,agosto,2025,14855.9
2018-01-05,12,martes,agosto,2025,14859.0
2018-01-06,13,miércoles,agosto,2025,15019.9
2018-01-07,14,jueves,agosto,2025,15206.4
2018-01-08,15,viernes,agosto,2025,15277.2
2018-01-09,18,lunes,agosto,2025,15251.7
2018-01-10,19,martes,agosto,2025,15303.8
2018-01-11,20,miércoles,agosto,2025,15292.1
2018-01-12,21,jueves,agosto,2025,15303.8
2018-01-13,22,viernes,agosto,2025,15396.8
2018-01-14,25,lunes,agosto,2025,15265.5
2018-01-15,26,martes,agosto,2025,15119.3
2018-01-16,27,miércoles,agosto,2025,15020.9
2018-01-17,28,jueves,agosto,2025,15071.4
2018-01-18,29,viernes,agosto,2025,14935.8
2018-01-19,1,lunes,septiembre,2025,14939.4
2018-01-20,2,martes,septiembre,2025,14704.2
2018-01-21,3,miércoles,septiembre,2025,14789.4
2018-01-22,4,jueves,septiembre,2025,14918.3
2018-01-23,5,viernes,septiembre,2025,14850.9
2018-01-24,8,lunes,septiembre,2025,15002.2
2018-01-25,9,martes,septiembre,2025,15023.9
2018-01-26,10,miércoles,septiembre,2025,15217.5
2018-01-27,11,jueves,septiembre,2025,15321.3
2018-01-28,12,viernes,septiembre,2025,15308.2
2018-01-29,15,lunes,septiembre,2025,15395.1
2018-01-30,16,martes,septiembre,2025,15163.3
2018-01-31,17,miércoles,septiembre,2025,15127.2
2018-02-01,18,jueves,septiembre,2025,15175.4
2018-02-02,19,viernes,septiembre,2025,15260.7
2018-02-03,22,lunes,septiembre,2025,15082.5
2018-02-04,23,martes,septiembre,2025,15158.2
2018-02-05,24,miércoles,septiembre,2025,15194.6
2018-02-06,25,jueves,septiembre,2025,15153.7
2018-02-07,26,viernes,septiembre,2025,15350.4
2018-02-08,29,lunes,septiembre,2025,15316.3
2018-02-09,30,martes,septiembre,2025,15475.0
2018-02-10,1,miércoles,octubre,2025,15538.8
2018-02-11,2,jueves,octubre,2025,15496.2
2018-02-12,3,viernes,octubre,2025,15585.1
2018-02-13,6,lunes,octubre,2025,15556.7
2018-02-14,7,martes,octubre,2025,15527.0
2018-02-15,8,miércoles,octubre,2025,15678.3
2018-02-16,9,jueves,octubre,2025,15584.8
2018-02-17,10,viernes,octubre,2025,15476.5
2018-02-18,13,lunes,octubre,2025,15541.6
2018-02-19,14,martes,octubre,2025,15586.4
2018-02-20,15,miércoles,octubre,2025,15570.3
2018-02-21,16,jueves,octubre,2025,15645.8
2018-02-22,17,viernes,octubre,2025,15601.1
2018-02-23,20,lunes,octubre,2025,15828.3
2018-02-24,21,martes,octubre,2025,15767.1
2018-02-25,22,miércoles,octubre,2025,15781.6
2018-02-26,23,jueves,octubre,2025,15792.2
2018-02-27,24,viernes,octubre,2025,15861.5
2018-02-28,27,lunes,octubre,2025,16000.2
2018-03-01,28,martes,octubre,2025,16087.0
2018-03-02,29,miércoles,octubre,2025,16150.1
2018-03-03,30,jueves,octubre,2025,16040.3
2018-03-04,31,viernes,octubre,2025,16032.6
2018-03-05,3,lunes,noviembre,2025,16037.0
2018-03-06,4,martes,noviembre,2025,16036.4
2018-03-07,5,miércoles,noviembre,2025,16098.4
2018-03-08,6,jueves,noviembre,2025,16118.0
2018-03-09,7,viernes,noviembre,2025,15901.4
2018-03-10,10,lunes,noviembre,2025,16182.5
2018-03-11,11,martes,noviembre,2025,16388.8
2018-03-12,12,miércoles,noviembre,2025,16615.8
2018-03-13,13,jueves,noviembre,2025,16577.4
2018-03-14,14,viernes,noviembre,2025,16345.9
2018-03-15,17,lunes,noviembre,2025,16172.6
2018-03-16,18,martes,noviembre,2025,15827.0
2018-03-17,19,miércoles,noviembre,2025,15889.3
2018-03-18,20,jueves,noviembre,2025,15988.9
2018-03-19,21,viernes,noviembre,2025,15821.9
