FRECUENCIA;DIAMES;DIASEMANA;MESTEXTO;AÑO;VALOR
04 ENE 1999;4;lunes;enero;1999;10447,80
05 ENE 1999;5;martes;enero;1999;10650,70
06 ENE 1999;6;miércoles;enero;1999;-
07 ENE 1999;7;jueves;enero;1999;10443,40
08 ENE 1999;8;viernes;enero;1999;10412,30
11 ENE 1999;11;lunes;enero;1999;10248,60
12 ENE 1999;12;martes;enero;1999;10010,50
13 ENE 1999;13;miércoles;enero;1999;9321,70
14 ENE 1999;14;jueves;enero;1999;9304,20
15 ENE 1999;15;viernes;enero;1999;9596,30
18 ENE 1999;18;lunes;enero;1999;10071,50
19 ENE 1999;19;martes;enero;1999;9971,70
20 ENE 1999;20;miércoles;enero;1999;10090,10
21 ENE 1999;21;jueves;enero;1999;9920,80
22 ENE 1999;22;viernes;enero;1999;9612,00
25 ENE 1999;25;lunes;enero;1999;9665,60
26 ENE 1999;26;martes;enero;1999;9589,60
27 ENE 1999;27;miércoles;enero;1999;9609,50
28 ENE 1999;28;jueves;enero;1999;9832,20
29 ENE 1999;29;viernes;enero;1999;9878,80
01 FEB 1999;1;lunes;febrero;1999;9998,20
02 FEB 1999;2;martes;febrero;1999;9943,60
03 FEB 1999;3;miércoles;febrero;1999;9944,20
04 FEB 1999;4;jueves;febrero;1999;9855,40
05 FEB 1999;5;viernes;febrero;1999;9809,30
08 FEB 1999;8;lunes;febrero;1999;9648,80
09 FEB 1999;9;martes;febrero;1999;9500,00
10 FEB 1999;10;miércoles;febrero;1999;9656,70
11 FEB 1999;11;jueves;febrero;1999;9690,50
12 FEB 1999;12;viernes;febrero;1999;9739,40
15 FEB 1999;15;lunes;febrero;1999;9901,10
16 FEB 1999;16;martes;febrero;1999;9799,30
17 FEB 1999;17;miércoles;febrero;1999;9797,90
18 FEB 1999;18;jueves;febrero;1999;9758,70
19 FEB 1999;19;viernes;febrero;1999;9840,90
22 FEB 1999;22;lunes;febrero;1999;9945,20
23 FEB 1999;23;martes;febrero;1999;10133,80
24 FEB 1999;24;miércoles;febrero;1999;10224,60
25 FEB 1999;25;jueves;febrero;1999;10052,10
26 FEB 1999;26;viernes;febrero;1999;9997,30
01 MAR 1999;1;lunes;marzo;1999;9838,90
02 MAR 1999;2;martes;marzo;1999;9823,00
03 MAR 1999;3;miércoles;marzo;1999;9707,60
04 MAR 1999;4;jueves;marzo;1999;9834,30
05 MAR 1999;5;viernes;marzo;1999;10005,00
08 MAR 1999;8;lunes;marzo;1999;9861,40
09 MAR 1999;9;martes;marzo;1999;9915,30
10 MAR 1999;10;miércoles;marzo;1999;9940,10
11 MAR 1999;11;jueves;marzo;1999;10191,60
12 MAR 1999;12;viernes;marzo;1999;10094,70
15 MAR 1999;15;lunes;marzo;1999;10121,00
16 MAR 1999;16;martes;marzo;1999;10213,90
17 MAR 1999;17;miércoles;marzo;1999;10119,10
18 MAR 1999;18;jueves;marzo;1999;10039,70
19 MAR 1999;19;viernes;marzo;1999;10073,70
22 MAR 1999;22;lunes;marzo;1999;9955,10
23 MAR 1999;23;martes;marzo;1999;9728,40
24 MAR 1999;24;miércoles;marzo;1999;9720,70
25 MAR 1999;25;jueves;marzo;1999;9868,30
26 MAR 1999;26;viernes;marzo;1999;9659,10
29 MAR 1999;29;lunes;marzo;1999;9748,10
30 MAR 1999;30;martes;marzo;1999;9677,00
31 MAR 1999;31;miércoles;marzo;1999;9740,70
01 ABR 1999;1;jueves;abril;1999;-
02 ABR 1999;2;viernes;abril;1999;-
05 ABR 1999;5;lunes;abril;1999;-
06 ABR 1999;6;martes;abril;1999;10011,30
07 ABR 1999;7;miércoles;abril;1999;10027,70
08 ABR 1999;8;jueves;abril;1999;10100,60
09 ABR 1999;9;viernes;abril;1999;10101,90
12 ABR 1999;12;lunes;abril;1999;10039,20
13 ABR 1999;13;martes;abril;1999;10120,80
14 ABR 1999;14;miércoles;abril;1999;10080,40
15 ABR 1999;15;jueves;abril;1999;10000,00
16 ABR 1999;16;viernes;abril;1999;9777,30
19 ABR 1999;19;lunes;abril;1999;9851,70
20 ABR 1999;20;martes;abril;1999;9662,00
21 ABR 1999;21;miércoles;abril;1999;9771,10
22 ABR 1999;22;jueves;abril;1999;9794,80
23 ABR 1999;23;viernes;abril;1999;9901,60
26 ABR 1999;26;lunes;abril;1999;9907,20
27 ABR 1999;27;martes;abril;1999;10069,90
28 ABR 1999;28;miércoles;abril;1999;10010,40
29 ABR 1999;29;jueves;abril;1999;10007,60
30 ABR 1999;30;viernes;abril;1999;9975,40
03 MAY 1999;3;lunes;mayo;1999;10090,80
04 MAY 1999;4;martes;mayo;1999;10019,20
05 MAY 1999;5;miércoles;mayo;1999;10012,10
06 MAY 1999;6;jueves;mayo;1999;10073,00
07 MAY 1999;7;viernes;mayo;1999;10155,00
10 MAY 1999;10;lunes;mayo;1999;10172,70
11 MAY 1999;11;martes;mayo;1999;10167,10
12 MAY 1999;12;miércoles;mayo;1999;10184,70
13 MAY 1999;13;jueves;mayo;1999;10275,00
14 MAY 1999;14;viernes;mayo;1999;10167,20
17 MAY 1999;17;lunes;mayo;1999;9966,10
18 MAY 1999;18;martes;mayo;1999;9984,80
19 MAY 1999;19;miércoles;mayo;1999;10174,40
20 MAY 1999;20;jueves;mayo;1999;10151,20
21 MAY 1999;21;viernes;mayo;1999;10213,70
24 MAY 1999;24;lunes;mayo;1999;10170,40
25 MAY 1999;25;martes;mayo;1999;10141,00
26 MAY 1999;26;miércoles;mayo;1999;10097,70
27 MAY 1999;27;jueves;mayo;1999;9990,90
28 MAY 1999;28;viernes;mayo;1999;10030,60
31 MAY 1999;31;lunes;mayo;1999;10072,30
01 JUN 1999;1;martes;junio;1999;10056,90
02 JUN 1999;2;miércoles;junio;1999;10068,80
03 JUN 1999;3;jueves;junio;1999;10221,50
04 JUN 1999;4;viernes;junio;1999;10244,70
07 JUN 1999;7;lunes;junio;1999;10280,20
08 JUN 1999;8;martes;junio;1999;10221,80
09 JUN 1999;9;miércoles;junio;1999;10242,80
10 JUN 1999;10;jueves;junio;1999;10096,20
11 JUN 1999;11;viernes;junio;1999;10195,30
14 JUN 1999;14;lunes;junio;1999;10100,00
15 JUN 1999;15;martes;junio;1999;10179,70
16 JUN 1999;16;miércoles;junio;1999;10190,80
17 JUN 1999;17;jueves;junio;1999;10195,00
18 JUN 1999;18;viernes;junio;1999;10337,50
21 JUN 1999;21;lunes;junio;1999;10382,70
22 JUN 1999;22;martes;junio;1999;10387,70
23 JUN 1999;23;miércoles;junio;1999;10380,70
24 JUN 1999;24;jueves;junio;1999;10333,60
25 JUN 1999;25;viernes;junio;1999;10290,30
28 JUN 1999;28;lunes;junio;1999;10291,10
29 JUN 1999;29;martes;junio;1999;10299,60
30 JUN 1999;30;miércoles;junio;1999;10218,60
01 JUL 1999;1;jueves;julio;1999;10370,50
02 JUL 1999;2;viernes;julio;1999;10402,30
05 JUL 1999;5;lunes;julio;1999;10555,60
06 JUL 1999;6;martes;julio;1999;10474,40
07 JUL 1999;7;miércoles;julio;1999;10402,80
08 JUL 1999;8;jueves;julio;1999;10311,30
09 JUL 1999;9;viernes;julio;1999;10333,20
12 JUL 1999;12;lunes;julio;1999;10311,90
13 JUL 1999;13;martes;julio;1999;10119,00
14 JUL 1999;14;miércoles;julio;1999;10009,30
15 JUL 1999;15;jueves;julio;1999;10134,60
16 JUL 1999;16;viernes;julio;1999;10119,20
19 JUL 1999;19;lunes;julio;1999;10190,90
20 JUL 1999;20;martes;julio;1999;10057,90
21 JUL 1999;21;miércoles;julio;1999;9999,80
22 JUL 1999;22;jueves;julio;1999;9896,10
23 JUL 1999;23;viernes;julio;1999;9771,60
26 JUL 1999;26;lunes;julio;1999;9684,90
27 JUL 1999;27;martes;julio;1999;9583,40
28 JUL 1999;28;miércoles;julio;1999;9571,50
29 JUL 1999;29;jueves;julio;1999;9292,60
30 JUL 1999;30;viernes;julio;1999;9391,90
02 AGO 1999;2;lunes;agosto;1999;9400,10
03 AGO 1999;3;martes;agosto;1999;9434,20
04 AGO 1999;4;miércoles;agosto;1999;9436,20
05 AGO 1999;5;jueves;agosto;1999;9194,50
06 AGO 1999;6;viernes;agosto;1999;9140,70
09 AGO 1999;9;lunes;agosto;1999;9335,70
10 AGO 1999;10;martes;agosto;1999;9230,20
11 AGO 1999;11;miércoles;agosto;1999;9360,40
12 AGO 1999;12;jueves;agosto;1999;9407,90
13 AGO 1999;13;viernes;agosto;1999;9561,70
16 AGO 1999;16;lunes;agosto;1999;9474,50
17 AGO 1999;17;martes;agosto;1999;9613,50
18 AGO 1999;18;miércoles;agosto;1999;9570,90
19 AGO 1999;19;jueves;agosto;1999;9569,30
20 AGO 1999;20;viernes;agosto;1999;9738,30
23 AGO 1999;23;lunes;agosto;1999;9730,00
24 AGO 1999;24;martes;agosto;1999;9861,70
25 AGO 1999;25;miércoles;agosto;1999;9941,40
26 AGO 1999;26;jueves;agosto;1999;9931,90
27 AGO 1999;27;viernes;agosto;1999;10058,40
30 AGO 1999;30;lunes;agosto;1999;10006,20
31 AGO 1999;31;martes;agosto;1999;9806,10
01 SEP 1999;1;miércoles;septiembre;1999;9903,60
02 SEP 1999;2;jueves;septiembre;1999;9694,00
03 SEP 1999;3;viernes;septiembre;1999;9943,10
06 SEP 1999;6;lunes;septiembre;1999;9975,40
07 SEP 1999;7;martes;septiembre;1999;9871,20
08 SEP 1999;8;miércoles;septiembre;1999;9891,60
09 SEP 1999;9;jueves;septiembre;1999;10028,00
10 SEP 1999;10;viernes;septiembre;1999;10026,60
13 SEP 1999;13;lunes;septiembre;1999;9919,00
14 SEP 1999;14;martes;septiembre;1999;9779,20
15 SEP 1999;15;miércoles;septiembre;1999;9728,60
16 SEP 1999;16;jueves;septiembre;1999;9645,70
17 SEP 1999;17;viernes;septiembre;1999;9728,20
20 SEP 1999;20;lunes;septiembre;1999;9722,80
21 SEP 1999;21;martes;septiembre;1999;9621,80
22 SEP 1999;22;miércoles;septiembre;1999;9655,00
23 SEP 1999;23;jueves;septiembre;1999;9720,40
24 SEP 1999;24;viernes;septiembre;1999;9617,70
27 SEP 1999;27;lunes;septiembre;1999;9707,80
28 SEP 1999;28;martes;septiembre;1999;9639,90
29 SEP 1999;29;miércoles;septiembre;1999;9552,50
30 SEP 1999;30;jueves;septiembre;1999;9525,40
01 OCT 1999;1;viernes;octubre;1999;9482,80
04 OCT 1999;4;lunes;octubre;1999;9601,00
05 OCT 1999;5;martes;octubre;1999;9656,30
06 OCT 1999;6;miércoles;octubre;1999;9624,70
07 OCT 1999;7;jueves;octubre;1999;9721,00
08 OCT 1999;8;viernes;octubre;1999;9770,90
11 OCT 1999;11;lunes;octubre;1999;9808,20
12 OCT 1999;12;martes;octubre;1999;-
13 OCT 1999;13;miércoles;octubre;1999;9592,50
14 OCT 1999;14;jueves;octubre;1999;9548,90
15 OCT 1999;15;viernes;octubre;1999;9376,70
18 OCT 1999;18;lunes;octubre;1999;9290,80
19 OCT 1999;19;martes;octubre;1999;9413,40
20 OCT 1999;20;miércoles;octubre;1999;9405,60
21 OCT 1999;21;jueves;octubre;1999;9270,20
22 OCT 1999;22;viernes;octubre;1999;9389,40
25 OCT 1999;25;lunes;octubre;1999;9304,80
26 OCT 1999;26;martes;octubre;1999;9443,30
27 OCT 1999;27;miércoles;octubre;1999;9419,20
28 OCT 1999;28;jueves;octubre;1999;9610,30
29 OCT 1999;29;viernes;octubre;1999;9741,50
01 NOV 1999;1;lunes;noviembre;1999;-
02 NOV 1999;2;martes;noviembre;1999;9847,90
03 NOV 1999;3;miércoles;noviembre;1999;9936,90
04 NOV 1999;4;jueves;noviembre;1999;10113,40
05 NOV 1999;5;viernes;noviembre;1999;10231,30
08 NOV 1999;8;lunes;noviembre;1999;10336,80
09 NOV 1999;9;martes;noviembre;1999;10260,10
10 NOV 1999;10;miércoles;noviembre;1999;10354,30
11 NOV 1999;11;jueves;noviembre;1999;10497,10
12 NOV 1999;12;viernes;noviembre;1999;10469,90
15 NOV 1999;15;lunes;noviembre;1999;10555,90
16 NOV 1999;16;martes;noviembre;1999;10619,70
17 NOV 1999;17;miércoles;noviembre;1999;10639,70
18 NOV 1999;18;jueves;noviembre;1999;10725,90
19 NOV 1999;19;viernes;noviembre;1999;10793,00
22 NOV 1999;22;lunes;noviembre;1999;10613,60
23 NOV 1999;23;martes;noviembre;1999;10685,10
24 NOV 1999;24;miércoles;noviembre;1999;10720,20
25 NOV 1999;25;jueves;noviembre;1999;10945,20
26 NOV 1999;26;viernes;noviembre;1999;10971,30
29 NOV 1999;29;lunes;noviembre;1999;10892,50
30 NOV 1999;30;martes;noviembre;1999;10958,10
01 DIC 1999;1;miércoles;diciembre;1999;11084,30
02 DIC 1999;2;jueves;diciembre;1999;11166,60
03 DIC 1999;3;viernes;diciembre;1999;11310,00
06 DIC 1999;6;lunes;diciembre;1999;-
07 DIC 1999;7;martes;diciembre;1999;11549,60
08 DIC 1999;8;miércoles;diciembre;1999;-
09 DIC 1999;9;jueves;diciembre;1999;11560,10
10 DIC 1999;10;viernes;diciembre;1999;11434,50
13 DIC 1999;13;lunes;diciembre;1999;11465,80
14 DIC 1999;14;martes;diciembre;1999;11480,10
15 DIC 1999;15;miércoles;diciembre;1999;11372,50
16 DIC 1999;16;jueves;diciembre;1999;11427,10
17 DIC 1999;17;viernes;diciembre;1999;11613,10
20 DIC 1999;20;lunes;diciembre;1999;11673,10
21 DIC 1999;21;martes;diciembre;1999;11572,80
22 DIC 1999;22;miércoles;diciembre;1999;11585,50
23 DIC 1999;23;jueves;diciembre;1999;11686,60
24 DIC 1999;24;viernes;diciembre;1999;-
27 DIC 1999;27;lunes;diciembre;1999;11615,70
28 DIC 1999;28;martes;diciembre;1999;11517,60
29 DIC 1999;29;miércoles;diciembre;1999;11581,40
30 DIC 1999;30;jueves;diciembre;1999;11641,40
31 DIC 1999;31;viernes;diciembre;1999;-
03 ENE 2000;3;lunes;enero;2000;11610,00
04 ENE 2000;4;martes;enero;2000;11206,60
05 ENE 2000;5;miércoles;enero;2000;10863,10
06 ENE 2000;6;jueves;enero;2000;-
07 ENE 2000;7;viernes;enero;2000;11102,40
10 ENE 2000;10;lunes;enero;2000;11173,30
11 ENE 2000;11;martes;enero;2000;11012,40
12 ENE 2000;12;miércoles;enero;2000;10851,80
13 ENE 2000;13;jueves;enero;2000;10931,90
14 ENE 2000;14;viernes;enero;2000;11184,00
17 ENE 2000;17;lunes;enero;2000;11285,60
18 ENE 2000;18;martes;enero;2000;11066,30
19 ENE 2000;19;miércoles;enero;2000;11120,70
20 ENE 2000;20;jueves;enero;2000;11047,60
21 ENE 2000;21;viernes;enero;2000;10969,30
24 ENE 2000;24;lunes;enero;2000;10955,00
25 ENE 2000;25;martes;enero;2000;10863,50
26 ENE 2000;26;miércoles;enero;2000;11031,40
27 ENE 2000;27;jueves;enero;2000;11206,60
28 ENE 2000;28;viernes;enero;2000;11009,30
31 ENE 2000;31;lunes;enero;2000;10835,10
01 FEB 2000;1;martes;febrero;2000;10970,00
02 FEB 2000;2;miércoles;febrero;2000;11195,60
03 FEB 2000;3;jueves;febrero;2000;11544,10
04 FEB 2000;4;viernes;febrero;2000;11580,10
07 FEB 2000;7;lunes;febrero;2000;11506,80
08 FEB 2000;8;martes;febrero;2000;11834,80
09 FEB 2000;9;miércoles;febrero;2000;11939,50
10 FEB 2000;10;jueves;febrero;2000;12020,60
11 FEB 2000;11;viernes;febrero;2000;12432,60
14 FEB 2000;14;lunes;febrero;2000;12458,60
15 FEB 2000;15;martes;febrero;2000;12165,10
16 FEB 2000;16;miércoles;febrero;2000;12235,10
17 FEB 2000;17;jueves;febrero;2000;12326,70
18 FEB 2000;18;viernes;febrero;2000;12368,00
21 FEB 2000;21;lunes;febrero;2000;12260,30
22 FEB 2000;22;martes;febrero;2000;12076,90
23 FEB 2000;23;miércoles;febrero;2000;12312,30
24 FEB 2000;24;jueves;febrero;2000;12352,30
25 FEB 2000;25;viernes;febrero;2000;12690,90
28 FEB 2000;28;lunes;febrero;2000;12467,00
29 FEB 2000;29;martes;febrero;2000;12585,80
01 MAR 2000;1;miércoles;marzo;2000;12538,70
02 MAR 2000;2;jueves;marzo;2000;12709,60
03 MAR 2000;3;viernes;marzo;2000;12745,00
06 MAR 2000;6;lunes;marzo;2000;12816,80
07 MAR 2000;7;martes;marzo;2000;12667,20
08 MAR 2000;8;miércoles;marzo;2000;12668,30
09 MAR 2000;9;jueves;marzo;2000;12563,20
10 MAR 2000;10;viernes;marzo;2000;12513,70
13 MAR 2000;13;lunes;marzo;2000;12359,70
14 MAR 2000;14;martes;marzo;2000;12555,80
15 MAR 2000;15;miércoles;marzo;2000;12279,50
16 MAR 2000;16;jueves;marzo;2000;12260,90
17 MAR 2000;17;viernes;marzo;2000;12369,80
20 MAR 2000;20;lunes;marzo;2000;12362,40
21 MAR 2000;21;martes;marzo;2000;12308,30
22 MAR 2000;22;miércoles;marzo;2000;12172,20
23 MAR 2000;23;jueves;marzo;2000;12073,30
24 MAR 2000;24;viernes;marzo;2000;12213,80
27 MAR 2000;27;lunes;marzo;2000;12162,00
28 MAR 2000;28;martes;marzo;2000;12211,10
29 MAR 2000;29;miércoles;marzo;2000;12088,60
30 MAR 2000;30;jueves;marzo;2000;11833,40
31 MAR 2000;31;viernes;marzo;2000;11935,00
03 ABR 2000;3;lunes;abril;2000;11686,40
04 ABR 2000;4;martes;abril;2000;11584,20
05 ABR 2000;5;miércoles;abril;2000;11374,60
06 ABR 2000;6;jueves;abril;2000;11607,90
07 ABR 2000;7;viernes;abril;2000;11790,60
10 ABR 2000;10;lunes;abril;2000;11768,70
11 ABR 2000;11;martes;abril;2000;11515,30
12 ABR 2000;12;miércoles;abril;2000;11542,10
13 ABR 2000;13;jueves;abril;2000;11647,20
14 ABR 2000;14;viernes;abril;2000;11363,90
17 ABR 2000;17;lunes;abril;2000;11217,30
18 ABR 2000;18;martes;abril;2000;11261,50
19 ABR 2000;19;miércoles;abril;2000;11339,80
20 ABR 2000;20;jueves;abril;2000;11502,00
21 ABR 2000;21;viernes;abril;2000;-
24 ABR 2000;24;lunes;abril;2000;-
25 ABR 2000;25;martes;abril;2000;11425,50
26 ABR 2000;26;miércoles;abril;2000;11481,50
27 ABR 2000;27;jueves;abril;2000;11273,00
28 ABR 2000;28;viernes;abril;2000;11467,90
01 MAY 2000;1;lunes;mayo;2000;-
02 MAY 2000;2;martes;mayo;2000;11867,20
03 MAY 2000;3;miércoles;mayo;2000;11667,90
04 MAY 2000;4;jueves;mayo;2000;11597,50
05 MAY 2000;5;viernes;mayo;2000;11560,90
08 MAY 2000;8;lunes;mayo;2000;11304,00
09 MAY 2000;9;martes;mayo;2000;11071,70
10 MAY 2000;10;miércoles;mayo;2000;10832,30
11 MAY 2000;11;jueves;mayo;2000;11036,30
12 MAY 2000;12;viernes;mayo;2000;11102,60
15 MAY 2000;15;lunes;mayo;2000;11009,30
16 MAY 2000;16;martes;mayo;2000;11220,70
17 MAY 2000;17;miércoles;mayo;2000;10905,30
18 MAY 2000;18;jueves;mayo;2000;10889,60
19 MAY 2000;19;viernes;mayo;2000;10544,90
22 MAY 2000;22;lunes;mayo;2000;10326,30
23 MAY 2000;23;martes;mayo;2000;10380,10
24 MAY 2000;24;miércoles;mayo;2000;10342,40
25 MAY 2000;25;jueves;mayo;2000;10560,60
26 MAY 2000;26;viernes;mayo;2000;10437,10
29 MAY 2000;29;lunes;mayo;2000;10558,90
30 MAY 2000;30;martes;mayo;2000;10648,50
31 MAY 2000;31;miércoles;mayo;2000;10688,50
01 JUN 2000;1;jueves;junio;2000;10875,50
02 JUN 2000;2;viernes;junio;2000;11141,50
05 JUN 2000;5;lunes;junio;2000;11004,20
06 JUN 2000;6;martes;junio;2000;10782,50
07 JUN 2000;7;miércoles;junio;2000;10688,90
08 JUN 2000;8;jueves;junio;2000;10799,60
09 JUN 2000;9;viernes;junio;2000;10873,20
12 JUN 2000;12;lunes;junio;2000;10791,30
13 JUN 2000;13;martes;junio;2000;10806,00
14 JUN 2000;14;miércoles;junio;2000;10880,70
15 JUN 2000;15;jueves;junio;2000;10876,00
16 JUN 2000;16;viernes;junio;2000;10723,80
19 JUN 2000;19;lunes;junio;2000;10595,60
20 JUN 2000;20;martes;junio;2000;10563,40
21 JUN 2000;21;miércoles;junio;2000;10351,40
22 JUN 2000;22;jueves;junio;2000;10490,50
23 JUN 2000;23;viernes;junio;2000;10533,10
26 JUN 2000;26;lunes;junio;2000;10488,90
27 JUN 2000;27;martes;junio;2000;10528,20
28 JUN 2000;28;miércoles;junio;2000;10583,20
29 JUN 2000;29;jueves;junio;2000;10366,40
30 JUN 2000;30;viernes;junio;2000;10581,30
03 JUL 2000;3;lunes;julio;2000;10676,70
04 JUL 2000;4;martes;julio;2000;10848,90
05 JUL 2000;5;miércoles;julio;2000;10757,60
06 JUL 2000;6;jueves;julio;2000;10739,60
07 JUL 2000;7;viernes;julio;2000;10896,70
10 JUL 2000;10;lunes;julio;2000;10828,90
11 JUL 2000;11;martes;julio;2000;10874,80
12 JUL 2000;12;miércoles;julio;2000;10878,70
13 JUL 2000;13;jueves;julio;2000;10848,20
14 JUL 2000;14;viernes;julio;2000;11002,60
17 JUL 2000;17;lunes;julio;2000;10949,20
18 JUL 2000;18;martes;julio;2000;10791,50
19 JUL 2000;19;miércoles;julio;2000;10850,70
20 JUL 2000;20;jueves;julio;2000;10986,10
21 JUL 2000;21;viernes;julio;2000;10879,60
24 JUL 2000;24;lunes;julio;2000;10831,50
25 JUL 2000;25;martes;julio;2000;10714,60
26 JUL 2000;26;miércoles;julio;2000;10743,80
27 JUL 2000;27;jueves;julio;2000;10726,00
28 JUL 2000;28;viernes;julio;2000;10560,00
31 JUL 2000;31;lunes;julio;2000;10531,60
01 AGO 2000;1;martes;agosto;2000;10549,00
02 AGO 2000;2;miércoles;agosto;2000;10644,50
03 AGO 2000;3;jueves;agosto;2000;10453,00
04 AGO 2000;4;viernes;agosto;2000;10583,40
07 AGO 2000;7;lunes;agosto;2000;10707,70
08 AGO 2000;8;martes;agosto;2000;10867,60
09 AGO 2000;9;miércoles;agosto;2000;10951,90
10 AGO 2000;10;jueves;agosto;2000;11110,60
11 AGO 2000;11;viernes;agosto;2000;11094,60
14 AGO 2000;14;lunes;agosto;2000;11210,60
15 AGO 2000;15;martes;agosto;2000;11207,90
16 AGO 2000;16;miércoles;agosto;2000;11342,70
17 AGO 2000;17;jueves;agosto;2000;11155,50
18 AGO 2000;18;viernes;agosto;2000;11065,50
21 AGO 2000;21;lunes;agosto;2000;11093,50
22 AGO 2000;22;martes;agosto;2000;10934,60
23 AGO 2000;23;miércoles;agosto;2000;10798,10
24 AGO 2000;24;jueves;agosto;2000;10720,10
25 AGO 2000;25;viernes;agosto;2000;10818,30
28 AGO 2000;28;lunes;agosto;2000;10907,50
29 AGO 2000;29;martes;agosto;2000;10840,60
30 AGO 2000;30;miércoles;agosto;2000;10869,60
31 AGO 2000;31;jueves;agosto;2000;10884,70
01 SEP 2000;1;viernes;septiembre;2000;11170,10
04 SEP 2000;4;lunes;septiembre;2000;11246,30
05 SEP 2000;5;martes;septiembre;2000;11188,20
06 SEP 2000;6;miércoles;septiembre;2000;11238,50
07 SEP 2000;7;jueves;septiembre;2000;11282,50
08 SEP 2000;8;viernes;septiembre;2000;11103,30
11 SEP 2000;11;lunes;septiembre;2000;11229,80
12 SEP 2000;12;martes;septiembre;2000;11311,80
13 SEP 2000;13;miércoles;septiembre;2000;11212,50
14 SEP 2000;14;jueves;septiembre;2000;11451,60
15 SEP 2000;15;viernes;septiembre;2000;11463,10
18 SEP 2000;18;lunes;septiembre;2000;11188,10
19 SEP 2000;19;martes;septiembre;2000;11065,50
20 SEP 2000;20;miércoles;septiembre;2000;10901,30
21 SEP 2000;21;jueves;septiembre;2000;10803,40
22 SEP 2000;22;viernes;septiembre;2000;11029,40
25 SEP 2000;25;lunes;septiembre;2000;11159,10
26 SEP 2000;26;martes;septiembre;2000;10956,00
27 SEP 2000;27;miércoles;septiembre;2000;10957,60
28 SEP 2000;28;jueves;septiembre;2000;11023,10
29 SEP 2000;29;viernes;septiembre;2000;10950,00
02 OCT 2000;2;lunes;octubre;2000;11152,50
03 OCT 2000;3;martes;octubre;2000;11271,20
04 OCT 2000;4;miércoles;octubre;2000;11159,30
05 OCT 2000;5;jueves;octubre;2000;11237,30
06 OCT 2000;6;viernes;octubre;2000;11150,00
09 OCT 2000;9;lunes;octubre;2000;10838,80
10 OCT 2000;10;martes;octubre;2000;10950,70
11 OCT 2000;11;miércoles;octubre;2000;10618,70
12 OCT 2000;12;jueves;octubre;2000;-
13 OCT 2000;13;viernes;octubre;2000;10385,40
16 OCT 2000;16;lunes;octubre;2000;10455,20
17 OCT 2000;17;martes;octubre;2000;10375,40
18 OCT 2000;18;miércoles;octubre;2000;10056,10
19 OCT 2000;19;jueves;octubre;2000;10367,30
20 OCT 2000;20;viernes;octubre;2000;10443,60
23 OCT 2000;23;lunes;octubre;2000;10329,90
24 OCT 2000;24;martes;octubre;2000;10666,90
25 OCT 2000;25;miércoles;octubre;2000;10517,40
26 OCT 2000;26;jueves;octubre;2000;10324,70
27 OCT 2000;27;viernes;octubre;2000;10395,70
30 OCT 2000;30;lunes;octubre;2000;10307,30
31 OCT 2000;31;martes;octubre;2000;10363,10
01 NOV 2000;1;miércoles;noviembre;2000;-
02 NOV 2000;2;jueves;noviembre;2000;10507,00
03 NOV 2000;3;viernes;noviembre;2000;10542,70
06 NOV 2000;6;lunes;noviembre;2000;10610,50
07 NOV 2000;7;martes;noviembre;2000;10573,60
08 NOV 2000;8;miércoles;noviembre;2000;10488,40
09 NOV 2000;9;jueves;noviembre;2000;10273,50
10 NOV 2000;10;viernes;noviembre;2000;9986,00
13 NOV 2000;13;lunes;noviembre;2000;9897,30
14 NOV 2000;14;martes;noviembre;2000;10274,80
15 NOV 2000;15;miércoles;noviembre;2000;10294,10
16 NOV 2000;16;jueves;noviembre;2000;10135,30
17 NOV 2000;17;viernes;noviembre;2000;9845,90
20 NOV 2000;20;lunes;noviembre;2000;9548,70
21 NOV 2000;21;martes;noviembre;2000;9594,00
22 NOV 2000;22;miércoles;noviembre;2000;9252,50
23 NOV 2000;23;jueves;noviembre;2000;9334,80
24 NOV 2000;24;viernes;noviembre;2000;9642,30
27 NOV 2000;27;lunes;noviembre;2000;9541,90
28 NOV 2000;28;martes;noviembre;2000;9358,00
29 NOV 2000;29;miércoles;noviembre;2000;9477,30
30 NOV 2000;30;jueves;noviembre;2000;9214,50
01 DIC 2000;1;viernes;diciembre;2000;9339,40
04 DIC 2000;4;lunes;diciembre;2000;9069,10
05 DIC 2000;5;martes;diciembre;2000;9461,10
06 DIC 2000;6;miércoles;diciembre;2000;-
07 DIC 2000;7;jueves;diciembre;2000;9497,30
08 DIC 2000;8;viernes;diciembre;2000;-
11 DIC 2000;11;lunes;diciembre;2000;9788,10
12 DIC 2000;12;martes;diciembre;2000;9753,50
13 DIC 2000;13;miércoles;diciembre;2000;9716,90
14 DIC 2000;14;jueves;diciembre;2000;9518,30
15 DIC 2000;15;viernes;diciembre;2000;9155,70
18 DIC 2000;18;lunes;diciembre;2000;9052,80
19 DIC 2000;19;martes;diciembre;2000;9255,50
20 DIC 2000;20;miércoles;diciembre;2000;8864,30
21 DIC 2000;21;jueves;diciembre;2000;8964,20
22 DIC 2000;22;viernes;diciembre;2000;9039,00
25 DIC 2000;25;lunes;diciembre;2000;-
26 DIC 2000;26;martes;diciembre;2000;-
27 DIC 2000;27;miércoles;diciembre;2000;9078,50
28 DIC 2000;28;jueves;diciembre;2000;9075,60
29 DIC 2000;29;viernes;diciembre;2000;9109,80
01 ENE 2001;1;lunes;enero;2001;-
02 ENE 2001;2;martes;enero;2001;9080,20
03 ENE 2001;3;miércoles;enero;2001;9200,90
04 ENE 2001;4;jueves;enero;2001;9597,20
05 ENE 2001;5;viernes;enero;2001;9601,40
08 ENE 2001;8;lunes;enero;2001;9623,60
09 ENE 2001;9;martes;enero;2001;9581,80
10 ENE 2001;10;miércoles;enero;2001;9585,80
11 ENE 2001;11;jueves;enero;2001;9699,80
12 ENE 2001;12;viernes;enero;2001;9890,20
15 ENE 2001;15;lunes;enero;2001;9892,00
16 ENE 2001;16;martes;enero;2001;9722,40
17 ENE 2001;17;miércoles;enero;2001;10020,10
18 ENE 2001;18;jueves;enero;2001;10070,80
19 ENE 2001;19;viernes;enero;2001;9955,50
22 ENE 2001;22;lunes;enero;2001;10019,20
23 ENE 2001;23;martes;enero;2001;10100,40
24 ENE 2001;24;miércoles;enero;2001;10116,20
25 ENE 2001;25;jueves;enero;2001;10132,00
26 ENE 2001;26;viernes;enero;2001;10090,10
29 ENE 2001;29;lunes;enero;2001;9949,90
30 ENE 2001;30;martes;enero;2001;10036,20
31 ENE 2001;31;miércoles;enero;2001;10116,00
01 FEB 2001;1;jueves;febrero;2001;10123,00
02 FEB 2001;2;viernes;febrero;2001;9848,50
05 FEB 2001;5;lunes;febrero;2001;9846,70
06 FEB 2001;6;martes;febrero;2001;9934,80
07 FEB 2001;7;miércoles;febrero;2001;9880,70
08 FEB 2001;8;jueves;febrero;2001;10020,80
09 FEB 2001;9;viernes;febrero;2001;9936,30
12 FEB 2001;12;lunes;febrero;2001;10096,50
13 FEB 2001;13;martes;febrero;2001;10054,20
14 FEB 2001;14;miércoles;febrero;2001;9759,70
15 FEB 2001;15;jueves;febrero;2001;9865,30
16 FEB 2001;16;viernes;febrero;2001;9789,50
19 FEB 2001;19;lunes;febrero;2001;9861,30
20 FEB 2001;20;martes;febrero;2001;9680,50
21 FEB 2001;21;miércoles;febrero;2001;9592,10
22 FEB 2001;22;jueves;febrero;2001;9418,80
23 FEB 2001;23;viernes;febrero;2001;9344,80
26 FEB 2001;26;lunes;febrero;2001;9476,40
27 FEB 2001;27;martes;febrero;2001;9554,10
28 FEB 2001;28;miércoles;febrero;2001;9551,40
01 MAR 2001;1;jueves;marzo;2001;9486,10
02 MAR 2001;2;viernes;marzo;2001;9570,90
05 MAR 2001;5;lunes;marzo;2001;9688,10
06 MAR 2001;6;martes;marzo;2001;9892,10
07 MAR 2001;7;miércoles;marzo;2001;9923,30
08 MAR 2001;8;jueves;marzo;2001;9798,20
09 MAR 2001;9;viernes;marzo;2001;9726,60
12 MAR 2001;12;lunes;marzo;2001;9494,80
13 MAR 2001;13;martes;marzo;2001;9510,90
14 MAR 2001;14;miércoles;marzo;2001;9393,00
15 MAR 2001;15;jueves;marzo;2001;9476,30
16 MAR 2001;16;viernes;marzo;2001;9290,00
19 MAR 2001;19;lunes;marzo;2001;9251,30
20 MAR 2001;20;martes;marzo;2001;9216,70
21 MAR 2001;21;miércoles;marzo;2001;8899,80
22 MAR 2001;22;jueves;marzo;2001;8531,80
23 MAR 2001;23;viernes;marzo;2001;8810,50
26 MAR 2001;26;lunes;marzo;2001;9063,40
27 MAR 2001;27;martes;marzo;2001;9263,30
28 MAR 2001;28;miércoles;marzo;2001;9163,40
29 MAR 2001;29;jueves;marzo;2001;9222,80
30 MAR 2001;30;viernes;marzo;2001;9308,30
02 ABR 2001;2;lunes;abril;2001;9324,30
03 ABR 2001;3;martes;abril;2001;9011,80
04 ABR 2001;4;miércoles;abril;2001;9172,40
05 ABR 2001;5;jueves;abril;2001;9340,20
06 ABR 2001;6;viernes;abril;2001;9328,40
09 ABR 2001;9;lunes;abril;2001;9453,50
10 ABR 2001;10;martes;abril;2001;9601,80
11 ABR 2001;11;miércoles;abril;2001;9613,90
12 ABR 2001;12;jueves;abril;2001;9648,80
13 ABR 2001;13;viernes;abril;2001;-
16 ABR 2001;16;lunes;abril;2001;-
17 ABR 2001;17;martes;abril;2001;9526,50
18 ABR 2001;18;miércoles;abril;2001;9797,80
19 ABR 2001;19;jueves;abril;2001;9798,00
20 ABR 2001;20;viernes;abril;2001;9547,50
23 ABR 2001;23;lunes;abril;2001;9269,40
24 ABR 2001;24;martes;abril;2001;9418,90
25 ABR 2001;25;miércoles;abril;2001;9350,40
26 ABR 2001;26;jueves;abril;2001;9523,90
27 ABR 2001;27;viernes;abril;2001;9634,60
30 ABR 2001;30;lunes;abril;2001;9761,00
01 MAY 2001;1;martes;mayo;2001;-
02 MAY 2001;2;miércoles;mayo;2001;9633,50
03 MAY 2001;3;jueves;mayo;2001;9497,20
04 MAY 2001;4;viernes;mayo;2001;9542,70
07 MAY 2001;7;lunes;mayo;2001;9589,20
08 MAY 2001;8;martes;mayo;2001;9658,00
09 MAY 2001;9;miércoles;mayo;2001;9654,30
10 MAY 2001;10;jueves;mayo;2001;9781,50
11 MAY 2001;11;viernes;mayo;2001;9684,50
14 MAY 2001;14;lunes;mayo;2001;9602,20
15 MAY 2001;15;martes;mayo;2001;9667,60
16 MAY 2001;16;miércoles;mayo;2001;9588,10
17 MAY 2001;17;jueves;mayo;2001;9661,50
18 MAY 2001;18;viernes;mayo;2001;9728,40
21 MAY 2001;21;lunes;mayo;2001;9678,20
22 MAY 2001;22;martes;mayo;2001;9626,90
23 MAY 2001;23;miércoles;mayo;2001;9632,60
24 MAY 2001;24;jueves;mayo;2001;9616,20
25 MAY 2001;25;viernes;mayo;2001;9468,40
28 MAY 2001;28;lunes;mayo;2001;9545,60
29 MAY 2001;29;martes;mayo;2001;9487,20
30 MAY 2001;30;miércoles;mayo;2001;9439,90
31 MAY 2001;31;jueves;mayo;2001;9500,70
01 JUN 2001;1;viernes;junio;2001;9399,40
04 JUN 2001;4;lunes;junio;2001;9561,50
05 JUN 2001;5;martes;junio;2001;9601,80
06 JUN 2001;6;miércoles;junio;2001;9530,70
07 JUN 2001;7;jueves;junio;2001;9516,80
08 JUN 2001;8;viernes;junio;2001;9607,30
11 JUN 2001;11;lunes;junio;2001;9606,80
12 JUN 2001;12;martes;junio;2001;9444,00
13 JUN 2001;13;miércoles;junio;2001;9522,50
14 JUN 2001;14;jueves;junio;2001;9476,60
15 JUN 2001;15;viernes;junio;2001;9363,30
18 JUN 2001;18;lunes;junio;2001;9018,70
19 JUN 2001;19;martes;junio;2001;9047,90
20 JUN 2001;20;miércoles;junio;2001;9021,50
21 JUN 2001;21;jueves;junio;2001;8920,90
22 JUN 2001;22;viernes;junio;2001;8925,20
25 JUN 2001;25;lunes;junio;2001;8964,30
26 JUN 2001;26;martes;junio;2001;8792,70
27 JUN 2001;27;miércoles;junio;2001;8787,60
28 JUN 2001;28;jueves;junio;2001;8855,90
29 JUN 2001;29;viernes;junio;2001;8878,40
02 JUL 2001;2;lunes;julio;2001;9073,30
03 JUL 2001;3;martes;julio;2001;9015,90
04 JUL 2001;4;miércoles;julio;2001;8885,00
05 JUL 2001;5;jueves;julio;2001;8787,60
06 JUL 2001;6;viernes;julio;2001;8501,90
09 JUL 2001;9;lunes;julio;2001;8526,20
10 JUL 2001;10;martes;julio;2001;8465,10
11 JUL 2001;11;miércoles;julio;2001;8266,10
12 JUL 2001;12;jueves;julio;2001;8166,70
13 JUL 2001;13;viernes;julio;2001;8303,90
16 JUL 2001;16;lunes;julio;2001;8296,10
17 JUL 2001;17;martes;julio;2001;8372,70
18 JUL 2001;18;miércoles;julio;2001;8210,10
19 JUL 2001;19;jueves;julio;2001;8354,20
20 JUL 2001;20;viernes;julio;2001;8304,10
23 JUL 2001;23;lunes;julio;2001;8378,90
24 JUL 2001;24;martes;julio;2001;8373,80
25 JUL 2001;25;miércoles;julio;2001;8153,50
26 JUL 2001;26;jueves;julio;2001;8231,00
27 JUL 2001;27;viernes;julio;2001;8217,00
30 JUL 2001;30;lunes;julio;2001;8417,90
31 JUL 2001;31;martes;julio;2001;8480,00
01 AGO 2001;1;miércoles;agosto;2001;8557,30
02 AGO 2001;2;jueves;agosto;2001;8608,70
03 AGO 2001;3;viernes;agosto;2001;8564,70
06 AGO 2001;6;lunes;agosto;2001;8636,20
07 AGO 2001;7;martes;agosto;2001;8567,70
08 AGO 2001;8;miércoles;agosto;2001;8439,20
09 AGO 2001;9;jueves;agosto;2001;8292,00
10 AGO 2001;10;viernes;agosto;2001;8203,00
13 AGO 2001;13;lunes;agosto;2001;8337,70
14 AGO 2001;14;martes;agosto;2001;8450,00
15 AGO 2001;15;miércoles;agosto;2001;-
16 AGO 2001;16;jueves;agosto;2001;8322,90
17 AGO 2001;17;viernes;agosto;2001;8200,10
20 AGO 2001;20;lunes;agosto;2001;8190,30
21 AGO 2001;21;martes;agosto;2001;8196,00
22 AGO 2001;22;miércoles;agosto;2001;8305,60
23 AGO 2001;23;jueves;agosto;2001;8401,30
24 AGO 2001;24;viernes;agosto;2001;8540,60
27 AGO 2001;27;lunes;agosto;2001;8515,60
28 AGO 2001;28;martes;agosto;2001;8372,90
29 AGO 2001;29;miércoles;agosto;2001;8425,30
30 AGO 2001;30;jueves;agosto;2001;8232,10
31 AGO 2001;31;viernes;agosto;2001;8321,10
03 SEP 2001;3;lunes;septiembre;2001;8153,00
04 SEP 2001;4;martes;septiembre;2001;8291,20
05 SEP 2001;5;miércoles;septiembre;2001;8117,30
06 SEP 2001;6;jueves;septiembre;2001;7904,70
07 SEP 2001;7;viernes;septiembre;2001;7727,20
10 SEP 2001;10;lunes;septiembre;2001;7678,70
11 SEP 2001;11;martes;septiembre;2001;7328,40
12 SEP 2001;12;miércoles;septiembre;2001;7336,70
13 SEP 2001;13;jueves;septiembre;2001;7338,70
14 SEP 2001;14;viernes;septiembre;2001;6911,80
17 SEP 2001;17;lunes;septiembre;2001;7094,80
18 SEP 2001;18;martes;septiembre;2001;7043,80
19 SEP 2001;19;miércoles;septiembre;2001;6933,60
20 SEP 2001;20;jueves;septiembre;2001;6725,30
21 SEP 2001;21;viernes;septiembre;2001;6498,40
24 SEP 2001;24;lunes;septiembre;2001;6885,70
25 SEP 2001;25;martes;septiembre;2001;7000,50
26 SEP 2001;26;miércoles;septiembre;2001;7050,90
27 SEP 2001;27;jueves;septiembre;2001;7197,90
28 SEP 2001;28;viernes;septiembre;2001;7314,00
01 OCT 2001;1;lunes;octubre;2001;7193,10
02 OCT 2001;2;martes;octubre;2001;7309,90
03 OCT 2001;3;miércoles;octubre;2001;7245,00
04 OCT 2001;4;jueves;octubre;2001;7466,30
05 OCT 2001;5;viernes;octubre;2001;7169,30
08 OCT 2001;8;lunes;octubre;2001;7200,00
09 OCT 2001;9;martes;octubre;2001;7278,40
10 OCT 2001;10;miércoles;octubre;2001;7529,60
11 OCT 2001;11;jueves;octubre;2001;7553,10
12 OCT 2001;12;viernes;octubre;2001;-
15 OCT 2001;15;lunes;octubre;2001;7511,90
16 OCT 2001;16;martes;octubre;2001;7643,70
17 OCT 2001;17;miércoles;octubre;2001;7918,60
18 OCT 2001;18;jueves;octubre;2001;7802,30
19 OCT 2001;19;viernes;octubre;2001;7590,70
22 OCT 2001;22;lunes;octubre;2001;7780,40
23 OCT 2001;23;martes;octubre;2001;7943,30
24 OCT 2001;24;miércoles;octubre;2001;8096,70
25 OCT 2001;25;jueves;octubre;2001;7879,30
26 OCT 2001;26;viernes;octubre;2001;7958,30
29 OCT 2001;29;lunes;octubre;2001;7795,30
30 OCT 2001;30;martes;octubre;2001;7562,50
31 OCT 2001;31;miércoles;octubre;2001;7774,26
01 NOV 2001;1;jueves;noviembre;2001;7754,80
02 NOV 2001;2;viernes;noviembre;2001;7677,50
05 NOV 2001;5;lunes;noviembre;2001;7926,00
06 NOV 2001;6;martes;noviembre;2001;8017,80
07 NOV 2001;7;miércoles;noviembre;2001;8118,40
08 NOV 2001;8;jueves;noviembre;2001;8363,30
09 NOV 2001;9;viernes;noviembre;2001;8222,00
12 NOV 2001;12;lunes;noviembre;2001;8059,80
13 NOV 2001;13;martes;noviembre;2001;8383,10
14 NOV 2001;14;miércoles;noviembre;2001;8463,60
15 NOV 2001;15;jueves;noviembre;2001;8500,30
16 NOV 2001;16;viernes;noviembre;2001;8536,60
19 NOV 2001;19;lunes;noviembre;2001;8691,10
20 NOV 2001;20;martes;noviembre;2001;8540,60
21 NOV 2001;21;miércoles;noviembre;2001;8425,40
22 NOV 2001;22;jueves;noviembre;2001;8506,10
23 NOV 2001;23;viernes;noviembre;2001;8531,70
26 NOV 2001;26;lunes;noviembre;2001;8563,10
27 NOV 2001;27;martes;noviembre;2001;8439,30
28 NOV 2001;28;miércoles;noviembre;2001;8348,30
29 NOV 2001;29;jueves;noviembre;2001;8272,90
30 NOV 2001;30;viernes;noviembre;2001;8364,70
03 DIC 2001;3;lunes;diciembre;2001;8302,90
04 DIC 2001;4;martes;diciembre;2001;8514,60
05 DIC 2001;5;miércoles;diciembre;2001;8825,50
06 DIC 2001;6;jueves;diciembre;2001;-
07 DIC 2001;7;viernes;diciembre;2001;8703,20
10 DIC 2001;10;lunes;diciembre;2001;8559,90
11 DIC 2001;11;martes;diciembre;2001;8636,70
12 DIC 2001;12;miércoles;diciembre;2001;8532,50
13 DIC 2001;13;jueves;diciembre;2001;8319,50
14 DIC 2001;14;viernes;diciembre;2001;8281,60
17 DIC 2001;17;lunes;diciembre;2001;8543,10
18 DIC 2001;18;martes;diciembre;2001;8474,10
19 DIC 2001;19;miércoles;diciembre;2001;8327,00
20 DIC 2001;20;jueves;diciembre;2001;8232,80
21 DIC 2001;21;viernes;diciembre;2001;8284,90
24 DIC 2001;24;lunes;diciembre;2001;-
25 DIC 2001;25;martes;diciembre;2001;-
26 DIC 2001;26;miércoles;diciembre;2001;-
27 DIC 2001;27;jueves;diciembre;2001;8434,90
28 DIC 2001;28;viernes;diciembre;2001;8397,60
31 DIC 2001;31;lunes;diciembre;2001;-
01 ENE 2002;1;martes;enero;2002;-
02 ENE 2002;2;miércoles;enero;2002;8377,10
03 ENE 2002;3;jueves;enero;2002;8554,70
04 ENE 2002;4;viernes;enero;2002;8463,10
07 ENE 2002;7;lunes;enero;2002;8177,30
08 ENE 2002;8;martes;enero;2002;8186,60
09 ENE 2002;9;miércoles;enero;2002;8066,10
10 ENE 2002;10;jueves;enero;2002;7935,40
11 ENE 2002;11;viernes;enero;2002;7983,10
14 ENE 2002;14;lunes;enero;2002;7800,30
15 ENE 2002;15;martes;enero;2002;7948,70
16 ENE 2002;16;miércoles;enero;2002;7804,10
17 ENE 2002;17;jueves;enero;2002;7977,50
18 ENE 2002;18;viernes;enero;2002;8008,80
21 ENE 2002;21;lunes;enero;2002;7902,50
22 ENE 2002;22;martes;enero;2002;8033,10
23 ENE 2002;23;miércoles;enero;2002;8078,30
24 ENE 2002;24;jueves;enero;2002;8213,30
25 ENE 2002;25;viernes;enero;2002;8185,00
28 ENE 2002;28;lunes;enero;2002;8273,10
29 ENE 2002;29;martes;enero;2002;8178,40
30 ENE 2002;30;miércoles;enero;2002;8019,70
31 ENE 2002;31;jueves;enero;2002;8050,40
01 FEB 2002;1;viernes;febrero;2002;8171,10
04 FEB 2002;4;lunes;febrero;2002;8014,30
05 FEB 2002;5;martes;febrero;2002;7852,70
06 FEB 2002;6;miércoles;febrero;2002;7708,10
07 FEB 2002;7;jueves;febrero;2002;7872,40
08 FEB 2002;8;viernes;febrero;2002;7829,80
11 FEB 2002;11;lunes;febrero;2002;7819,70
12 FEB 2002;12;martes;febrero;2002;7787,80
13 FEB 2002;13;miércoles;febrero;2002;7867,20
14 FEB 2002;14;jueves;febrero;2002;8021,40
15 FEB 2002;15;viernes;febrero;2002;7920,40
18 FEB 2002;18;lunes;febrero;2002;7832,40
19 FEB 2002;19;martes;febrero;2002;7708,60
20 FEB 2002;20;miércoles;febrero;2002;7716,40
21 FEB 2002;21;jueves;febrero;2002;7736,50
22 FEB 2002;22;viernes;febrero;2002;7662,40
25 FEB 2002;25;lunes;febrero;2002;7775,10
26 FEB 2002;26;martes;febrero;2002;7847,00
27 FEB 2002;27;miércoles;febrero;2002;8101,40
28 FEB 2002;28;jueves;febrero;2002;8135,50
01 MAR 2002;1;viernes;marzo;2002;8230,70
04 MAR 2002;4;lunes;marzo;2002;8385,00
05 MAR 2002;5;martes;marzo;2002;8307,20
06 MAR 2002;6;miércoles;marzo;2002;8320,50
07 MAR 2002;7;jueves;marzo;2002;8382,20
08 MAR 2002;8;viernes;marzo;2002;8369,70
11 MAR 2002;11;lunes;marzo;2002;8317,90
12 MAR 2002;12;martes;marzo;2002;8225,90
13 MAR 2002;13;miércoles;marzo;2002;8199,00
14 MAR 2002;14;jueves;marzo;2002;8253,30
15 MAR 2002;15;viernes;marzo;2002;8318,80
18 MAR 2002;18;lunes;marzo;2002;8394,70
19 MAR 2002;19;martes;marzo;2002;8471,30
20 MAR 2002;20;miércoles;marzo;2002;8390,10
21 MAR 2002;21;jueves;marzo;2002;8334,40
22 MAR 2002;22;viernes;marzo;2002;8346,00
25 MAR 2002;25;lunes;marzo;2002;8167,20
26 MAR 2002;26;martes;marzo;2002;8123,20
27 MAR 2002;27;miércoles;marzo;2002;8158,00
28 MAR 2002;28;jueves;marzo;2002;8249,70
29 MAR 2002;29;viernes;marzo;2002;-
01 ABR 2002;1;lunes;abril;2002;-
02 ABR 2002;2;martes;abril;2002;8202,10
03 ABR 2002;3;miércoles;abril;2002;8236,10
04 ABR 2002;4;jueves;abril;2002;8164,70
05 ABR 2002;5;viernes;abril;2002;8170,10
08 ABR 2002;8;lunes;abril;2002;7976,10
09 ABR 2002;9;martes;abril;2002;8038,50
10 ABR 2002;10;miércoles;abril;2002;8098,20
11 ABR 2002;11;jueves;abril;2002;7971,10
12 ABR 2002;12;viernes;abril;2002;8027,30
15 ABR 2002;15;lunes;abril;2002;8116,90
16 ABR 2002;16;martes;abril;2002;8353,50
17 ABR 2002;17;miércoles;abril;2002;8393,80
18 ABR 2002;18;jueves;abril;2002;8348,10
19 ABR 2002;19;viernes;abril;2002;8420,40
22 ABR 2002;22;lunes;abril;2002;8363,50
23 ABR 2002;23;martes;abril;2002;8356,90
24 ABR 2002;24;miércoles;abril;2002;8325,00
25 ABR 2002;25;jueves;abril;2002;8171,10
26 ABR 2002;26;viernes;abril;2002;8182,00
29 ABR 2002;29;lunes;abril;2002;8146,30
30 ABR 2002;30;martes;abril;2002;8154,40
01 MAY 2002;1;miércoles;mayo;2002;-
02 MAY 2002;2;jueves;mayo;2002;8048,00
03 MAY 2002;3;viernes;mayo;2002;8019,00
06 MAY 2002;6;lunes;mayo;2002;7945,90
07 MAY 2002;7;martes;mayo;2002;7910,70
08 MAY 2002;8;miércoles;mayo;2002;8087,90
09 MAY 2002;9;jueves;mayo;2002;8041,40
10 MAY 2002;10;viernes;mayo;2002;7897,10
13 MAY 2002;13;lunes;mayo;2002;7998,10
14 MAY 2002;14;martes;mayo;2002;8103,60
15 MAY 2002;15;miércoles;mayo;2002;8162,10
16 MAY 2002;16;jueves;mayo;2002;8088,10
17 MAY 2002;17;viernes;mayo;2002;8090,60
20 MAY 2002;20;lunes;mayo;2002;8000,00
21 MAY 2002;21;martes;mayo;2002;7950,00
22 MAY 2002;22;miércoles;mayo;2002;7857,10
23 MAY 2002;23;jueves;mayo;2002;7902,10
24 MAY 2002;24;viernes;mayo;2002;7950,20
27 MAY 2002;27;lunes;mayo;2002;7993,00
28 MAY 2002;28;martes;mayo;2002;7925,10
29 MAY 2002;29;miércoles;mayo;2002;7946,70
30 MAY 2002;30;jueves;mayo;2002;7854,80
31 MAY 2002;31;viernes;mayo;2002;7949,90
03 JUN 2002;3;lunes;junio;2002;7899,70
04 JUN 2002;4;martes;junio;2002;7667,00
05 JUN 2002;5;miércoles;junio;2002;7619,10
06 JUN 2002;6;jueves;junio;2002;7577,50
07 JUN 2002;7;viernes;junio;2002;7480,60
10 JUN 2002;10;lunes;junio;2002;7483,10
11 JUN 2002;11;martes;junio;2002;7553,90
12 JUN 2002;12;miércoles;junio;2002;7387,60
13 JUN 2002;13;jueves;junio;2002;7296,50
14 JUN 2002;14;viernes;junio;2002;7128,20
17 JUN 2002;17;lunes;junio;2002;7333,00
18 JUN 2002;18;martes;junio;2002;7350,80
19 JUN 2002;19;miércoles;junio;2002;7212,70
20 JUN 2002;20;jueves;junio;2002;7060,30
21 JUN 2002;21;viernes;junio;2002;6925,50
24 JUN 2002;24;lunes;junio;2002;6651,40
25 JUN 2002;25;martes;junio;2002;6773,60
26 JUN 2002;26;miércoles;junio;2002;6683,40
27 JUN 2002;27;jueves;junio;2002;6695,80
28 JUN 2002;28;viernes;junio;2002;6913,00
01 JUL 2002;1;lunes;julio;2002;6893,60
02 JUL 2002;2;martes;julio;2002;6713,40
03 JUL 2002;3;miércoles;julio;2002;6592,20
04 JUL 2002;4;jueves;julio;2002;6686,60
05 JUL 2002;5;viernes;julio;2002;7078,40
08 JUL 2002;8;lunes;julio;2002;7133,80
09 JUL 2002;9;martes;julio;2002;6997,70
10 JUL 2002;10;miércoles;julio;2002;6858,30
11 JUL 2002;11;jueves;julio;2002;6637,70
12 JUL 2002;12;viernes;julio;2002;6724,60
15 JUL 2002;15;lunes;julio;2002;6420,90
16 JUL 2002;16;martes;julio;2002;6421,20
17 JUL 2002;17;miércoles;julio;2002;6660,60
18 JUL 2002;18;jueves;julio;2002;6751,60
19 JUL 2002;19;viernes;julio;2002;6420,40
22 JUL 2002;22;lunes;julio;2002;6251,90
23 JUL 2002;23;martes;julio;2002;6158,60
24 JUL 2002;24;miércoles;julio;2002;6004,50
25 JUL 2002;25;jueves;julio;2002;6310,10
26 JUL 2002;26;viernes;julio;2002;6303,40
29 JUL 2002;29;lunes;julio;2002;6659,80
30 JUL 2002;30;martes;julio;2002;6322,30
31 JUL 2002;31;miércoles;julio;2002;6249,30
01 AGO 2002;1;jueves;agosto;2002;6074,90
02 AGO 2002;2;viernes;agosto;2002;6114,10
05 AGO 2002;5;lunes;agosto;2002;5963,20
06 AGO 2002;6;martes;agosto;2002;6168,60
07 AGO 2002;7;miércoles;agosto;2002;6091,70
08 AGO 2002;8;jueves;agosto;2002;6396,10
09 AGO 2002;9;viernes;agosto;2002;6400,30
12 AGO 2002;12;lunes;agosto;2002;6221,10
13 AGO 2002;13;martes;agosto;2002;6271,40
14 AGO 2002;14;miércoles;agosto;2002;6104,60
15 AGO 2002;15;jueves;agosto;2002;-
16 AGO 2002;16;viernes;agosto;2002;6326,60
19 AGO 2002;19;lunes;agosto;2002;6583,00
20 AGO 2002;20;martes;agosto;2002;6466,30
21 AGO 2002;21;miércoles;agosto;2002;6528,10
22 AGO 2002;22;jueves;agosto;2002;6678,80
23 AGO 2002;23;viernes;agosto;2002;6590,10
26 AGO 2002;26;lunes;agosto;2002;6534,10
27 AGO 2002;27;martes;agosto;2002;6703,10
28 AGO 2002;28;miércoles;agosto;2002;6472,70
29 AGO 2002;29;jueves;agosto;2002;6370,90
30 AGO 2002;30;viernes;agosto;2002;6435,70
02 SEP 2002;2;lunes;septiembre;2002;6341,30
03 SEP 2002;3;martes;septiembre;2002;6141,90
04 SEP 2002;4;miércoles;septiembre;2002;6165,10
05 SEP 2002;5;jueves;septiembre;2002;6080,40
06 SEP 2002;6;viernes;septiembre;2002;6261,60
09 SEP 2002;9;lunes;septiembre;2002;6143,30
10 SEP 2002;10;martes;septiembre;2002;6295,70
11 SEP 2002;11;miércoles;septiembre;2002;6492,00
12 SEP 2002;12;jueves;septiembre;2002;6251,10
13 SEP 2002;13;viernes;septiembre;2002;6141,30
16 SEP 2002;16;lunes;septiembre;2002;6087,00
17 SEP 2002;17;martes;septiembre;2002;6082,00
18 SEP 2002;18;miércoles;septiembre;2002;5905,50
19 SEP 2002;19;jueves;septiembre;2002;5819,00
20 SEP 2002;20;viernes;septiembre;2002;5761,10
23 SEP 2002;23;lunes;septiembre;2002;5580,10
24 SEP 2002;24;martes;septiembre;2002;5390,90
25 SEP 2002;25;miércoles;septiembre;2002;5447,40
26 SEP 2002;26;jueves;septiembre;2002;5682,40
27 SEP 2002;27;viernes;septiembre;2002;5630,60
30 SEP 2002;30;lunes;septiembre;2002;5431,70
01 OCT 2002;1;martes;octubre;2002;5368,60
02 OCT 2002;2;miércoles;octubre;2002;5614,40
03 OCT 2002;3;jueves;octubre;2002;5551,70
04 OCT 2002;4;viernes;octubre;2002;5499,20
07 OCT 2002;7;lunes;octubre;2002;5464,30
08 OCT 2002;8;martes;octubre;2002;5454,10
09 OCT 2002;9;miércoles;octubre;2002;5364,50
10 OCT 2002;10;jueves;octubre;2002;5447,60
11 OCT 2002;11;viernes;octubre;2002;5661,00
14 OCT 2002;14;lunes;octubre;2002;5603,30
15 OCT 2002;15;martes;octubre;2002;5889,40
16 OCT 2002;16;miércoles;octubre;2002;5865,40
17 OCT 2002;17;jueves;octubre;2002;6023,50
18 OCT 2002;18;viernes;octubre;2002;6010,80
21 OCT 2002;21;lunes;octubre;2002;6031,40
22 OCT 2002;22;martes;octubre;2002;6040,80
23 OCT 2002;23;miércoles;octubre;2002;5881,40
24 OCT 2002;24;jueves;octubre;2002;6054,20
25 OCT 2002;25;viernes;octubre;2002;6092,50
28 OCT 2002;28;lunes;octubre;2002;6164,60
29 OCT 2002;29;martes;octubre;2002;6005,90
30 OCT 2002;30;miércoles;octubre;2002;6038,10
31 OCT 2002;31;jueves;octubre;2002;6139,40
01 NOV 2002;1;viernes;noviembre;2002;-
04 NOV 2002;4;lunes;noviembre;2002;6366,20
05 NOV 2002;5;martes;noviembre;2002;6369,10
06 NOV 2002;6;miércoles;noviembre;2002;6319,10
07 NOV 2002;7;jueves;noviembre;2002;6115,60
08 NOV 2002;8;viernes;noviembre;2002;6074,20
11 NOV 2002;11;lunes;noviembre;2002;6060,00
12 NOV 2002;12;martes;noviembre;2002;6141,90
13 NOV 2002;13;miércoles;noviembre;2002;6133,50
14 NOV 2002;14;jueves;noviembre;2002;6271,70
15 NOV 2002;15;viernes;noviembre;2002;6250,80
18 NOV 2002;18;lunes;noviembre;2002;6356,30
19 NOV 2002;19;martes;noviembre;2002;6299,30
20 NOV 2002;20;miércoles;noviembre;2002;6264,30
21 NOV 2002;21;jueves;noviembre;2002;6498,90
22 NOV 2002;22;viernes;noviembre;2002;6539,20
25 NOV 2002;25;lunes;noviembre;2002;6580,70
26 NOV 2002;26;martes;noviembre;2002;6471,50
27 NOV 2002;27;miércoles;noviembre;2002;6700,10
28 NOV 2002;28;jueves;noviembre;2002;6704,10
29 NOV 2002;29;viernes;noviembre;2002;6685,60
02 DIC 2002;2;lunes;diciembre;2002;6736,30
03 DIC 2002;3;martes;diciembre;2002;6582,40
04 DIC 2002;4;miércoles;diciembre;2002;6512,80
05 DIC 2002;5;jueves;diciembre;2002;6425,30
06 DIC 2002;6;viernes;diciembre;2002;-
09 DIC 2002;9;lunes;diciembre;2002;6291,00
10 DIC 2002;10;martes;diciembre;2002;6332,10
11 DIC 2002;11;miércoles;diciembre;2002;6371,50
12 DIC 2002;12;jueves;diciembre;2002;6251,60
13 DIC 2002;13;viernes;diciembre;2002;6120,60
16 DIC 2002;16;lunes;diciembre;2002;6311,40
17 DIC 2002;17;martes;diciembre;2002;6266,60
18 DIC 2002;18;miércoles;diciembre;2002;6155,80
19 DIC 2002;19;jueves;diciembre;2002;6168,30
20 DIC 2002;20;viernes;diciembre;2002;6208,00
23 DIC 2002;23;lunes;diciembre;2002;6240,20
24 DIC 2002;24;martes;diciembre;2002;-
25 DIC 2002;25;miércoles;diciembre;2002;-
26 DIC 2002;26;jueves;diciembre;2002;-
27 DIC 2002;27;viernes;diciembre;2002;6081,30
30 DIC 2002;30;lunes;diciembre;2002;6036,90
31 DIC 2002;31;martes;diciembre;2002;-
01 ENE 2003;1;miércoles;enero;2003;-
02 ENE 2003;2;jueves;enero;2003;6284,00
03 ENE 2003;3;viernes;enero;2003;6237,30
06 ENE 2003;6;lunes;enero;2003;-
07 ENE 2003;7;martes;enero;2003;6349,30
08 ENE 2003;8;miércoles;enero;2003;6377,20
09 ENE 2003;9;jueves;enero;2003;6433,00
10 ENE 2003;10;viernes;enero;2003;6438,90
13 ENE 2003;13;lunes;enero;2003;6534,70
14 ENE 2003;14;martes;enero;2003;6589,20
15 ENE 2003;15;miércoles;enero;2003;6566,80
16 ENE 2003;16;jueves;enero;2003;6610,60
17 ENE 2003;17;viernes;enero;2003;6458,20
20 ENE 2003;20;lunes;enero;2003;6390,80
21 ENE 2003;21;martes;enero;2003;6346,30
22 ENE 2003;22;miércoles;enero;2003;6249,70
23 ENE 2003;23;jueves;enero;2003;6310,20
24 ENE 2003;24;viernes;enero;2003;6268,90
27 ENE 2003;27;lunes;enero;2003;6022,40
28 ENE 2003;28;martes;enero;2003;5955,40
29 ENE 2003;29;miércoles;enero;2003;5941,00
30 ENE 2003;30;jueves;enero;2003;6019,60
31 ENE 2003;31;viernes;enero;2003;5947,70
03 FEB 2003;3;lunes;febrero;2003;6017,20
04 FEB 2003;4;martes;febrero;2003;5872,90
05 FEB 2003;5;miércoles;febrero;2003;6002,60
06 FEB 2003;6;jueves;febrero;2003;5885,60
07 FEB 2003;7;viernes;febrero;2003;5809,30
10 FEB 2003;10;lunes;febrero;2003;5787,60
11 FEB 2003;11;martes;febrero;2003;5923,30
12 FEB 2003;12;miércoles;febrero;2003;5840,20
13 FEB 2003;13;jueves;febrero;2003;5817,60
14 FEB 2003;14;viernes;febrero;2003;5972,80
17 FEB 2003;17;lunes;febrero;2003;6082,90
18 FEB 2003;18;martes;febrero;2003;6165,00
19 FEB 2003;19;miércoles;febrero;2003;6036,80
20 FEB 2003;20;jueves;febrero;2003;5989,30
21 FEB 2003;21;viernes;febrero;2003;6043,20
24 FEB 2003;24;lunes;febrero;2003;5952,10
25 FEB 2003;25;martes;febrero;2003;5803,20
26 FEB 2003;26;miércoles;febrero;2003;5782,00
27 FEB 2003;27;jueves;febrero;2003;5887,70
28 FEB 2003;28;viernes;febrero;2003;5999,40
03 MAR 2003;3;lunes;marzo;2003;5987,20
04 MAR 2003;4;martes;marzo;2003;5861,80
05 MAR 2003;5;miércoles;marzo;2003;5879,80
06 MAR 2003;6;jueves;marzo;2003;5816,90
07 MAR 2003;7;viernes;marzo;2003;5716,50
10 MAR 2003;10;lunes;marzo;2003;5569,40
11 MAR 2003;11;martes;marzo;2003;5606,40
12 MAR 2003;12;miércoles;marzo;2003;5452,40
13 MAR 2003;13;jueves;marzo;2003;5670,70
14 MAR 2003;14;viernes;marzo;2003;5904,90
17 MAR 2003;17;lunes;marzo;2003;6064,50
18 MAR 2003;18;martes;marzo;2003;6089,60
19 MAR 2003;19;miércoles;marzo;2003;6171,30
20 MAR 2003;20;jueves;marzo;2003;6102,10
21 MAR 2003;21;viernes;marzo;2003;6258,00
24 MAR 2003;24;lunes;marzo;2003;6005,00
25 MAR 2003;25;martes;marzo;2003;6123,80
26 MAR 2003;26;miércoles;marzo;2003;6142,80
27 MAR 2003;27;jueves;marzo;2003;6022,40
28 MAR 2003;28;viernes;marzo;2003;6029,20
31 MAR 2003;31;lunes;marzo;2003;5870,50
01 ABR 2003;1;martes;abril;2003;5953,20
02 ABR 2003;2;miércoles;abril;2003;6174,50
03 ABR 2003;3;jueves;abril;2003;6238,00
04 ABR 2003;4;viernes;abril;2003;6324,10
07 ABR 2003;7;lunes;abril;2003;6454,20
08 ABR 2003;8;martes;abril;2003;6397,30
09 ABR 2003;9;miércoles;abril;2003;6468,50
10 ABR 2003;10;jueves;abril;2003;6407,80
11 ABR 2003;11;viernes;abril;2003;6442,30
14 ABR 2003;14;lunes;abril;2003;6488,60
15 ABR 2003;15;martes;abril;2003;6560,80
16 ABR 2003;16;miércoles;abril;2003;6503,10
17 ABR 2003;17;jueves;abril;2003;6574,40
18 ABR 2003;18;viernes;abril;2003;-
21 ABR 2003;21;lunes;abril;2003;-
22 ABR 2003;22;martes;abril;2003;6577,60
23 ABR 2003;23;miércoles;abril;2003;6587,40
24 ABR 2003;24;jueves;abril;2003;6526,90
25 ABR 2003;25;viernes;abril;2003;6492,50
28 ABR 2003;28;lunes;abril;2003;6607,80
29 ABR 2003;29;martes;abril;2003;6557,20
30 ABR 2003;30;miércoles;abril;2003;6489,50
01 MAY 2003;1;jueves;mayo;2003;-
02 MAY 2003;2;viernes;mayo;2003;6456,40
05 MAY 2003;5;lunes;mayo;2003;6491,30
06 MAY 2003;6;martes;mayo;2003;6568,70
07 MAY 2003;7;miércoles;mayo;2003;6429,00
08 MAY 2003;8;jueves;mayo;2003;6300,50
09 MAY 2003;9;viernes;mayo;2003;6387,80
12 MAY 2003;12;lunes;mayo;2003;6395,00
13 MAY 2003;13;martes;mayo;2003;6376,00
14 MAY 2003;14;miércoles;mayo;2003;6363,40
15 MAY 2003;15;jueves;mayo;2003;6413,80
16 MAY 2003;16;viernes;mayo;2003;6481,50
19 MAY 2003;19;lunes;mayo;2003;6279,60
20 MAY 2003;20;martes;mayo;2003;6298,10
21 MAY 2003;21;miércoles;mayo;2003;6198,90
22 MAY 2003;22;jueves;mayo;2003;6317,90
23 MAY 2003;23;viernes;mayo;2003;6346,20
26 MAY 2003;26;lunes;mayo;2003;6338,20
27 MAY 2003;27;martes;mayo;2003;6363,60
28 MAY 2003;28;miércoles;mayo;2003;6472,90
29 MAY 2003;29;jueves;mayo;2003;6483,00
30 MAY 2003;30;viernes;mayo;2003;6508,50
02 JUN 2003;2;lunes;junio;2003;6595,40
03 JUN 2003;3;martes;junio;2003;6562,90
04 JUN 2003;4;miércoles;junio;2003;6637,70
05 JUN 2003;5;jueves;junio;2003;6591,10
06 JUN 2003;6;viernes;junio;2003;6717,70
09 JUN 2003;9;lunes;junio;2003;6670,10
10 JUN 2003;10;martes;junio;2003;6696,80
11 JUN 2003;11;miércoles;junio;2003;6791,20
12 JUN 2003;12;jueves;junio;2003;6849,10
13 JUN 2003;13;viernes;junio;2003;6857,20
16 JUN 2003;16;lunes;junio;2003;6960,90
17 JUN 2003;17;martes;junio;2003;6977,10
18 JUN 2003;18;miércoles;junio;2003;7015,80
19 JUN 2003;19;jueves;junio;2003;6908,60
20 JUN 2003;20;viernes;junio;2003;7081,60
23 JUN 2003;23;lunes;junio;2003;6919,70
24 JUN 2003;24;martes;junio;2003;6871,40
25 JUN 2003;25;miércoles;junio;2003;6941,30
26 JUN 2003;26;jueves;junio;2003;6944,60
27 JUN 2003;27;viernes;junio;2003;6970,10
30 JUN 2003;30;lunes;junio;2003;6862,00
01 JUL 2003;1;martes;julio;2003;6739,10
02 JUL 2003;2;miércoles;julio;2003;6830,90
03 JUL 2003;3;jueves;julio;2003;6795,30
04 JUL 2003;4;viernes;julio;2003;6800,40
07 JUL 2003;7;lunes;julio;2003;6944,60
08 JUL 2003;8;martes;julio;2003;6965,70
09 JUL 2003;9;miércoles;julio;2003;6915,70
10 JUL 2003;10;jueves;julio;2003;6838,50
11 JUL 2003;11;viernes;julio;2003;6968,60
14 JUL 2003;14;lunes;julio;2003;7046,00
15 JUL 2003;15;martes;julio;2003;7000,00
16 JUL 2003;16;miércoles;julio;2003;6932,80
17 JUL 2003;17;jueves;julio;2003;6945,30
18 JUL 2003;18;viernes;julio;2003;6900,40
21 JUL 2003;21;lunes;julio;2003;6825,20
22 JUL 2003;22;martes;julio;2003;6862,40
23 JUL 2003;23;miércoles;julio;2003;6868,00
24 JUL 2003;24;jueves;julio;2003;6981,10
25 JUL 2003;25;viernes;julio;2003;6903,80
28 JUL 2003;28;lunes;julio;2003;6996,70
29 JUL 2003;29;martes;julio;2003;6924,00
30 JUL 2003;30;miércoles;julio;2003;6984,30
31 JUL 2003;31;jueves;julio;2003;7061,70
01 AGO 2003;1;viernes;agosto;2003;6995,40
04 AGO 2003;4;lunes;agosto;2003;6945,00
05 AGO 2003;5;martes;agosto;2003;6991,30
06 AGO 2003;6;miércoles;agosto;2003;6924,30
07 AGO 2003;7;jueves;agosto;2003;6900,30
08 AGO 2003;8;viernes;agosto;2003;6930,80
11 AGO 2003;11;lunes;agosto;2003;6965,40
12 AGO 2003;12;martes;agosto;2003;7015,30
13 AGO 2003;13;miércoles;agosto;2003;6998,20
14 AGO 2003;14;jueves;agosto;2003;7110,30
15 AGO 2003;15;viernes;agosto;2003;-
18 AGO 2003;18;lunes;agosto;2003;7170,70
19 AGO 2003;19;martes;agosto;2003;7192,40
20 AGO 2003;20;miércoles;agosto;2003;7179,80
21 AGO 2003;21;jueves;agosto;2003;7214,90
22 AGO 2003;22;viernes;agosto;2003;7205,90
25 AGO 2003;25;lunes;agosto;2003;7166,40
26 AGO 2003;26;martes;agosto;2003;7130,00
27 AGO 2003;27;miércoles;agosto;2003;7143,30
28 AGO 2003;28;jueves;agosto;2003;7175,10
29 AGO 2003;29;viernes;agosto;2003;7111,30
01 SEP 2003;1;lunes;septiembre;2003;7194,40
02 SEP 2003;2;martes;septiembre;2003;7203,90
03 SEP 2003;3;miércoles;septiembre;2003;7291,70
04 SEP 2003;4;jueves;septiembre;2003;7265,70
05 SEP 2003;5;viernes;septiembre;2003;7230,60
08 SEP 2003;8;lunes;septiembre;2003;7287,00
09 SEP 2003;9;martes;septiembre;2003;7220,00
10 SEP 2003;10;miércoles;septiembre;2003;7116,00
11 SEP 2003;11;jueves;septiembre;2003;7113,40
12 SEP 2003;12;viernes;septiembre;2003;7022,90
15 SEP 2003;15;lunes;septiembre;2003;7057,60
16 SEP 2003;16;martes;septiembre;2003;7132,00
17 SEP 2003;17;miércoles;septiembre;2003;7146,70
18 SEP 2003;18;jueves;septiembre;2003;7195,70
19 SEP 2003;19;viernes;septiembre;2003;7102,70
22 SEP 2003;22;lunes;septiembre;2003;6953,30
23 SEP 2003;23;martes;septiembre;2003;6953,10
24 SEP 2003;24;miércoles;septiembre;2003;6909,00
25 SEP 2003;25;jueves;septiembre;2003;6895,70
26 SEP 2003;26;viernes;septiembre;2003;6809,40
29 SEP 2003;29;lunes;septiembre;2003;6772,00
30 SEP 2003;30;martes;septiembre;2003;6703,60
01 OCT 2003;1;miércoles;octubre;2003;6751,00
02 OCT 2003;2;jueves;octubre;2003;6762,40
03 OCT 2003;3;viernes;octubre;2003;6922,30
06 OCT 2003;6;lunes;octubre;2003;6894,20
07 OCT 2003;7;martes;octubre;2003;6894,10
08 OCT 2003;8;miércoles;octubre;2003;6924,30
09 OCT 2003;9;jueves;octubre;2003;7019,10
10 OCT 2003;10;viernes;octubre;2003;6974,70
13 OCT 2003;13;lunes;octubre;2003;7063,10
14 OCT 2003;14;martes;octubre;2003;7040,70
15 OCT 2003;15;miércoles;octubre;2003;7043,50
16 OCT 2003;16;jueves;octubre;2003;7034,30
17 OCT 2003;17;viernes;octubre;2003;6993,60
20 OCT 2003;20;lunes;octubre;2003;6984,80
21 OCT 2003;21;martes;octubre;2003;7007,40
22 OCT 2003;22;miércoles;octubre;2003;6914,60
23 OCT 2003;23;jueves;octubre;2003;6879,90
24 OCT 2003;24;viernes;octubre;2003;6869,00
27 OCT 2003;27;lunes;octubre;2003;6951,00
28 OCT 2003;28;martes;octubre;2003;7023,80
29 OCT 2003;29;miércoles;octubre;2003;7030,40
30 OCT 2003;30;jueves;octubre;2003;7119,10
31 OCT 2003;31;viernes;octubre;2003;7129,50
03 NOV 2003;3;lunes;noviembre;2003;7215,30
04 NOV 2003;4;martes;noviembre;2003;7199,70
05 NOV 2003;5;miércoles;noviembre;2003;7196,10
06 NOV 2003;6;jueves;noviembre;2003;7228,10
07 NOV 2003;7;viernes;noviembre;2003;7267,80
10 NOV 2003;10;lunes;noviembre;2003;7222,90
11 NOV 2003;11;martes;noviembre;2003;7191,40
12 NOV 2003;12;miércoles;noviembre;2003;7246,70
13 NOV 2003;13;jueves;noviembre;2003;7258,80
14 NOV 2003;14;viernes;noviembre;2003;7293,80
17 NOV 2003;17;lunes;noviembre;2003;7134,00
18 NOV 2003;18;martes;noviembre;2003;7127,30
19 NOV 2003;19;miércoles;noviembre;2003;7131,50
20 NOV 2003;20;jueves;noviembre;2003;7111,60
21 NOV 2003;21;viernes;noviembre;2003;7145,00
24 NOV 2003;24;lunes;noviembre;2003;7243,80
25 NOV 2003;25;martes;noviembre;2003;7251,90
26 NOV 2003;26;miércoles;noviembre;2003;7227,40
27 NOV 2003;27;jueves;noviembre;2003;7249,90
28 NOV 2003;28;viernes;noviembre;2003;7252,50
01 DIC 2003;1;lunes;diciembre;2003;7372,30
02 DIC 2003;2;martes;diciembre;2003;7348,70
03 DIC 2003;3;miércoles;diciembre;2003;7384,30
04 DIC 2003;4;jueves;diciembre;2003;7367,10
05 DIC 2003;5;viernes;diciembre;2003;7348,10
08 DIC 2003;8;lunes;diciembre;2003;-
09 DIC 2003;9;martes;diciembre;2003;7391,00
10 DIC 2003;10;miércoles;diciembre;2003;7358,80
11 DIC 2003;11;jueves;diciembre;2003;7432,20
12 DIC 2003;12;viernes;diciembre;2003;7434,40
15 DIC 2003;15;lunes;diciembre;2003;7471,80
16 DIC 2003;16;martes;diciembre;2003;7487,00
17 DIC 2003;17;miércoles;diciembre;2003;7506,30
18 DIC 2003;18;jueves;diciembre;2003;7585,50
19 DIC 2003;19;viernes;diciembre;2003;7617,60
22 DIC 2003;22;lunes;diciembre;2003;7619,10
23 DIC 2003;23;martes;diciembre;2003;7696,50
24 DIC 2003;24;miércoles;diciembre;2003;-
25 DIC 2003;25;jueves;diciembre;2003;-
26 DIC 2003;26;viernes;diciembre;2003;-
29 DIC 2003;29;lunes;diciembre;2003;7760,40
30 DIC 2003;30;martes;diciembre;2003;7737,20
31 DIC 2003;31;miércoles;diciembre;2003;-
01 ENE 2004;1;jueves;enero;2004;-
02 ENE 2004;2;viernes;enero;2004;7879,20
05 ENE 2004;5;lunes;enero;2004;7911,40
06 ENE 2004;6;martes;enero;2004;-
07 ENE 2004;7;miércoles;enero;2004;7913,70
08 ENE 2004;8;jueves;enero;2004;7943,40
09 ENE 2004;9;viernes;enero;2004;7924,60
12 ENE 2004;12;lunes;enero;2004;7934,60
13 ENE 2004;13;martes;enero;2004;7946,10
14 ENE 2004;14;miércoles;enero;2004;7978,10
15 ENE 2004;15;jueves;enero;2004;7957,30
16 ENE 2004;16;viernes;enero;2004;7979,30
19 ENE 2004;19;lunes;enero;2004;8016,30
20 ENE 2004;20;martes;enero;2004;7987,90
21 ENE 2004;21;miércoles;enero;2004;8051,90
22 ENE 2004;22;jueves;enero;2004;8101,30
23 ENE 2004;23;viernes;enero;2004;8114,50
26 ENE 2004;26;lunes;enero;2004;8031,40
27 ENE 2004;27;martes;enero;2004;8061,10
28 ENE 2004;28;miércoles;enero;2004;8116,40
29 ENE 2004;29;jueves;enero;2004;8013,10
30 ENE 2004;30;viernes;enero;2004;7929,90
02 FEB 2004;2;lunes;febrero;2004;7958,60
03 FEB 2004;3;martes;febrero;2004;7960,30
04 FEB 2004;4;miércoles;febrero;2004;7888,80
05 FEB 2004;5;jueves;febrero;2004;7949,10
06 FEB 2004;6;viernes;febrero;2004;8024,90
09 FEB 2004;9;lunes;febrero;2004;8135,20
10 FEB 2004;10;martes;febrero;2004;8171,90
11 FEB 2004;11;miércoles;febrero;2004;8197,20
12 FEB 2004;12;jueves;febrero;2004;8242,30
13 FEB 2004;13;viernes;febrero;2004;8199,60
16 FEB 2004;16;lunes;febrero;2004;8226,50
17 FEB 2004;17;martes;febrero;2004;8258,90
18 FEB 2004;18;miércoles;febrero;2004;8283,00
19 FEB 2004;19;jueves;febrero;2004;8340,60
20 FEB 2004;20;viernes;febrero;2004;8237,80
23 FEB 2004;23;lunes;febrero;2004;8245,20
24 FEB 2004;24;martes;febrero;2004;8159,60
25 FEB 2004;25;miércoles;febrero;2004;8173,60
26 FEB 2004;26;jueves;febrero;2004;8160,20
27 FEB 2004;27;viernes;febrero;2004;8249,40
01 MAR 2004;1;lunes;marzo;2004;8300,40
02 MAR 2004;2;martes;marzo;2004;8354,00
03 MAR 2004;3;miércoles;marzo;2004;8280,40
04 MAR 2004;4;jueves;marzo;2004;8337,90
05 MAR 2004;5;viernes;marzo;2004;8346,10
08 MAR 2004;8;lunes;marzo;2004;8369,70
09 MAR 2004;9;martes;marzo;2004;8286,70
10 MAR 2004;10;miércoles;marzo;2004;8292,90
11 MAR 2004;11;jueves;marzo;2004;8112,40
12 MAR 2004;12;viernes;marzo;2004;8032,60
15 MAR 2004;15;lunes;marzo;2004;7699,10
16 MAR 2004;16;martes;marzo;2004;7810,70
17 MAR 2004;17;miércoles;marzo;2004;7948,10
18 MAR 2004;18;jueves;marzo;2004;7820,40
19 MAR 2004;19;viernes;marzo;2004;7879,10
22 MAR 2004;22;lunes;marzo;2004;7727,80
23 MAR 2004;23;martes;marzo;2004;7768,30
24 MAR 2004;24;miércoles;marzo;2004;7752,90
25 MAR 2004;25;jueves;marzo;2004;7914,80
26 MAR 2004;26;viernes;marzo;2004;7952,80
29 MAR 2004;29;lunes;marzo;2004;8021,10
30 MAR 2004;30;martes;marzo;2004;8004,20
31 MAR 2004;31;miércoles;marzo;2004;8018,10
01 ABR 2004;1;jueves;abril;2004;8097,90
02 ABR 2004;2;viernes;abril;2004;8269,70
05 ABR 2004;5;lunes;abril;2004;8285,90
06 ABR 2004;6;martes;abril;2004;8281,80
07 ABR 2004;7;miércoles;abril;2004;8294,80
08 ABR 2004;8;jueves;abril;2004;8390,10
09 ABR 2004;9;viernes;abril;2004;-
12 ABR 2004;12;lunes;abril;2004;-
13 ABR 2004;13;martes;abril;2004;8444,30
14 ABR 2004;14;miércoles;abril;2004;8352,00
15 ABR 2004;15;jueves;abril;2004;8310,40
16 ABR 2004;16;viernes;abril;2004;8387,90
19 ABR 2004;19;lunes;abril;2004;8340,40
20 ABR 2004;20;martes;abril;2004;8375,20
21 ABR 2004;21;miércoles;abril;2004;8282,10
22 ABR 2004;22;jueves;abril;2004;8293,60
23 ABR 2004;23;viernes;abril;2004;8331,70
26 ABR 2004;26;lunes;abril;2004;8362,90
27 ABR 2004;27;martes;abril;2004;8359,00
28 ABR 2004;28;miércoles;abril;2004;8232,70
29 ABR 2004;29;jueves;abril;2004;8159,40
30 ABR 2004;30;viernes;abril;2004;8109,50
03 MAY 2004;3;lunes;mayo;2004;8170,60
04 MAY 2004;4;martes;mayo;2004;8151,60
05 MAY 2004;5;miércoles;mayo;2004;8235,80
06 MAY 2004;6;jueves;mayo;2004;8119,30
07 MAY 2004;7;viernes;mayo;2004;8027,00
10 MAY 2004;10;lunes;mayo;2004;7815,10
11 MAY 2004;11;martes;mayo;2004;7909,00
12 MAY 2004;12;miércoles;mayo;2004;7829,00
13 MAY 2004;13;jueves;mayo;2004;7866,40
14 MAY 2004;14;viernes;mayo;2004;7779,70
17 MAY 2004;17;lunes;mayo;2004;7671,90
18 MAY 2004;18;martes;mayo;2004;7724,90
19 MAY 2004;19;miércoles;mayo;2004;7900,00
20 MAY 2004;20;jueves;mayo;2004;7817,20
21 MAY 2004;21;viernes;mayo;2004;7806,50
24 MAY 2004;24;lunes;mayo;2004;7883,90
25 MAY 2004;25;martes;mayo;2004;7841,50
26 MAY 2004;26;miércoles;mayo;2004;7926,10
27 MAY 2004;27;jueves;mayo;2004;7965,40
28 MAY 2004;28;viernes;mayo;2004;7951,60
31 MAY 2004;31;lunes;mayo;2004;7959,30
01 JUN 2004;1;martes;junio;2004;7848,40
02 JUN 2004;2;miércoles;junio;2004;7908,70
03 JUN 2004;3;jueves;junio;2004;7901,90
04 JUN 2004;4;viernes;junio;2004;8010,70
07 JUN 2004;7;lunes;junio;2004;8109,00
08 JUN 2004;8;martes;junio;2004;8103,70
09 JUN 2004;9;miércoles;junio;2004;8075,20
10 JUN 2004;10;jueves;junio;2004;8097,70
11 JUN 2004;11;viernes;junio;2004;8062,30
14 JUN 2004;14;lunes;junio;2004;7965,20
15 JUN 2004;15;martes;junio;2004;8028,60
16 JUN 2004;16;miércoles;junio;2004;8069,30
17 JUN 2004;17;jueves;junio;2004;8102,90
18 JUN 2004;18;viernes;junio;2004;8109,20
21 JUN 2004;21;lunes;junio;2004;8129,30
22 JUN 2004;22;martes;junio;2004;8056,50
23 JUN 2004;23;miércoles;junio;2004;8107,20
24 JUN 2004;24;jueves;junio;2004;8162,60
25 JUN 2004;25;viernes;junio;2004;8120,50
28 JUN 2004;28;lunes;junio;2004;8184,40
29 JUN 2004;29;martes;junio;2004;8131,20
30 JUN 2004;30;miércoles;junio;2004;8078,30
01 JUL 2004;1;jueves;julio;2004;8085,30
02 JUL 2004;2;viernes;julio;2004;8034,60
05 JUL 2004;5;lunes;julio;2004;8060,30
06 JUL 2004;6;martes;julio;2004;8022,80
07 JUL 2004;7;miércoles;julio;2004;8063,80
08 JUL 2004;8;jueves;julio;2004;8085,00
09 JUL 2004;9;viernes;julio;2004;8047,50
12 JUL 2004;12;lunes;julio;2004;8053,60
13 JUL 2004;13;martes;julio;2004;8076,50
14 JUL 2004;14;miércoles;julio;2004;8029,60
15 JUL 2004;15;jueves;julio;2004;7983,10
16 JUL 2004;16;viernes;julio;2004;8010,90
19 JUL 2004;19;lunes;julio;2004;7981,40
20 JUL 2004;20;martes;julio;2004;7990,00
21 JUL 2004;21;miércoles;julio;2004;8031,40
22 JUL 2004;22;jueves;julio;2004;7925,20
23 JUL 2004;23;viernes;julio;2004;7848,80
26 JUL 2004;26;lunes;julio;2004;7740,90
27 JUL 2004;27;martes;julio;2004;7842,30
28 JUL 2004;28;miércoles;julio;2004;7809,10
29 JUL 2004;29;jueves;julio;2004;7872,80
30 JUL 2004;30;viernes;julio;2004;7919,30
02 AGO 2004;2;lunes;agosto;2004;7869,00
03 AGO 2004;3;martes;agosto;2004;7894,20
04 AGO 2004;4;miércoles;agosto;2004;7812,30
05 AGO 2004;5;jueves;agosto;2004;7836,50
06 AGO 2004;6;viernes;agosto;2004;7681,00
09 AGO 2004;9;lunes;agosto;2004;7633,60
10 AGO 2004;10;martes;agosto;2004;7654,70
11 AGO 2004;11;miércoles;agosto;2004;7607,70
12 AGO 2004;12;jueves;agosto;2004;7624,20
13 AGO 2004;13;viernes;agosto;2004;7578,30
16 AGO 2004;16;lunes;agosto;2004;-
17 AGO 2004;17;martes;agosto;2004;7670,70
18 AGO 2004;18;miércoles;agosto;2004;7709,10
19 AGO 2004;19;jueves;agosto;2004;7734,50
20 AGO 2004;20;viernes;agosto;2004;7707,10
23 AGO 2004;23;lunes;agosto;2004;7788,90
24 AGO 2004;24;martes;agosto;2004;7792,70
25 AGO 2004;25;miércoles;agosto;2004;7784,10
26 AGO 2004;26;jueves;agosto;2004;7838,20
27 AGO 2004;27;viernes;agosto;2004;7882,30
30 AGO 2004;30;lunes;agosto;2004;7881,70
31 AGO 2004;31;martes;agosto;2004;7869,50
01 SEP 2004;1;miércoles;septiembre;2004;7938,90
02 SEP 2004;2;jueves;septiembre;2004;7983,90
03 SEP 2004;3;viernes;septiembre;2004;8061,10
06 SEP 2004;6;lunes;septiembre;2004;8107,60
07 SEP 2004;7;martes;septiembre;2004;8112,10
08 SEP 2004;8;miércoles;septiembre;2004;8096,40
09 SEP 2004;9;jueves;septiembre;2004;8039,10
10 SEP 2004;10;viernes;septiembre;2004;8055,90
13 SEP 2004;13;lunes;septiembre;2004;8120,10
14 SEP 2004;14;martes;septiembre;2004;8091,80
15 SEP 2004;15;miércoles;septiembre;2004;8060,70
16 SEP 2004;16;jueves;septiembre;2004;8078,80
17 SEP 2004;17;viernes;septiembre;2004;8085,30
20 SEP 2004;20;lunes;septiembre;2004;8053,50
21 SEP 2004;21;martes;septiembre;2004;8071,10
22 SEP 2004;22;miércoles;septiembre;2004;8021,70
23 SEP 2004;23;jueves;septiembre;2004;7990,90
24 SEP 2004;24;viernes;septiembre;2004;7986,10
27 SEP 2004;27;lunes;septiembre;2004;7939,70
28 SEP 2004;28;martes;septiembre;2004;7988,30
29 SEP 2004;29;miércoles;septiembre;2004;8048,00
30 SEP 2004;30;jueves;septiembre;2004;8029,20
01 OCT 2004;1;viernes;octubre;2004;8220,60
04 OCT 2004;4;lunes;octubre;2004;8304,90
05 OCT 2004;5;martes;octubre;2004;8305,30
06 OCT 2004;6;miércoles;octubre;2004;8323,60
07 OCT 2004;7;jueves;octubre;2004;8332,70
08 OCT 2004;8;viernes;octubre;2004;8323,20
11 OCT 2004;11;lunes;octubre;2004;8301,70
12 OCT 2004;12;martes;octubre;2004;-
13 OCT 2004;13;miércoles;octubre;2004;8296,40
14 OCT 2004;14;jueves;octubre;2004;8255,50
15 OCT 2004;15;viernes;octubre;2004;8261,10
18 OCT 2004;18;lunes;octubre;2004;8267,00
19 OCT 2004;19;martes;octubre;2004;8347,70
20 OCT 2004;20;miércoles;octubre;2004;8288,60
21 OCT 2004;21;jueves;octubre;2004;8345,60
22 OCT 2004;22;viernes;octubre;2004;8372,40
25 OCT 2004;25;lunes;octubre;2004;8230,20
26 OCT 2004;26;martes;octubre;2004;8232,50
27 OCT 2004;27;miércoles;octubre;2004;8338,40
28 OCT 2004;28;jueves;octubre;2004;8435,40
29 OCT 2004;29;viernes;octubre;2004;8418,30
01 NOV 2004;1;lunes;noviembre;2004;-
02 NOV 2004;2;martes;noviembre;2004;8506,10
03 NOV 2004;3;miércoles;noviembre;2004;8525,70
04 NOV 2004;4;jueves;noviembre;2004;8533,80
05 NOV 2004;5;viernes;noviembre;2004;8570,60
08 NOV 2004;8;lunes;noviembre;2004;8578,10
09 NOV 2004;9;martes;noviembre;2004;8549,60
10 NOV 2004;10;miércoles;noviembre;2004;8527,90
11 NOV 2004;11;jueves;noviembre;2004;8558,50
12 NOV 2004;12;viernes;noviembre;2004;8550,00
15 NOV 2004;15;lunes;noviembre;2004;8520,10
16 NOV 2004;16;martes;noviembre;2004;8458,20
17 NOV 2004;17;miércoles;noviembre;2004;8624,00
18 NOV 2004;18;jueves;noviembre;2004;8636,30
19 NOV 2004;19;viernes;noviembre;2004;8625,90
22 NOV 2004;22;lunes;noviembre;2004;8603,40
23 NOV 2004;23;martes;noviembre;2004;8607,20
24 NOV 2004;24;miércoles;noviembre;2004;8668,00
25 NOV 2004;25;jueves;noviembre;2004;8755,40
26 NOV 2004;26;viernes;noviembre;2004;8739,20
29 NOV 2004;29;lunes;noviembre;2004;8715,50
30 NOV 2004;30;martes;noviembre;2004;8693,00
01 DIC 2004;1;miércoles;diciembre;2004;8773,90
02 DIC 2004;2;jueves;diciembre;2004;8811,40
03 DIC 2004;3;viernes;diciembre;2004;8787,90
06 DIC 2004;6;lunes;diciembre;2004;-
07 DIC 2004;7;martes;diciembre;2004;8818,40
08 DIC 2004;8;miércoles;diciembre;2004;-
09 DIC 2004;9;jueves;diciembre;2004;8775,60
10 DIC 2004;10;viernes;diciembre;2004;8827,20
13 DIC 2004;13;lunes;diciembre;2004;8887,90
14 DIC 2004;14;martes;diciembre;2004;8893,80
15 DIC 2004;15;miércoles;diciembre;2004;8871,20
16 DIC 2004;16;jueves;diciembre;2004;8898,80
17 DIC 2004;17;viernes;diciembre;2004;8866,00
20 DIC 2004;20;lunes;diciembre;2004;8894,50
21 DIC 2004;21;martes;diciembre;2004;8941,80
22 DIC 2004;22;miércoles;diciembre;2004;9025,00
23 DIC 2004;23;jueves;diciembre;2004;9054,20
24 DIC 2004;24;viernes;diciembre;2004;-
27 DIC 2004;27;lunes;diciembre;2004;9050,70
28 DIC 2004;28;martes;diciembre;2004;9077,10
29 DIC 2004;29;miércoles;diciembre;2004;9100,70
30 DIC 2004;30;jueves;diciembre;2004;9080,80
31 DIC 2004;31;viernes;diciembre;2004;-
03 ENE 2005;3;lunes;enero;2005;9124,10
04 ENE 2005;4;martes;enero;2005;9120,00
05 ENE 2005;5;miércoles;enero;2005;9024,40
06 ENE 2005;6;jueves;enero;2005;-
07 ENE 2005;7;viernes;enero;2005;9041,10
10 ENE 2005;10;lunes;enero;2005;9028,50
11 ENE 2005;11;martes;enero;2005;8966,40
12 ENE 2005;12;miércoles;enero;2005;8945,70
13 ENE 2005;13;jueves;enero;2005;9016,80
14 ENE 2005;14;viernes;enero;2005;9025,10
17 ENE 2005;17;lunes;enero;2005;9094,40
18 ENE 2005;18;martes;enero;2005;9096,90
19 ENE 2005;19;miércoles;enero;2005;9087,60
20 ENE 2005;20;jueves;enero;2005;9017,70
21 ENE 2005;21;viernes;enero;2005;8999,40
24 ENE 2005;24;lunes;enero;2005;8967,10
25 ENE 2005;25;martes;enero;2005;9033,20
26 ENE 2005;26;miércoles;enero;2005;9058,10
27 ENE 2005;27;jueves;enero;2005;9125,30
28 ENE 2005;28;viernes;enero;2005;9139,40
31 ENE 2005;31;lunes;enero;2005;9223,90
01 FEB 2005;1;martes;febrero;2005;9257,00
02 FEB 2005;2;miércoles;febrero;2005;9307,00
03 FEB 2005;3;jueves;febrero;2005;9310,40
04 FEB 2005;4;viernes;febrero;2005;9422,50
07 FEB 2005;7;lunes;febrero;2005;9461,70
08 FEB 2005;8;martes;febrero;2005;9479,20
09 FEB 2005;9;miércoles;febrero;2005;9450,80
10 FEB 2005;10;jueves;febrero;2005;9451,20
11 FEB 2005;11;viernes;febrero;2005;9588,30
14 FEB 2005;14;lunes;febrero;2005;9585,00
15 FEB 2005;15;martes;febrero;2005;9634,30
16 FEB 2005;16;miércoles;febrero;2005;9575,60
17 FEB 2005;17;jueves;febrero;2005;9585,70
18 FEB 2005;18;viernes;febrero;2005;9570,10
21 FEB 2005;21;lunes;febrero;2005;9464,60
22 FEB 2005;22;martes;febrero;2005;9350,30
23 FEB 2005;23;miércoles;febrero;2005;9354,10
24 FEB 2005;24;jueves;febrero;2005;9352,60
25 FEB 2005;25;viernes;febrero;2005;9439,70
28 FEB 2005;28;lunes;febrero;2005;9391,00
01 MAR 2005;1;martes;marzo;2005;9472,30
02 MAR 2005;2;miércoles;marzo;2005;9443,60
03 MAR 2005;3;jueves;marzo;2005;9418,80
04 MAR 2005;4;viernes;marzo;2005;9538,00
07 MAR 2005;7;lunes;marzo;2005;9545,90
08 MAR 2005;8;martes;marzo;2005;9480,20
09 MAR 2005;9;miércoles;marzo;2005;9410,30
10 MAR 2005;10;jueves;marzo;2005;9319,40
11 MAR 2005;11;viernes;marzo;2005;9330,20
14 MAR 2005;14;lunes;marzo;2005;9296,50
15 MAR 2005;15;martes;marzo;2005;9354,70
16 MAR 2005;16;miércoles;marzo;2005;9201,20
17 MAR 2005;17;jueves;marzo;2005;9235,80
18 MAR 2005;18;viernes;marzo;2005;9263,90
21 MAR 2005;21;lunes;marzo;2005;9225,40
22 MAR 2005;22;martes;marzo;2005;9299,20
23 MAR 2005;23;miércoles;marzo;2005;9252,10
24 MAR 2005;24;jueves;marzo;2005;9309,30
25 MAR 2005;25;viernes;marzo;2005;-
28 MAR 2005;28;lunes;marzo;2005;-
29 MAR 2005;29;martes;marzo;2005;9324,10
30 MAR 2005;30;miércoles;marzo;2005;9280,10
31 MAR 2005;31;jueves;marzo;2005;9258,80
01 ABR 2005;1;viernes;abril;2005;9289,50
04 ABR 2005;4;lunes;abril;2005;9206,00
05 ABR 2005;5;martes;abril;2005;9298,10
06 ABR 2005;6;miércoles;abril;2005;9382,10
07 ABR 2005;7;jueves;abril;2005;9392,40
08 ABR 2005;8;viernes;abril;2005;9385,80
11 ABR 2005;11;lunes;abril;2005;9334,80
12 ABR 2005;12;martes;abril;2005;9303,10
13 ABR 2005;13;miércoles;abril;2005;9373,90
14 ABR 2005;14;jueves;abril;2005;9364,50
15 ABR 2005;15;viernes;abril;2005;9155,20
18 ABR 2005;18;lunes;abril;2005;9025,80
19 ABR 2005;19;martes;abril;2005;9046,20
20 ABR 2005;20;miércoles;abril;2005;9016,60
21 ABR 2005;21;jueves;abril;2005;9018,70
22 ABR 2005;22;viernes;abril;2005;9096,40
25 ABR 2005;25;lunes;abril;2005;9106,20
26 ABR 2005;26;martes;abril;2005;9083,70
27 ABR 2005;27;miércoles;abril;2005;8985,00
28 ABR 2005;28;jueves;abril;2005;8985,40
29 ABR 2005;29;viernes;abril;2005;9001,60
02 MAY 2005;2;lunes;mayo;2005;9119,90
03 MAY 2005;3;martes;mayo;2005;9168,30
04 MAY 2005;4;miércoles;mayo;2005;9195,70
05 MAY 2005;5;jueves;mayo;2005;9235,50
06 MAY 2005;6;viernes;mayo;2005;9263,10
09 MAY 2005;9;lunes;mayo;2005;9223,50
10 MAY 2005;10;martes;mayo;2005;9146,10
11 MAY 2005;11;miércoles;mayo;2005;9149,90
12 MAY 2005;12;jueves;mayo;2005;9213,10
13 MAY 2005;13;viernes;mayo;2005;9222,50
16 MAY 2005;16;lunes;mayo;2005;9217,70
17 MAY 2005;17;martes;mayo;2005;9213,30
18 MAY 2005;18;miércoles;mayo;2005;9364,20
19 MAY 2005;19;jueves;mayo;2005;9400,10
20 MAY 2005;20;viernes;mayo;2005;9368,50
23 MAY 2005;23;lunes;mayo;2005;9397,00
24 MAY 2005;24;martes;mayo;2005;9372,40
25 MAY 2005;25;miércoles;mayo;2005;9351,30
26 MAY 2005;26;jueves;mayo;2005;9417,90
27 MAY 2005;27;viernes;mayo;2005;9381,50
30 MAY 2005;30;lunes;mayo;2005;9466,80
31 MAY 2005;31;martes;mayo;2005;9427,10
01 JUN 2005;1;miércoles;junio;2005;9550,80
02 JUN 2005;2;jueves;junio;2005;9539,70
03 JUN 2005;3;viernes;junio;2005;9497,70
06 JUN 2005;6;lunes;junio;2005;9449,40
07 JUN 2005;7;martes;junio;2005;9535,50
08 JUN 2005;8;miércoles;junio;2005;9487,70
09 JUN 2005;9;jueves;junio;2005;9494,00
10 JUN 2005;10;viernes;junio;2005;9561,50
13 JUN 2005;13;lunes;junio;2005;9579,20
14 JUN 2005;14;martes;junio;2005;9614,40
15 JUN 2005;15;miércoles;junio;2005;9563,60
16 JUN 2005;16;jueves;junio;2005;9624,70
17 JUN 2005;17;viernes;junio;2005;9682,30
20 JUN 2005;20;lunes;junio;2005;9659,50
21 JUN 2005;21;martes;junio;2005;9712,50
22 JUN 2005;22;miércoles;junio;2005;9726,20
23 JUN 2005;23;jueves;junio;2005;9769,60
24 JUN 2005;24;viernes;junio;2005;9677,40
27 JUN 2005;27;lunes;junio;2005;9622,90
28 JUN 2005;28;martes;junio;2005;9682,50
29 JUN 2005;29;miércoles;junio;2005;9769,20
30 JUN 2005;30;jueves;junio;2005;9783,20
01 JUL 2005;1;viernes;julio;2005;9829,10
04 JUL 2005;4;lunes;julio;2005;9815,00
05 JUL 2005;5;martes;julio;2005;9807,40
06 JUL 2005;6;miércoles;julio;2005;9832,50
07 JUL 2005;7;jueves;julio;2005;9644,40
08 JUL 2005;8;viernes;julio;2005;9793,20
11 JUL 2005;11;lunes;julio;2005;9876,30
12 JUL 2005;12;martes;julio;2005;9873,40
13 JUL 2005;13;miércoles;julio;2005;9937,80
14 JUL 2005;14;jueves;julio;2005;9965,20
15 JUL 2005;15;viernes;julio;2005;9943,80
18 JUL 2005;18;lunes;julio;2005;9961,00
19 JUL 2005;19;martes;julio;2005;10045,00
20 JUL 2005;20;miércoles;julio;2005;10007,00
21 JUL 2005;21;jueves;julio;2005;10021,50
22 JUL 2005;22;viernes;julio;2005;10018,80
25 JUL 2005;25;lunes;julio;2005;10017,10
26 JUL 2005;26;martes;julio;2005;10043,30
27 JUL 2005;27;miércoles;julio;2005;10088,70
28 JUL 2005;28;jueves;julio;2005;10128,80
29 JUL 2005;29;viernes;julio;2005;10115,60
01 AGO 2005;1;lunes;agosto;2005;10068,90
02 AGO 2005;2;martes;agosto;2005;10113,90
03 AGO 2005;3;miércoles;agosto;2005;10149,70
04 AGO 2005;4;jueves;agosto;2005;10074,30
05 AGO 2005;5;viernes;agosto;2005;10045,40
08 AGO 2005;8;lunes;agosto;2005;10115,50
09 AGO 2005;9;martes;agosto;2005;10145,60
10 AGO 2005;10;miércoles;agosto;2005;10229,20
11 AGO 2005;11;jueves;agosto;2005;10222,10
12 AGO 2005;12;viernes;agosto;2005;10187,20
15 AGO 2005;15;lunes;agosto;2005;10184,90
16 AGO 2005;16;martes;agosto;2005;10139,80
17 AGO 2005;17;miércoles;agosto;2005;10094,10
18 AGO 2005;18;jueves;agosto;2005;10037,90
19 AGO 2005;19;viernes;agosto;2005;10132,90
22 AGO 2005;22;lunes;agosto;2005;10174,80
23 AGO 2005;23;martes;agosto;2005;10104,10
24 AGO 2005;24;miércoles;agosto;2005;10078,90
25 AGO 2005;25;jueves;agosto;2005;9983,20
26 AGO 2005;26;viernes;agosto;2005;9904,80
29 AGO 2005;29;lunes;agosto;2005;9938,50
30 AGO 2005;30;martes;agosto;2005;9922,30
31 AGO 2005;31;miércoles;agosto;2005;10008,90
01 SEP 2005;1;jueves;septiembre;2005;10134,10
02 SEP 2005;2;viernes;septiembre;2005;10145,00
05 SEP 2005;5;lunes;septiembre;2005;10250,90
06 SEP 2005;6;martes;septiembre;2005;10373,20
07 SEP 2005;7;miércoles;septiembre;2005;10408,00
08 SEP 2005;8;jueves;septiembre;2005;10441,20
09 SEP 2005;9;viernes;septiembre;2005;10486,60
12 SEP 2005;12;lunes;septiembre;2005;10494,70
13 SEP 2005;13;martes;septiembre;2005;10429,80
14 SEP 2005;14;miércoles;septiembre;2005;10459,10
15 SEP 2005;15;jueves;septiembre;2005;10475,70
16 SEP 2005;16;viernes;septiembre;2005;10532,10
19 SEP 2005;19;lunes;septiembre;2005;10536,00
20 SEP 2005;20;martes;septiembre;2005;10583,40
21 SEP 2005;21;miércoles;septiembre;2005;10500,30
22 SEP 2005;22;jueves;septiembre;2005;10536,60
23 SEP 2005;23;viernes;septiembre;2005;10631,20
26 SEP 2005;26;lunes;septiembre;2005;10724,90
27 SEP 2005;27;martes;septiembre;2005;10678,50
28 SEP 2005;28;miércoles;septiembre;2005;10801,70
29 SEP 2005;29;jueves;septiembre;2005;10780,60
30 SEP 2005;30;viernes;septiembre;2005;10813,90
03 OCT 2005;3;lunes;octubre;2005;10880,70
04 OCT 2005;4;martes;octubre;2005;10919,20
05 OCT 2005;5;miércoles;octubre;2005;10823,10
06 OCT 2005;6;jueves;octubre;2005;10750,90
07 OCT 2005;7;viernes;octubre;2005;10732,40
10 OCT 2005;10;lunes;octubre;2005;10800,60
11 OCT 2005;11;martes;octubre;2005;10810,20
12 OCT 2005;12;miércoles;octubre;2005;10721,80
13 OCT 2005;13;jueves;octubre;2005;10567,10
14 OCT 2005;14;viernes;octubre;2005;10629,30
17 OCT 2005;17;lunes;octubre;2005;10629,50
18 OCT 2005;18;martes;octubre;2005;10529,90
19 OCT 2005;19;miércoles;octubre;2005;10402,50
20 OCT 2005;20;jueves;octubre;2005;10382,30
21 OCT 2005;21;viernes;octubre;2005;10368,80
24 OCT 2005;24;lunes;octubre;2005;10534,50
25 OCT 2005;25;martes;octubre;2005;10476,60
26 OCT 2005;26;miércoles;octubre;2005;10473,40
27 OCT 2005;27;jueves;octubre;2005;10328,60
28 OCT 2005;28;viernes;octubre;2005;10339,50
31 OCT 2005;31;lunes;octubre;2005;10493,80
01 NOV 2005;1;martes;noviembre;2005;10427,20
02 NOV 2005;2;miércoles;noviembre;2005;10424,50
03 NOV 2005;3;jueves;noviembre;2005;10476,90
04 NOV 2005;4;viernes;noviembre;2005;10412,30
07 NOV 2005;7;lunes;noviembre;2005;10420,90
08 NOV 2005;8;martes;noviembre;2005;10440,20
09 NOV 2005;9;miércoles;noviembre;2005;10456,30
10 NOV 2005;10;jueves;noviembre;2005;10438,40
11 NOV 2005;11;viernes;noviembre;2005;10510,30
14 NOV 2005;14;lunes;noviembre;2005;10504,60
15 NOV 2005;15;martes;noviembre;2005;10456,30
16 NOV 2005;16;miércoles;noviembre;2005;10391,70
17 NOV 2005;17;jueves;noviembre;2005;10445,20
18 NOV 2005;18;viernes;noviembre;2005;10527,10
21 NOV 2005;21;lunes;noviembre;2005;10535,10
22 NOV 2005;22;martes;noviembre;2005;10522,90
23 NOV 2005;23;miércoles;noviembre;2005;10626,70
24 NOV 2005;24;jueves;noviembre;2005;10634,20
25 NOV 2005;25;viernes;noviembre;2005;10656,30
28 NOV 2005;28;lunes;noviembre;2005;10618,80
29 NOV 2005;29;martes;noviembre;2005;10620,10
30 NOV 2005;30;miércoles;noviembre;2005;10557,80
01 DIC 2005;1;jueves;diciembre;2005;10678,70
02 DIC 2005;2;viernes;diciembre;2005;10649,80
05 DIC 2005;5;lunes;diciembre;2005;10532,10
06 DIC 2005;6;martes;diciembre;2005;10539,30
07 DIC 2005;7;miércoles;diciembre;2005;10506,60
08 DIC 2005;8;jueves;diciembre;2005;10495,80
09 DIC 2005;9;viernes;diciembre;2005;10489,30
12 DIC 2005;12;lunes;diciembre;2005;10540,00
13 DIC 2005;13;martes;diciembre;2005;10533,60
14 DIC 2005;14;miércoles;diciembre;2005;10502,40
15 DIC 2005;15;jueves;diciembre;2005;10483,50
16 DIC 2005;16;viernes;diciembre;2005;10555,30
19 DIC 2005;19;lunes;diciembre;2005;10528,30
20 DIC 2005;20;martes;diciembre;2005;10572,30
21 DIC 2005;21;miércoles;diciembre;2005;10682,70
22 DIC 2005;22;jueves;diciembre;2005;10701,30
23 DIC 2005;23;viernes;diciembre;2005;10723,90
26 DIC 2005;26;lunes;diciembre;2005;-
27 DIC 2005;27;martes;diciembre;2005;10772,70
28 DIC 2005;28;miércoles;diciembre;2005;10769,50
29 DIC 2005;29;jueves;diciembre;2005;10778,10
30 DIC 2005;30;viernes;diciembre;2005;10733,90
02 ENE 2006;2;lunes;enero;2006;10786,70
03 ENE 2006;3;martes;enero;2006;10818,10
04 ENE 2006;4;miércoles;enero;2006;10895,80
05 ENE 2006;5;jueves;enero;2006;10913,60
06 ENE 2006;6;viernes;enero;2006;-
09 ENE 2006;9;lunes;enero;2006;10962,50
10 ENE 2006;10;martes;enero;2006;10869,90
11 ENE 2006;11;miércoles;enero;2006;10966,20
12 ENE 2006;12;jueves;enero;2006;10955,80
13 ENE 2006;13;viernes;enero;2006;10850,70
16 ENE 2006;16;lunes;enero;2006;10898,40
17 ENE 2006;17;martes;enero;2006;10806,30
18 ENE 2006;18;miércoles;enero;2006;10708,10
19 ENE 2006;19;jueves;enero;2006;10821,50
20 ENE 2006;20;viernes;enero;2006;10740,90
23 ENE 2006;23;lunes;enero;2006;10712,20
24 ENE 2006;24;martes;enero;2006;10665,60
25 ENE 2006;25;miércoles;enero;2006;10824,10
26 ENE 2006;26;jueves;enero;2006;10890,20
27 ENE 2006;27;viernes;enero;2006;11023,20
30 ENE 2006;30;lunes;enero;2006;11038,00
31 ENE 2006;31;martes;enero;2006;11104,30
01 FEB 2006;1;miércoles;febrero;2006;11221,10
02 FEB 2006;2;jueves;febrero;2006;11136,00
03 FEB 2006;3;viernes;febrero;2006;11175,80
06 FEB 2006;6;lunes;febrero;2006;11187,50
07 FEB 2006;7;martes;febrero;2006;11175,10
08 FEB 2006;8;miércoles;febrero;2006;11202,60
09 FEB 2006;9;jueves;febrero;2006;11344,90
10 FEB 2006;10;viernes;febrero;2006;11312,60
13 FEB 2006;13;lunes;febrero;2006;11395,50
14 FEB 2006;14;martes;febrero;2006;11395,90
15 FEB 2006;15;miércoles;febrero;2006;11377,40
16 FEB 2006;16;jueves;febrero;2006;11447,20
17 FEB 2006;17;viernes;febrero;2006;11491,30
20 FEB 2006;20;lunes;febrero;2006;11535,60
21 FEB 2006;21;martes;febrero;2006;11626,90
22 FEB 2006;22;miércoles;febrero;2006;11755,30
23 FEB 2006;23;jueves;febrero;2006;11739,00
24 FEB 2006;24;viernes;febrero;2006;11786,90
27 FEB 2006;27;lunes;febrero;2006;11832,80
28 FEB 2006;28;martes;febrero;2006;11740,70
01 MAR 2006;1;miércoles;marzo;2006;11902,20
02 MAR 2006;2;jueves;marzo;2006;11809,60
03 MAR 2006;3;viernes;marzo;2006;11755,70
06 MAR 2006;6;lunes;marzo;2006;11759,10
07 MAR 2006;7;martes;marzo;2006;11701,30
08 MAR 2006;8;miércoles;marzo;2006;11629,20
09 MAR 2006;9;jueves;marzo;2006;11699,60
10 MAR 2006;10;viernes;marzo;2006;11771,80
13 MAR 2006;13;lunes;marzo;2006;11845,40
14 MAR 2006;14;martes;marzo;2006;11835,00
15 MAR 2006;15;miércoles;marzo;2006;11845,70
16 MAR 2006;16;jueves;marzo;2006;11862,50
17 MAR 2006;17;viernes;marzo;2006;11872,90
20 MAR 2006;20;lunes;marzo;2006;11922,00
21 MAR 2006;21;martes;marzo;2006;11933,40
22 MAR 2006;22;miércoles;marzo;2006;11951,60
23 MAR 2006;23;jueves;marzo;2006;11906,20
24 MAR 2006;24;viernes;marzo;2006;11954,40
27 MAR 2006;27;lunes;marzo;2006;11839,60
28 MAR 2006;28;martes;marzo;2006;11774,20
29 MAR 2006;29;miércoles;marzo;2006;11817,30
30 MAR 2006;30;jueves;marzo;2006;11869,80
31 MAR 2006;31;viernes;marzo;2006;11854,30
03 ABR 2006;3;lunes;abril;2006;11920,00
04 ABR 2006;4;martes;abril;2006;11893,80
05 ABR 2006;5;miércoles;abril;2006;11916,40
06 ABR 2006;6;jueves;abril;2006;11908,20
07 ABR 2006;7;viernes;abril;2006;11816,70
10 ABR 2006;10;lunes;abril;2006;11817,50
11 ABR 2006;11;martes;abril;2006;11674,60
12 ABR 2006;12;miércoles;abril;2006;11601,70
13 ABR 2006;13;jueves;abril;2006;11609,40
14 ABR 2006;14;viernes;abril;2006;-
17 ABR 2006;17;lunes;abril;2006;-
18 ABR 2006;18;martes;abril;2006;11585,00
19 ABR 2006;19;miércoles;abril;2006;11720,10
20 ABR 2006;20;jueves;abril;2006;11782,60
21 ABR 2006;21;viernes;abril;2006;11913,80
24 ABR 2006;24;lunes;abril;2006;11901,30
25 ABR 2006;25;martes;abril;2006;11920,50
26 ABR 2006;26;miércoles;abril;2006;11925,60
27 ABR 2006;27;jueves;abril;2006;11891,30
28 ABR 2006;28;viernes;abril;2006;11892,50
01 MAY 2006;1;lunes;mayo;2006;-
02 MAY 2006;2;martes;mayo;2006;11929,30
03 MAY 2006;3;miércoles;mayo;2006;11876,50
04 MAY 2006;4;jueves;mayo;2006;11928,50
05 MAY 2006;5;viernes;mayo;2006;12034,40
08 MAY 2006;8;lunes;mayo;2006;12067,70
09 MAY 2006;9;martes;mayo;2006;12083,30
10 MAY 2006;10;miércoles;mayo;2006;12064,80
11 MAY 2006;11;jueves;mayo;2006;12008,40
12 MAY 2006;12;viernes;mayo;2006;11710,20
15 MAY 2006;15;lunes;mayo;2006;11587,70
16 MAY 2006;16;martes;mayo;2006;11595,90
17 MAY 2006;17;miércoles;mayo;2006;11248,20
18 MAY 2006;18;jueves;mayo;2006;11210,30
19 MAY 2006;19;viernes;mayo;2006;11270,80
22 MAY 2006;22;lunes;mayo;2006;10950,20
23 MAY 2006;23;martes;mayo;2006;11160,70
24 MAY 2006;24;miércoles;mayo;2006;11047,20
25 MAY 2006;25;jueves;mayo;2006;11208,20
26 MAY 2006;26;viernes;mayo;2006;11414,80
29 MAY 2006;29;lunes;mayo;2006;11371,40
30 MAY 2006;30;martes;mayo;2006;11165,60
31 MAY 2006;31;miércoles;mayo;2006;11340,50
01 JUN 2006;1;jueves;junio;2006;11346,40
02 JUN 2006;2;viernes;junio;2006;11360,70
05 JUN 2006;5;lunes;junio;2006;11287,80
06 JUN 2006;6;martes;junio;2006;11112,00
07 JUN 2006;7;miércoles;junio;2006;11224,70
08 JUN 2006;8;jueves;junio;2006;10952,60
09 JUN 2006;9;viernes;junio;2006;11098,20
12 JUN 2006;12;lunes;junio;2006;11031,40
13 JUN 2006;13;martes;junio;2006;10797,50
14 JUN 2006;14;miércoles;junio;2006;10852,00
15 JUN 2006;15;jueves;junio;2006;11036,30
16 JUN 2006;16;viernes;junio;2006;10962,80
19 JUN 2006;19;lunes;junio;2006;11056,80
20 JUN 2006;20;martes;junio;2006;11103,50
21 JUN 2006;21;miércoles;junio;2006;11155,40
22 JUN 2006;22;jueves;junio;2006;11246,30
23 JUN 2006;23;viernes;junio;2006;11274,20
26 JUN 2006;26;lunes;junio;2006;11276,60
27 JUN 2006;27;martes;junio;2006;11214,50
28 JUN 2006;28;miércoles;junio;2006;11188,80
29 JUN 2006;29;jueves;junio;2006;11386,60
30 JUN 2006;30;viernes;junio;2006;11548,10
03 JUL 2006;3;lunes;julio;2006;11569,60
04 JUL 2006;4;martes;julio;2006;11603,10
05 JUL 2006;5;miércoles;julio;2006;11521,20
06 JUL 2006;6;jueves;julio;2006;11636,80
07 JUL 2006;7;viernes;julio;2006;11626,70
10 JUL 2006;10;lunes;julio;2006;11649,50
11 JUL 2006;11;martes;julio;2006;11535,20
12 JUL 2006;12;miércoles;julio;2006;11537,30
13 JUL 2006;13;jueves;julio;2006;11375,00
14 JUL 2006;14;viernes;julio;2006;11240,20
17 JUL 2006;17;lunes;julio;2006;11179,40
18 JUL 2006;18;martes;julio;2006;11161,00
19 JUL 2006;19;miércoles;julio;2006;11425,70
20 JUL 2006;20;jueves;julio;2006;11446,40
21 JUL 2006;21;viernes;julio;2006;11333,90
24 JUL 2006;24;lunes;julio;2006;11561,60
25 JUL 2006;25;martes;julio;2006;11611,90
26 JUL 2006;26;miércoles;julio;2006;11635,20
27 JUL 2006;27;jueves;julio;2006;11768,40
28 JUL 2006;28;viernes;julio;2006;11887,40
31 JUL 2006;31;lunes;julio;2006;11818,00
01 AGO 2006;1;martes;agosto;2006;11706,60
02 AGO 2006;2;miércoles;agosto;2006;11863,00
03 AGO 2006;3;jueves;agosto;2006;11800,70
04 AGO 2006;4;viernes;agosto;2006;11934,10
07 AGO 2006;7;lunes;agosto;2006;11790,50
08 AGO 2006;8;martes;agosto;2006;11834,00
09 AGO 2006;9;miércoles;agosto;2006;11911,60
10 AGO 2006;10;jueves;agosto;2006;11810,40
11 AGO 2006;11;viernes;agosto;2006;11777,30
14 AGO 2006;14;lunes;agosto;2006;11903,30
15 AGO 2006;15;martes;agosto;2006;11991,30
16 AGO 2006;16;miércoles;agosto;2006;12045,90
17 AGO 2006;17;jueves;agosto;2006;12087,80
18 AGO 2006;18;viernes;agosto;2006;12067,80
21 AGO 2006;21;lunes;agosto;2006;12054,90
22 AGO 2006;22;martes;agosto;2006;12080,80
23 AGO 2006;23;miércoles;agosto;2006;12012,70
24 AGO 2006;24;jueves;agosto;2006;12056,00
25 AGO 2006;25;viernes;agosto;2006;12042,90
28 AGO 2006;28;lunes;agosto;2006;12116,60
29 AGO 2006;29;martes;agosto;2006;12146,60
30 AGO 2006;30;miércoles;agosto;2006;12171,90
31 AGO 2006;31;jueves;agosto;2006;12144,70
01 SEP 2006;1;viernes;septiembre;2006;12193,00
04 SEP 2006;4;lunes;septiembre;2006;12278,60
05 SEP 2006;5;martes;septiembre;2006;12212,40
06 SEP 2006;6;miércoles;septiembre;2006;12102,90
07 SEP 2006;7;jueves;septiembre;2006;12014,50
08 SEP 2006;8;viernes;septiembre;2006;12081,70
11 SEP 2006;11;lunes;septiembre;2006;12055,20
12 SEP 2006;12;martes;septiembre;2006;12164,90
13 SEP 2006;13;miércoles;septiembre;2006;12206,90
14 SEP 2006;14;jueves;septiembre;2006;12214,50
15 SEP 2006;15;viernes;septiembre;2006;12278,40
18 SEP 2006;18;lunes;septiembre;2006;12287,80
19 SEP 2006;19;martes;septiembre;2006;12240,90
20 SEP 2006;20;miércoles;septiembre;2006;12426,10
21 SEP 2006;21;jueves;septiembre;2006;12476,90
22 SEP 2006;22;viernes;septiembre;2006;12389,50
25 SEP 2006;25;lunes;septiembre;2006;12393,30
26 SEP 2006;26;martes;septiembre;2006;12617,40
27 SEP 2006;27;miércoles;septiembre;2006;12950,00
28 SEP 2006;28;jueves;septiembre;2006;12930,20
29 SEP 2006;29;viernes;septiembre;2006;12934,70
02 OCT 2006;2;lunes;octubre;2006;12915,90
03 OCT 2006;3;martes;octubre;2006;12860,50
04 OCT 2006;4;miércoles;octubre;2006;12982,60
05 OCT 2006;5;jueves;octubre;2006;13116,40
06 OCT 2006;6;viernes;octubre;2006;13152,10
09 OCT 2006;9;lunes;octubre;2006;13143,50
10 OCT 2006;10;martes;octubre;2006;13234,50
11 OCT 2006;11;miércoles;octubre;2006;13260,90
12 OCT 2006;12;jueves;octubre;2006;13406,90
13 OCT 2006;13;viernes;octubre;2006;13454,50
16 OCT 2006;16;lunes;octubre;2006;13476,60
17 OCT 2006;17;martes;octubre;2006;13245,30
18 OCT 2006;18;miércoles;octubre;2006;13398,20
19 OCT 2006;19;jueves;octubre;2006;13463,70
20 OCT 2006;20;viernes;octubre;2006;13558,00
23 OCT 2006;23;lunes;octubre;2006;13620,70
24 OCT 2006;24;martes;octubre;2006;13579,80
25 OCT 2006;25;miércoles;octubre;2006;13636,30
26 OCT 2006;26;jueves;octubre;2006;13633,10
27 OCT 2006;27;viernes;octubre;2006;13725,80
30 OCT 2006;30;lunes;octubre;2006;13713,20
31 OCT 2006;31;martes;octubre;2006;13753,00
01 NOV 2006;1;miércoles;noviembre;2006;13772,60
02 NOV 2006;2;jueves;noviembre;2006;13719,30
03 NOV 2006;3;viernes;noviembre;2006;13794,70
06 NOV 2006;6;lunes;noviembre;2006;13968,50
07 NOV 2006;7;martes;noviembre;2006;14058,30
08 NOV 2006;8;miércoles;noviembre;2006;14090,40
09 NOV 2006;9;jueves;noviembre;2006;14111,40
10 NOV 2006;10;viernes;noviembre;2006;14002,40
13 NOV 2006;13;lunes;noviembre;2006;14091,90
14 NOV 2006;14;martes;noviembre;2006;14113,20
15 NOV 2006;15;miércoles;noviembre;2006;14174,30
16 NOV 2006;16;jueves;noviembre;2006;14241,30
17 NOV 2006;17;viernes;noviembre;2006;14170,00
20 NOV 2006;20;lunes;noviembre;2006;14256,00
21 NOV 2006;21;martes;noviembre;2006;14228,10
22 NOV 2006;22;miércoles;noviembre;2006;14294,60
23 NOV 2006;23;jueves;noviembre;2006;14284,40
24 NOV 2006;24;viernes;noviembre;2006;14088,10
27 NOV 2006;27;lunes;noviembre;2006;13786,80
28 NOV 2006;28;martes;noviembre;2006;13732,10
29 NOV 2006;29;miércoles;noviembre;2006;13978,00
30 NOV 2006;30;jueves;noviembre;2006;13849,30
01 DIC 2006;1;viernes;diciembre;2006;13660,60
04 DIC 2006;4;lunes;diciembre;2006;13846,40
05 DIC 2006;5;martes;diciembre;2006;14032,50
06 DIC 2006;6;miércoles;diciembre;2006;14007,10
07 DIC 2006;7;jueves;diciembre;2006;14062,80
08 DIC 2006;8;viernes;diciembre;2006;14076,60
11 DIC 2006;11;lunes;diciembre;2006;14209,60
12 DIC 2006;12;martes;diciembre;2006;14200,20
13 DIC 2006;13;miércoles;diciembre;2006;14327,50
14 DIC 2006;14;jueves;diciembre;2006;14351,90
15 DIC 2006;15;viernes;diciembre;2006;14387,60
18 DIC 2006;18;lunes;diciembre;2006;14317,50
19 DIC 2006;19;martes;diciembre;2006;14176,80
20 DIC 2006;20;miércoles;diciembre;2006;14201,70
21 DIC 2006;21;jueves;diciembre;2006;14150,40
22 DIC 2006;22;viernes;diciembre;2006;14066,10
25 DIC 2006;25;lunes;diciembre;2006;-
26 DIC 2006;26;martes;diciembre;2006;-
27 DIC 2006;27;miércoles;diciembre;2006;14199,40
28 DIC 2006;28;jueves;diciembre;2006;14160,80
29 DIC 2006;29;viernes;diciembre;2006;14146,50
01 ENE 2007;1;lunes;enero;2007;-
02 ENE 2007;2;martes;enero;2007;14364,40
03 ENE 2007;3;miércoles;enero;2007;14375,10
04 ENE 2007;4;jueves;enero;2007;14382,40
05 ENE 2007;5;viernes;enero;2007;14304,70
08 ENE 2007;8;lunes;enero;2007;14322,30
09 ENE 2007;9;martes;enero;2007;14311,50
10 ENE 2007;10;miércoles;enero;2007;14116,10
11 ENE 2007;11;jueves;enero;2007;14328,80
12 ENE 2007;12;viernes;enero;2007;14368,20
15 ENE 2007;15;lunes;enero;2007;14416,70
16 ENE 2007;16;martes;enero;2007;14355,60
17 ENE 2007;17;miércoles;enero;2007;14295,00
18 ENE 2007;18;jueves;enero;2007;14265,30
19 ENE 2007;19;viernes;enero;2007;14397,90
22 ENE 2007;22;lunes;enero;2007;14359,70
23 ENE 2007;23;martes;enero;2007;14368,60
24 ENE 2007;24;miércoles;enero;2007;14540,70
25 ENE 2007;25;jueves;enero;2007;14537,30
26 ENE 2007;26;viernes;enero;2007;14415,40
29 ENE 2007;29;lunes;enero;2007;14507,00
30 ENE 2007;30;martes;enero;2007;14553,40
31 ENE 2007;31;miércoles;enero;2007;14553,20
01 FEB 2007;1;jueves;febrero;2007;14571,50
02 FEB 2007;2;viernes;febrero;2007;14631,20
05 FEB 2007;5;lunes;febrero;2007;14616,70
06 FEB 2007;6;martes;febrero;2007;14703,20
07 FEB 2007;7;miércoles;febrero;2007;14854,60
08 FEB 2007;8;jueves;febrero;2007;14826,00
09 FEB 2007;9;viernes;febrero;2007;14875,50
12 FEB 2007;12;lunes;febrero;2007;14769,00
13 FEB 2007;13;martes;febrero;2007;14824,60
14 FEB 2007;14;miércoles;febrero;2007;14905,70
15 FEB 2007;15;jueves;febrero;2007;14876,90
16 FEB 2007;16;viernes;febrero;2007;14851,20
19 FEB 2007;19;lunes;febrero;2007;14915,80
20 FEB 2007;20;martes;febrero;2007;14886,10
21 FEB 2007;21;miércoles;febrero;2007;14788,80
22 FEB 2007;22;jueves;febrero;2007;14791,30
23 FEB 2007;23;viernes;febrero;2007;14767,10
26 FEB 2007;26;lunes;febrero;2007;14856,10
27 FEB 2007;27;martes;febrero;2007;14408,30
28 FEB 2007;28;miércoles;febrero;2007;14248,40
01 MAR 2007;1;jueves;marzo;2007;14064,90
02 MAR 2007;2;viernes;marzo;2007;13962,20
05 MAR 2007;5;lunes;marzo;2007;13749,10
06 MAR 2007;6;martes;marzo;2007;13825,90
07 MAR 2007;7;miércoles;marzo;2007;13912,70
08 MAR 2007;8;jueves;marzo;2007;14194,00
09 MAR 2007;9;viernes;marzo;2007;14257,20
12 MAR 2007;12;lunes;marzo;2007;14146,50
13 MAR 2007;13;martes;marzo;2007;13982,90
14 MAR 2007;14;miércoles;marzo;2007;13602,40
15 MAR 2007;15;jueves;marzo;2007;13940,40
16 MAR 2007;16;viernes;marzo;2007;13977,40
19 MAR 2007;19;lunes;marzo;2007;14250,20
20 MAR 2007;20;martes;marzo;2007;14323,20
21 MAR 2007;21;miércoles;marzo;2007;14310,50
22 MAR 2007;22;jueves;marzo;2007;14490,10
23 MAR 2007;23;viernes;marzo;2007;14545,70
26 MAR 2007;26;lunes;marzo;2007;14469,60
27 MAR 2007;27;martes;marzo;2007;14536,80
28 MAR 2007;28;miércoles;marzo;2007;14483,00
29 MAR 2007;29;jueves;marzo;2007;14605,30
30 MAR 2007;30;viernes;marzo;2007;14641,70
02 ABR 2007;2;lunes;abril;2007;14730,80
03 ABR 2007;3;martes;abril;2007;14953,20
04 ABR 2007;4;miércoles;abril;2007;14943,10
05 ABR 2007;5;jueves;abril;2007;14974,90
06 ABR 2007;6;viernes;abril;2007;-
09 ABR 2007;9;lunes;abril;2007;-
10 ABR 2007;10;martes;abril;2007;15005,50
11 ABR 2007;11;miércoles;abril;2007;14997,60
12 ABR 2007;12;jueves;abril;2007;14883,00
13 ABR 2007;13;viernes;abril;2007;14965,30
16 ABR 2007;16;lunes;abril;2007;15020,80
17 ABR 2007;17;martes;abril;2007;14966,00
18 ABR 2007;18;miércoles;abril;2007;14870,40
19 ABR 2007;19;jueves;abril;2007;14821,70
20 ABR 2007;20;viernes;abril;2007;15080,90
23 ABR 2007;23;lunes;abril;2007;14987,10
24 ABR 2007;24;martes;abril;2007;14578,70
25 ABR 2007;25;miércoles;abril;2007;14620,40
26 ABR 2007;26;jueves;abril;2007;14611,00
27 ABR 2007;27;viernes;abril;2007;14403,60
30 ABR 2007;30;lunes;abril;2007;14374,60
01 MAY 2007;1;martes;mayo;2007;-
02 MAY 2007;2;miércoles;mayo;2007;14416,90
03 MAY 2007;3;jueves;mayo;2007;14395,60
04 MAY 2007;4;viernes;mayo;2007;14620,30
07 MAY 2007;7;lunes;mayo;2007;14672,10
08 MAY 2007;8;martes;mayo;2007;14556,70
09 MAY 2007;9;miércoles;mayo;2007;14609,40
10 MAY 2007;10;jueves;mayo;2007;14575,40
11 MAY 2007;11;viernes;mayo;2007;14736,30
14 MAY 2007;14;lunes;mayo;2007;14686,00
15 MAY 2007;15;martes;mayo;2007;14824,20
16 MAY 2007;16;miércoles;mayo;2007;14918,80
17 MAY 2007;17;jueves;mayo;2007;14968,20
18 MAY 2007;18;viernes;mayo;2007;15068,40
21 MAY 2007;21;lunes;mayo;2007;15055,50
22 MAY 2007;22;martes;mayo;2007;15070,90
23 MAY 2007;23;miércoles;mayo;2007;15223,90
24 MAY 2007;24;jueves;mayo;2007;15094,90
25 MAY 2007;25;viernes;mayo;2007;15053,20
28 MAY 2007;28;lunes;mayo;2007;15124,60
29 MAY 2007;29;martes;mayo;2007;15188,60
30 MAY 2007;30;miércoles;mayo;2007;15137,30
31 MAY 2007;31;jueves;mayo;2007;15329,40
01 JUN 2007;1;viernes;junio;2007;15501,50
04 JUN 2007;4;lunes;junio;2007;15414,30
05 JUN 2007;5;martes;junio;2007;15314,90
06 JUN 2007;6;miércoles;junio;2007;14928,80
07 JUN 2007;7;jueves;junio;2007;14725,90
08 JUN 2007;8;viernes;junio;2007;14816,50
11 JUN 2007;11;lunes;junio;2007;14940,60
12 JUN 2007;12;martes;junio;2007;14764,30
13 JUN 2007;13;miércoles;junio;2007;14829,80
14 JUN 2007;14;jueves;junio;2007;15078,40
15 JUN 2007;15;viernes;junio;2007;15252,10
18 JUN 2007;18;lunes;junio;2007;15103,60
19 JUN 2007;19;martes;junio;2007;15000,20
20 JUN 2007;20;miércoles;junio;2007;15035,70
21 JUN 2007;21;jueves;junio;2007;14882,40
22 JUN 2007;22;viernes;junio;2007;14784,90
25 JUN 2007;25;lunes;junio;2007;14848,30
26 JUN 2007;26;martes;junio;2007;14755,20
27 JUN 2007;27;miércoles;junio;2007;14681,70
28 JUN 2007;28;jueves;junio;2007;14819,90
29 JUN 2007;29;viernes;junio;2007;14892,00
02 JUL 2007;2;lunes;julio;2007;14804,70
03 JUL 2007;3;martes;julio;2007;14869,40
04 JUL 2007;4;miércoles;julio;2007;14989,70
05 JUL 2007;5;jueves;julio;2007;14907,40
06 JUL 2007;6;viernes;julio;2007;15058,30
09 JUL 2007;9;lunes;julio;2007;14974,70
10 JUL 2007;10;martes;julio;2007;14823,90
11 JUL 2007;11;miércoles;julio;2007;14766,20
12 JUL 2007;12;jueves;julio;2007;14941,80
13 JUL 2007;13;viernes;julio;2007;15023,50
16 JUL 2007;16;lunes;julio;2007;15110,40
17 JUL 2007;17;martes;julio;2007;15153,80
18 JUL 2007;18;miércoles;julio;2007;15058,60
19 JUL 2007;19;jueves;julio;2007;15207,30
20 JUL 2007;20;viernes;julio;2007;14930,10
23 JUL 2007;23;lunes;julio;2007;15056,70
24 JUL 2007;24;martes;julio;2007;14913,30
25 JUL 2007;25;miércoles;julio;2007;14937,70
26 JUL 2007;26;jueves;julio;2007;14540,40
27 JUL 2007;27;viernes;julio;2007;14587,50
30 JUL 2007;30;lunes;julio;2007;14507,90
31 JUL 2007;31;martes;julio;2007;14802,40
01 AGO 2007;1;miércoles;agosto;2007;14595,70
02 AGO 2007;2;jueves;agosto;2007;14678,60
03 AGO 2007;3;viernes;agosto;2007;14534,30
06 AGO 2007;6;lunes;agosto;2007;14432,10
07 AGO 2007;7;martes;agosto;2007;14652,90
08 AGO 2007;8;miércoles;agosto;2007;15004,20
09 AGO 2007;9;jueves;agosto;2007;14838,30
10 AGO 2007;10;viernes;agosto;2007;14453,90
13 AGO 2007;13;lunes;agosto;2007;14731,80
14 AGO 2007;14;martes;agosto;2007;14553,10
15 AGO 2007;15;miércoles;agosto;2007;14520,50
16 AGO 2007;16;jueves;agosto;2007;13979,70
17 AGO 2007;17;viernes;agosto;2007;14237,50
20 AGO 2007;20;lunes;agosto;2007;14269,10
21 AGO 2007;21;martes;agosto;2007;14239,80
22 AGO 2007;22;miércoles;agosto;2007;14359,20
23 AGO 2007;23;jueves;agosto;2007;14292,50
24 AGO 2007;24;viernes;agosto;2007;14334,40
27 AGO 2007;27;lunes;agosto;2007;14305,50
28 AGO 2007;28;martes;agosto;2007;14124,80
29 AGO 2007;29;miércoles;agosto;2007;14183,60
30 AGO 2007;30;jueves;agosto;2007;14313,40
31 AGO 2007;31;viernes;agosto;2007;14479,80
03 SEP 2007;3;lunes;septiembre;2007;14546,90
04 SEP 2007;4;martes;septiembre;2007;14590,10
05 SEP 2007;5;miércoles;septiembre;2007;14240,10
06 SEP 2007;6;jueves;septiembre;2007;14198,40
07 SEP 2007;7;viernes;septiembre;2007;13873,40
10 SEP 2007;10;lunes;septiembre;2007;13726,30
11 SEP 2007;11;martes;septiembre;2007;13965,50
12 SEP 2007;12;miércoles;septiembre;2007;13980,40
13 SEP 2007;13;jueves;septiembre;2007;14077,80
14 SEP 2007;14;viernes;septiembre;2007;13861,00
17 SEP 2007;17;lunes;septiembre;2007;13696,90
18 SEP 2007;18;martes;septiembre;2007;14042,00
19 SEP 2007;19;miércoles;septiembre;2007;14494,80
20 SEP 2007;20;jueves;septiembre;2007;14427,10
21 SEP 2007;21;viernes;septiembre;2007;14450,60
24 SEP 2007;24;lunes;septiembre;2007;14494,70
25 SEP 2007;25;martes;septiembre;2007;14311,90
26 SEP 2007;26;miércoles;septiembre;2007;14513,70
27 SEP 2007;27;jueves;septiembre;2007;14581,60
28 SEP 2007;28;viernes;septiembre;2007;14576,50
01 OCT 2007;1;lunes;octubre;2007;14603,00
02 OCT 2007;2;martes;octubre;2007;14790,00
03 OCT 2007;3;miércoles;octubre;2007;14783,80
04 OCT 2007;4;jueves;octubre;2007;14718,00
05 OCT 2007;5;viernes;octubre;2007;14892,10
08 OCT 2007;8;lunes;octubre;2007;14809,00
09 OCT 2007;9;martes;octubre;2007;14862,70
10 OCT 2007;10;miércoles;octubre;2007;14863,80
11 OCT 2007;11;jueves;octubre;2007;15100,00
12 OCT 2007;12;viernes;octubre;2007;15261,30
15 OCT 2007;15;lunes;octubre;2007;15187,50
16 OCT 2007;16;martes;octubre;2007;15279,70
17 OCT 2007;17;miércoles;octubre;2007;15430,50
18 OCT 2007;18;jueves;octubre;2007;15507,10
19 OCT 2007;19;viernes;octubre;2007;15529,70
22 OCT 2007;22;lunes;octubre;2007;15327,80
23 OCT 2007;23;martes;octubre;2007;15429,60
24 OCT 2007;24;miércoles;octubre;2007;15231,30
25 OCT 2007;25;jueves;octubre;2007;15386,00
26 OCT 2007;26;viernes;octubre;2007;15603,90
29 OCT 2007;29;lunes;octubre;2007;15738,10
30 OCT 2007;30;martes;octubre;2007;15782,50
31 OCT 2007;31;miércoles;octubre;2007;15890,50
01 NOV 2007;1;jueves;noviembre;2007;15759,60
02 NOV 2007;2;viernes;noviembre;2007;15823,70
05 NOV 2007;5;lunes;noviembre;2007;15825,90
06 NOV 2007;6;martes;noviembre;2007;15895,40
07 NOV 2007;7;miércoles;noviembre;2007;15841,90
08 NOV 2007;8;jueves;noviembre;2007;15945,70
09 NOV 2007;9;viernes;noviembre;2007;15731,20
12 NOV 2007;12;lunes;noviembre;2007;15774,70
13 NOV 2007;13;martes;noviembre;2007;15814,80
14 NOV 2007;14;miércoles;noviembre;2007;15808,90
15 NOV 2007;15;jueves;noviembre;2007;15725,80
16 NOV 2007;16;viernes;noviembre;2007;15769,00
19 NOV 2007;19;lunes;noviembre;2007;15539,30
20 NOV 2007;20;martes;noviembre;2007;15700,00
21 NOV 2007;21;miércoles;noviembre;2007;15364,50
22 NOV 2007;22;jueves;noviembre;2007;15317,10
23 NOV 2007;23;viernes;noviembre;2007;15392,20
26 NOV 2007;26;lunes;noviembre;2007;15330,20
27 NOV 2007;27;martes;noviembre;2007;15315,60
28 NOV 2007;28;miércoles;noviembre;2007;15566,50
29 NOV 2007;29;jueves;noviembre;2007;15656,60
30 NOV 2007;30;viernes;noviembre;2007;15759,90
03 DIC 2007;3;lunes;diciembre;2007;15735,00
04 DIC 2007;4;martes;diciembre;2007;15708,20
05 DIC 2007;5;miércoles;diciembre;2007;15802,20
06 DIC 2007;6;jueves;diciembre;2007;15695,90
07 DIC 2007;7;viernes;diciembre;2007;15819,60
10 DIC 2007;10;lunes;diciembre;2007;15832,70
11 DIC 2007;11;martes;diciembre;2007;15890,50
12 DIC 2007;12;miércoles;diciembre;2007;15860,00
13 DIC 2007;13;jueves;diciembre;2007;15499,20
14 DIC 2007;14;viernes;diciembre;2007;15575,70
17 DIC 2007;17;lunes;diciembre;2007;15318,50
18 DIC 2007;18;martes;diciembre;2007;15282,10
19 DIC 2007;19;miércoles;diciembre;2007;15177,10
20 DIC 2007;20;jueves;diciembre;2007;15140,20
21 DIC 2007;21;viernes;diciembre;2007;15289,30
24 DIC 2007;24;lunes;diciembre;2007;-
25 DIC 2007;25;martes;diciembre;2007;-
26 DIC 2007;26;miércoles;diciembre;2007;-
27 DIC 2007;27;jueves;diciembre;2007;15256,20
28 DIC 2007;28;viernes;diciembre;2007;15182,30
31 DIC 2007;31;lunes;diciembre;2007;-
01 ENE 2008;1;martes;enero;2008;-
02 ENE 2008;2;miércoles;enero;2008;15002,50
03 ENE 2008;3;jueves;enero;2008;14856,50
04 ENE 2008;4;viernes;enero;2008;14602,30
07 ENE 2008;7;lunes;enero;2008;14667,00
08 ENE 2008;8;martes;enero;2008;14670,50
09 ENE 2008;9;miércoles;enero;2008;14603,50
10 ENE 2008;10;jueves;enero;2008;14524,00
11 ENE 2008;11;viernes;enero;2008;14458,00
14 ENE 2008;14;lunes;enero;2008;14431,90
15 ENE 2008;15;martes;enero;2008;13945,20
16 ENE 2008;16;miércoles;enero;2008;13817,10
17 ENE 2008;17;jueves;enero;2008;13775,60
18 ENE 2008;18;viernes;enero;2008;13655,40
21 ENE 2008;21;lunes;enero;2008;12625,80
22 ENE 2008;22;martes;enero;2008;12839,70
23 ENE 2008;23;miércoles;enero;2008;12254,60
24 ENE 2008;24;jueves;enero;2008;13106,70
25 ENE 2008;25;viernes;enero;2008;13141,10
28 ENE 2008;28;lunes;enero;2008;13026,70
29 ENE 2008;29;martes;enero;2008;13246,60
30 ENE 2008;30;miércoles;enero;2008;13217,10
31 ENE 2008;31;jueves;enero;2008;13229,00
01 FEB 2008;1;viernes;febrero;2008;13494,70
04 FEB 2008;4;lunes;febrero;2008;13515,70
05 FEB 2008;5;martes;febrero;2008;12814,70
06 FEB 2008;6;miércoles;febrero;2008;13037,30
07 FEB 2008;7;jueves;febrero;2008;12889,50
08 FEB 2008;8;viernes;febrero;2008;12934,80
11 FEB 2008;11;lunes;febrero;2008;12818,80
12 FEB 2008;12;martes;febrero;2008;13254,70
13 FEB 2008;13;miércoles;febrero;2008;13266,70
14 FEB 2008;14;jueves;febrero;2008;13313,20
15 FEB 2008;15;viernes;febrero;2008;13073,90
18 FEB 2008;18;lunes;febrero;2008;13312,20
19 FEB 2008;19;martes;febrero;2008;13269,70
20 FEB 2008;20;miércoles;febrero;2008;13080,40
21 FEB 2008;21;jueves;febrero;2008;13173,00
22 FEB 2008;22;viernes;febrero;2008;13017,50
25 FEB 2008;25;lunes;febrero;2008;13156,60
26 FEB 2008;26;martes;febrero;2008;13436,60
27 FEB 2008;27;miércoles;febrero;2008;13454,30
28 FEB 2008;28;jueves;febrero;2008;13272,10
29 FEB 2008;29;viernes;febrero;2008;13170,40
03 MAR 2008;3;lunes;marzo;2008;12862,50
04 MAR 2008;4;martes;marzo;2008;12630,10
05 MAR 2008;5;miércoles;marzo;2008;12948,10
06 MAR 2008;6;jueves;marzo;2008;12803,30
07 MAR 2008;7;viernes;marzo;2008;12691,30
10 MAR 2008;10;lunes;marzo;2008;12655,00
11 MAR 2008;11;martes;marzo;2008;13056,10
12 MAR 2008;12;miércoles;marzo;2008;13131,30
13 MAR 2008;13;jueves;marzo;2008;13073,20
14 MAR 2008;14;viernes;marzo;2008;13021,40
17 MAR 2008;17;lunes;marzo;2008;12656,00
18 MAR 2008;18;martes;marzo;2008;13030,50
19 MAR 2008;19;miércoles;marzo;2008;12964,70
20 MAR 2008;20;jueves;marzo;2008;12964,20
21 MAR 2008;21;viernes;marzo;2008;-
24 MAR 2008;24;lunes;marzo;2008;-
25 MAR 2008;25;martes;marzo;2008;13434,20
26 MAR 2008;26;miércoles;marzo;2008;13403,00
27 MAR 2008;27;jueves;marzo;2008;13537,90
28 MAR 2008;28;viernes;marzo;2008;13442,40
31 MAR 2008;31;lunes;marzo;2008;13269,00
01 ABR 2008;1;martes;abril;2008;13699,10
02 ABR 2008;2;miércoles;abril;2008;13838,70
03 ABR 2008;3;jueves;abril;2008;13738,90
04 ABR 2008;4;viernes;abril;2008;13846,40
07 ABR 2008;7;lunes;abril;2008;13919,60
08 ABR 2008;8;martes;abril;2008;13759,40
09 ABR 2008;9;miércoles;abril;2008;13599,00
10 ABR 2008;10;jueves;abril;2008;13507,90
11 ABR 2008;11;viernes;abril;2008;13278,30
14 ABR 2008;14;lunes;abril;2008;13160,30
15 ABR 2008;15;martes;abril;2008;13408,90
16 ABR 2008;16;miércoles;abril;2008;13637,60
17 ABR 2008;17;jueves;abril;2008;13568,70
18 ABR 2008;18;viernes;abril;2008;13924,90
21 ABR 2008;21;lunes;abril;2008;13728,90
22 ABR 2008;22;martes;abril;2008;13593,40
23 ABR 2008;23;miércoles;abril;2008;13663,00
24 ABR 2008;24;jueves;abril;2008;13669,20
25 ABR 2008;25;viernes;abril;2008;13772,80
28 ABR 2008;28;lunes;abril;2008;13877,80
29 ABR 2008;29;martes;abril;2008;13707,20
30 ABR 2008;30;miércoles;abril;2008;13798,30
01 MAY 2008;1;jueves;mayo;2008;-
02 MAY 2008;2;viernes;mayo;2008;14060,00
05 MAY 2008;5;lunes;mayo;2008;14074,00
06 MAY 2008;6;martes;mayo;2008;14005,80
07 MAY 2008;7;miércoles;mayo;2008;14026,80
08 MAY 2008;8;jueves;mayo;2008;14074,00
09 MAY 2008;9;viernes;mayo;2008;13945,10
12 MAY 2008;12;lunes;mayo;2008;14053,90
13 MAY 2008;13;martes;mayo;2008;14016,40
14 MAY 2008;14;miércoles;mayo;2008;14187,20
15 MAY 2008;15;jueves;mayo;2008;14186,40
16 MAY 2008;16;viernes;mayo;2008;14124,80
19 MAY 2008;19;lunes;mayo;2008;14247,60
20 MAY 2008;20;martes;mayo;2008;13992,10
21 MAY 2008;21;miércoles;mayo;2008;13857,20
22 MAY 2008;22;jueves;mayo;2008;13852,00
23 MAY 2008;23;viernes;mayo;2008;13577,60
26 MAY 2008;26;lunes;mayo;2008;13583,70
27 MAY 2008;27;martes;mayo;2008;13451,40
28 MAY 2008;28;miércoles;mayo;2008;13499,20
29 MAY 2008;29;jueves;mayo;2008;13539,50
30 MAY 2008;30;viernes;mayo;2008;13600,90
02 JUN 2008;2;lunes;junio;2008;13300,00
03 JUN 2008;3;martes;junio;2008;13431,70
04 JUN 2008;4;miércoles;junio;2008;13341,20
05 JUN 2008;5;jueves;junio;2008;13239,30
06 JUN 2008;6;viernes;junio;2008;12909,80
09 JUN 2008;9;lunes;junio;2008;12823,90
10 JUN 2008;10;martes;junio;2008;12755,20
11 JUN 2008;11;miércoles;junio;2008;12584,30
12 JUN 2008;12;jueves;junio;2008;12853,30
13 JUN 2008;13;viernes;junio;2008;12998,70
16 JUN 2008;16;lunes;junio;2008;12826,60
17 JUN 2008;17;martes;junio;2008;12885,10
18 JUN 2008;18;miércoles;junio;2008;12631,50
19 JUN 2008;19;jueves;junio;2008;12585,00
20 JUN 2008;20;viernes;junio;2008;12412,50
23 JUN 2008;23;lunes;junio;2008;12403,40
24 JUN 2008;24;martes;junio;2008;12205,60
25 JUN 2008;25;miércoles;junio;2008;12446,10
26 JUN 2008;26;jueves;junio;2008;12077,70
27 JUN 2008;27;viernes;junio;2008;12089,80
30 JUN 2008;30;lunes;junio;2008;12046,20
01 JUL 2008;1;martes;julio;2008;11770,90
02 JUL 2008;2;miércoles;julio;2008;11856,90
03 JUL 2008;3;jueves;julio;2008;11980,10
04 JUL 2008;4;viernes;julio;2008;11765,90
07 JUL 2008;7;lunes;julio;2008;11982,20
08 JUL 2008;8;martes;julio;2008;11794,70
09 JUL 2008;9;miércoles;julio;2008;11999,80
10 JUL 2008;10;jueves;julio;2008;11739,50
11 JUL 2008;11;viernes;julio;2008;11383,50
14 JUL 2008;14;lunes;julio;2008;11443,00
15 JUL 2008;15;martes;julio;2008;11151,60
16 JUL 2008;16;miércoles;julio;2008;11287,70
17 JUL 2008;17;jueves;julio;2008;11642,10
18 JUL 2008;18;viernes;julio;2008;11895,30
21 JUL 2008;21;lunes;julio;2008;11784,60
22 JUL 2008;22;martes;julio;2008;11610,10
23 JUL 2008;23;miércoles;julio;2008;11934,90
24 JUL 2008;24;jueves;julio;2008;11675,10
25 JUL 2008;25;viernes;julio;2008;11589,90
28 JUL 2008;28;lunes;julio;2008;11484,60
29 JUL 2008;29;martes;julio;2008;11683,80
30 JUL 2008;30;miércoles;julio;2008;11817,90
31 JUL 2008;31;jueves;julio;2008;11881,30
01 AGO 2008;1;viernes;agosto;2008;11569,50
04 AGO 2008;4;lunes;agosto;2008;11447,60
05 AGO 2008;5;martes;agosto;2008;11751,40
06 AGO 2008;6;miércoles;agosto;2008;11774,40
07 AGO 2008;7;jueves;agosto;2008;11717,50
08 AGO 2008;8;viernes;agosto;2008;11799,90
11 AGO 2008;11;lunes;agosto;2008;12047,70
12 AGO 2008;12;martes;agosto;2008;11996,10
13 AGO 2008;13;miércoles;agosto;2008;11695,40
14 AGO 2008;14;jueves;agosto;2008;11606,80
15 AGO 2008;15;viernes;agosto;2008;11686,10
18 AGO 2008;18;lunes;agosto;2008;11677,50
19 AGO 2008;19;martes;agosto;2008;11335,30
20 AGO 2008;20;miércoles;agosto;2008;11379,90
21 AGO 2008;21;jueves;agosto;2008;11217,40
22 AGO 2008;22;viernes;agosto;2008;11497,30
25 AGO 2008;25;lunes;agosto;2008;11327,10
26 AGO 2008;26;martes;agosto;2008;11419,90
27 AGO 2008;27;miércoles;agosto;2008;11479,60
28 AGO 2008;28;jueves;agosto;2008;11662,60
29 AGO 2008;29;viernes;agosto;2008;11707,30
01 SEP 2008;1;lunes;septiembre;2008;11693,80
02 SEP 2008;2;martes;septiembre;2008;11903,90
03 SEP 2008;3;miércoles;septiembre;2008;11849,10
04 SEP 2008;4;jueves;septiembre;2008;11480,10
05 SEP 2008;5;viernes;septiembre;2008;11139,70
08 SEP 2008;8;lunes;septiembre;2008;11554,20
09 SEP 2008;9;martes;septiembre;2008;11350,00
10 SEP 2008;10;miércoles;septiembre;2008;11180,80
11 SEP 2008;11;jueves;septiembre;2008;11136,50
12 SEP 2008;12;viernes;septiembre;2008;11412,00
15 SEP 2008;15;lunes;septiembre;2008;10899,00
16 SEP 2008;16;martes;septiembre;2008;10911,50
17 SEP 2008;17;miércoles;septiembre;2008;10661,40
18 SEP 2008;18;jueves;septiembre;2008;10631,60
19 SEP 2008;19;viernes;septiembre;2008;11557,90
22 SEP 2008;22;lunes;septiembre;2008;11328,50
23 SEP 2008;23;martes;septiembre;2008;11176,50
24 SEP 2008;24;miércoles;septiembre;2008;11112,90
25 SEP 2008;25;jueves;septiembre;2008;11438,60
26 SEP 2008;26;viernes;septiembre;2008;11387,90
29 SEP 2008;29;lunes;septiembre;2008;10945,70
30 SEP 2008;30;martes;septiembre;2008;10987,50
01 OCT 2008;1;miércoles;octubre;2008;11182,50
02 OCT 2008;2;jueves;octubre;2008;11002,30
03 OCT 2008;3;viernes;octubre;2008;11418,50
06 OCT 2008;6;lunes;octubre;2008;10726,00
07 OCT 2008;7;martes;octubre;2008;10862,00
08 OCT 2008;8;miércoles;octubre;2008;10297,60
09 OCT 2008;9;jueves;octubre;2008;9902,90
10 OCT 2008;10;viernes;octubre;2008;8997,70
13 OCT 2008;13;lunes;octubre;2008;9955,70
14 OCT 2008;14;martes;octubre;2008;10224,50
15 OCT 2008;15;miércoles;octubre;2008;9706,80
16 OCT 2008;16;jueves;octubre;2008;9308,20
17 OCT 2008;17;viernes;octubre;2008;9655,20
20 OCT 2008;20;lunes;octubre;2008;9944,30
21 OCT 2008;21;martes;octubre;2008;9795,00
22 OCT 2008;22;miércoles;octubre;2008;8995,30
23 OCT 2008;23;jueves;octubre;2008;8811,20
24 OCT 2008;24;viernes;octubre;2008;8353,20
27 OCT 2008;27;lunes;octubre;2008;8009,90
28 OCT 2008;28;martes;octubre;2008;7905,40
29 OCT 2008;29;miércoles;octubre;2008;8650,10
30 OCT 2008;30;jueves;octubre;2008;8822,90
31 OCT 2008;31;viernes;octubre;2008;9116,00
03 NOV 2008;3;lunes;noviembre;2008;9231,80
04 NOV 2008;4;martes;noviembre;2008;9726,80
05 NOV 2008;5;miércoles;noviembre;2008;9744,70
06 NOV 2008;6;jueves;noviembre;2008;9133,90
07 NOV 2008;7;viernes;noviembre;2008;9343,50
10 NOV 2008;10;lunes;noviembre;2008;9293,80
11 NOV 2008;11;martes;noviembre;2008;8911,90
12 NOV 2008;12;miércoles;noviembre;2008;8646,80
13 NOV 2008;13;jueves;noviembre;2008;8740,60
14 NOV 2008;14;viernes;noviembre;2008;8832,20
17 NOV 2008;17;lunes;noviembre;2008;8498,80
18 NOV 2008;18;martes;noviembre;2008;8530,80
19 NOV 2008;19;miércoles;noviembre;2008;8211,50
20 NOV 2008;20;jueves;noviembre;2008;7988,40
21 NOV 2008;21;viernes;noviembre;2008;7974,40
24 NOV 2008;24;lunes;noviembre;2008;8622,60
25 NOV 2008;25;martes;noviembre;2008;8696,60
26 NOV 2008;26;miércoles;noviembre;2008;8654,10
27 NOV 2008;27;jueves;noviembre;2008;8849,30
28 NOV 2008;28;viernes;noviembre;2008;8910,60
01 DIC 2008;1;lunes;diciembre;2008;8510,50
02 DIC 2008;2;martes;diciembre;2008;8834,70
03 DIC 2008;3;miércoles;diciembre;2008;8879,90
04 DIC 2008;4;jueves;diciembre;2008;8836,10
05 DIC 2008;5;viernes;diciembre;2008;8491,20
08 DIC 2008;8;lunes;diciembre;2008;9036,50
09 DIC 2008;9;martes;diciembre;2008;9063,10
10 DIC 2008;10;miércoles;diciembre;2008;9152,40
11 DIC 2008;11;jueves;diciembre;2008;9182,60
12 DIC 2008;12;viernes;diciembre;2008;8975,50
15 DIC 2008;15;lunes;diciembre;2008;9023,90
16 DIC 2008;16;martes;diciembre;2008;9167,70
17 DIC 2008;17;miércoles;diciembre;2008;9196,90
18 DIC 2008;18;jueves;diciembre;2008;9257,80
19 DIC 2008;19;viernes;diciembre;2008;9268,40
22 DIC 2008;22;lunes;diciembre;2008;9098,90
23 DIC 2008;23;martes;diciembre;2008;9068,50
24 DIC 2008;24;miércoles;diciembre;2008;-
25 DIC 2008;25;jueves;diciembre;2008;-
26 DIC 2008;26;viernes;diciembre;2008;-
29 DIC 2008;29;lunes;diciembre;2008;9017,70
30 DIC 2008;30;martes;diciembre;2008;9195,80
31 DIC 2008;31;miércoles;diciembre;2008;-
01 ENE 2009;1;jueves;enero;2009;-
02 ENE 2009;2;viernes;enero;2009;9486,30
05 ENE 2009;5;lunes;enero;2009;9644,10
06 ENE 2009;6;martes;enero;2009;9724,00
07 ENE 2009;7;miércoles;enero;2009;9570,00
08 ENE 2009;8;jueves;enero;2009;9469,50
09 ENE 2009;9;viernes;enero;2009;9378,50
12 ENE 2009;12;lunes;enero;2009;9199,90
13 ENE 2009;13;martes;enero;2009;9057,30
14 ENE 2009;14;miércoles;enero;2009;8692,70
15 ENE 2009;15;jueves;enero;2009;8611,10
16 ENE 2009;16;viernes;enero;2009;8620,10
19 ENE 2009;19;lunes;enero;2009;8494,80
20 ENE 2009;20;martes;enero;2009;8276,50
21 ENE 2009;21;miércoles;enero;2009;8230,70
22 ENE 2009;22;jueves;enero;2009;8159,30
23 ENE 2009;23;viernes;enero;2009;8172,80
26 ENE 2009;26;lunes;enero;2009;8375,20
27 ENE 2009;27;martes;enero;2009;8349,50
28 ENE 2009;28;miércoles;enero;2009;8701,50
29 ENE 2009;29;jueves;enero;2009;8477,40
30 ENE 2009;30;viernes;enero;2009;8450,40
02 FEB 2009;2;lunes;febrero;2009;8233,40
03 FEB 2009;3;martes;febrero;2009;8361,90
04 FEB 2009;4;miércoles;febrero;2009;8495,40
05 FEB 2009;5;jueves;febrero;2009;8440,20
06 FEB 2009;6;viernes;febrero;2009;8544,70
09 FEB 2009;9;lunes;febrero;2009;8584,80
10 FEB 2009;10;martes;febrero;2009;8397,30
11 FEB 2009;11;miércoles;febrero;2009;8355,80
12 FEB 2009;12;jueves;febrero;2009;8200,90
13 FEB 2009;13;viernes;febrero;2009;8265,50
16 FEB 2009;16;lunes;febrero;2009;8075,00
17 FEB 2009;17;martes;febrero;2009;7843,20
18 FEB 2009;18;miércoles;febrero;2009;7861,40
19 FEB 2009;19;jueves;febrero;2009;7875,90
20 FEB 2009;20;viernes;febrero;2009;7603,60
23 FEB 2009;23;lunes;febrero;2009;7540,40
24 FEB 2009;24;martes;febrero;2009;7483,40
25 FEB 2009;25;miércoles;febrero;2009;7512,10
26 FEB 2009;26;jueves;febrero;2009;7811,70
27 FEB 2009;27;viernes;febrero;2009;7620,90
02 MAR 2009;2;lunes;marzo;2009;7270,50
03 MAR 2009;3;martes;marzo;2009;7219,40
04 MAR 2009;4;miércoles;marzo;2009;7357,50
05 MAR 2009;5;jueves;marzo;2009;7025,90
06 MAR 2009;6;viernes;marzo;2009;6936,90
09 MAR 2009;9;lunes;marzo;2009;6817,40
10 MAR 2009;10;martes;marzo;2009;7153,30
11 MAR 2009;11;miércoles;marzo;2009;7204,70
12 MAR 2009;12;jueves;marzo;2009;7340,50
13 MAR 2009;13;viernes;marzo;2009;7427,80
16 MAR 2009;16;lunes;marzo;2009;7636,90
17 MAR 2009;17;martes;marzo;2009;7645,30
18 MAR 2009;18;miércoles;marzo;2009;7661,60
19 MAR 2009;19;jueves;marzo;2009;7701,60
20 MAR 2009;20;viernes;marzo;2009;7710,00
23 MAR 2009;23;lunes;marzo;2009;7952,30
24 MAR 2009;24;martes;marzo;2009;7989,50
25 MAR 2009;25;miércoles;marzo;2009;8072,40
26 MAR 2009;26;jueves;marzo;2009;8076,20
27 MAR 2009;27;viernes;marzo;2009;7927,60
30 MAR 2009;30;lunes;marzo;2009;7601,10
31 MAR 2009;31;martes;marzo;2009;7815,00
01 ABR 2009;1;miércoles;abril;2009;7961,00
02 ABR 2009;2;jueves;abril;2009;8334,70
03 ABR 2009;3;viernes;abril;2009;8319,90
06 ABR 2009;6;lunes;abril;2009;8321,10
07 ABR 2009;7;martes;abril;2009;8346,00
08 ABR 2009;8;miércoles;abril;2009;8404,70
09 ABR 2009;9;jueves;abril;2009;8704,80
10 ABR 2009;10;viernes;abril;2009;-
13 ABR 2009;13;lunes;abril;2009;-
14 ABR 2009;14;martes;abril;2009;8834,80
15 ABR 2009;15;miércoles;abril;2009;8711,90
16 ABR 2009;16;jueves;abril;2009;8874,50
17 ABR 2009;17;viernes;abril;2009;9030,90
20 ABR 2009;20;lunes;abril;2009;8718,20
21 ABR 2009;21;martes;abril;2009;8615,80
22 ABR 2009;22;miércoles;abril;2009;8834,10
23 ABR 2009;23;jueves;abril;2009;8769,20
24 ABR 2009;24;viernes;abril;2009;8888,20
27 ABR 2009;27;lunes;abril;2009;8777,00
28 ABR 2009;28;martes;abril;2009;8656,30
29 ABR 2009;29;miércoles;abril;2009;8891,30
30 ABR 2009;30;jueves;abril;2009;9038,00
01 MAY 2009;1;viernes;mayo;2009;-
04 MAY 2009;4;lunes;mayo;2009;9074,70
05 MAY 2009;5;martes;mayo;2009;9136,70
06 MAY 2009;6;miércoles;mayo;2009;9229,00
07 MAY 2009;7;jueves;mayo;2009;9228,90
08 MAY 2009;8;viernes;mayo;2009;9408,10
11 MAY 2009;11;lunes;mayo;2009;9316,80
12 MAY 2009;12;martes;mayo;2009;9269,00
13 MAY 2009;13;miércoles;mayo;2009;9000,60
14 MAY 2009;14;jueves;mayo;2009;8984,20
15 MAY 2009;15;viernes;mayo;2009;8978,60
18 MAY 2009;18;lunes;mayo;2009;9159,30
19 MAY 2009;19;martes;mayo;2009;9341,60
20 MAY 2009;20;miércoles;mayo;2009;9389,40
21 MAY 2009;21;jueves;mayo;2009;9225,30
22 MAY 2009;22;viernes;mayo;2009;9308,60
25 MAY 2009;25;lunes;mayo;2009;9347,40
26 MAY 2009;26;martes;mayo;2009;9405,70
27 MAY 2009;27;miércoles;mayo;2009;9510,80
28 MAY 2009;28;jueves;mayo;2009;9435,50
29 MAY 2009;29;viernes;mayo;2009;9424,30
01 JUN 2009;1;lunes;junio;2009;9630,90
02 JUN 2009;2;martes;junio;2009;9664,80
03 JUN 2009;3;miércoles;junio;2009;9464,80
04 JUN 2009;4;jueves;junio;2009;9454,60
05 JUN 2009;5;viernes;junio;2009;9519,00
08 JUN 2009;8;lunes;junio;2009;9396,20
09 JUN 2009;9;martes;junio;2009;9497,70
10 JUN 2009;10;miércoles;junio;2009;9627,60
11 JUN 2009;11;jueves;junio;2009;9708,40
12 JUN 2009;12;viernes;junio;2009;9714,40
15 JUN 2009;15;lunes;junio;2009;9518,70
16 JUN 2009;16;martes;junio;2009;9497,90
17 JUN 2009;17;miércoles;junio;2009;9283,20
18 JUN 2009;18;jueves;junio;2009;9384,00
19 JUN 2009;19;viernes;junio;2009;9580,90
22 JUN 2009;22;lunes;junio;2009;9338,50
23 JUN 2009;23;martes;junio;2009;9348,70
24 JUN 2009;24;miércoles;junio;2009;9617,60
25 JUN 2009;25;jueves;junio;2009;9667,20
26 JUN 2009;26;viernes;junio;2009;9686,90
29 JUN 2009;29;lunes;junio;2009;9845,70
30 JUN 2009;30;martes;junio;2009;9787,80
01 JUL 2009;1;miércoles;julio;2009;9903,70
02 JUL 2009;2;jueves;julio;2009;9643,50
03 JUL 2009;3;viernes;julio;2009;9707,80
06 JUL 2009;6;lunes;julio;2009;9569,00
07 JUL 2009;7;martes;julio;2009;9520,00
08 JUL 2009;8;miércoles;julio;2009;9360,60
09 JUL 2009;9;jueves;julio;2009;9443,10
10 JUL 2009;10;viernes;julio;2009;9344,90
13 JUL 2009;13;lunes;julio;2009;9567,40
14 JUL 2009;14;martes;julio;2009;9634,00
15 JUL 2009;15;miércoles;julio;2009;9905,30
16 JUL 2009;16;jueves;julio;2009;9997,60
17 JUL 2009;17;viernes;julio;2009;10041,90
20 JUL 2009;20;lunes;julio;2009;10142,80
21 JUL 2009;21;martes;julio;2009;10122,20
22 JUL 2009;22;miércoles;julio;2009;10153,40
23 JUL 2009;23;jueves;julio;2009;10369,80
24 JUL 2009;24;viernes;julio;2009;10438,60
27 JUL 2009;27;lunes;julio;2009;10591,70
28 JUL 2009;28;martes;julio;2009;10664,00
29 JUL 2009;29;miércoles;julio;2009;10661,60
30 JUL 2009;30;jueves;julio;2009;10874,40
31 JUL 2009;31;viernes;julio;2009;10855,10
03 AGO 2009;3;lunes;agosto;2009;10901,00
04 AGO 2009;4;martes;agosto;2009;10876,80
05 AGO 2009;5;miércoles;agosto;2009;10704,40
06 AGO 2009;6;jueves;agosto;2009;10776,00
07 AGO 2009;7;viernes;agosto;2009;10947,60
10 AGO 2009;10;lunes;agosto;2009;10923,00
11 AGO 2009;11;martes;agosto;2009;10831,90
12 AGO 2009;12;miércoles;agosto;2009;10933,80
13 AGO 2009;13;jueves;agosto;2009;11046,80
14 AGO 2009;14;viernes;agosto;2009;10901,90
17 AGO 2009;17;lunes;agosto;2009;10598,50
18 AGO 2009;18;martes;agosto;2009;10708,30
19 AGO 2009;19;miércoles;agosto;2009;10695,50
20 AGO 2009;20;jueves;agosto;2009;10892,50
21 AGO 2009;21;viernes;agosto;2009;11161,00
24 AGO 2009;24;lunes;agosto;2009;11303,80
25 AGO 2009;25;martes;agosto;2009;11427,80
26 AGO 2009;26;miércoles;agosto;2009;11376,40
27 AGO 2009;27;jueves;agosto;2009;11356,90
28 AGO 2009;28;viernes;agosto;2009;11442,70
31 AGO 2009;31;lunes;agosto;2009;11365,10
01 SEP 2009;1;martes;septiembre;2009;11173,00
02 SEP 2009;2;miércoles;septiembre;2009;10999,70
03 SEP 2009;3;jueves;septiembre;2009;11018,10
04 SEP 2009;4;viernes;septiembre;2009;11222,70
07 SEP 2009;7;lunes;septiembre;2009;11388,60
08 SEP 2009;8;martes;septiembre;2009;11366,60
09 SEP 2009;9;miércoles;septiembre;2009;11462,00
10 SEP 2009;10;jueves;septiembre;2009;11340,80
11 SEP 2009;11;viernes;septiembre;2009;11452,60
14 SEP 2009;14;lunes;septiembre;2009;11492,60
15 SEP 2009;15;martes;septiembre;2009;11593,30
16 SEP 2009;16;miércoles;septiembre;2009;11746,90
17 SEP 2009;17;jueves;septiembre;2009;11771,00
18 SEP 2009;18;viernes;septiembre;2009;11777,30
21 SEP 2009;21;lunes;septiembre;2009;11727,40
22 SEP 2009;22;martes;septiembre;2009;11816,70
23 SEP 2009;23;miércoles;septiembre;2009;11853,30
24 SEP 2009;24;jueves;septiembre;2009;11695,90
25 SEP 2009;25;viernes;septiembre;2009;11643,80
28 SEP 2009;28;lunes;septiembre;2009;11891,20
29 SEP 2009;29;martes;septiembre;2009;11853,70
30 SEP 2009;30;miércoles;septiembre;2009;11756,10
01 OCT 2009;1;jueves;octubre;2009;11518,20
02 OCT 2009;2;viernes;octubre;2009;11326,70
05 OCT 2009;5;lunes;octubre;2009;11557,00
06 OCT 2009;6;martes;octubre;2009;11817,10
07 OCT 2009;7;miércoles;octubre;2009;11721,40
08 OCT 2009;8;jueves;octubre;2009;11814,30
09 OCT 2009;9;viernes;octubre;2009;11743,20
12 OCT 2009;12;lunes;octubre;2009;11748,80
13 OCT 2009;13;martes;octubre;2009;11608,30
14 OCT 2009;14;miércoles;octubre;2009;11870,90
15 OCT 2009;15;jueves;octubre;2009;11849,70
16 OCT 2009;16;viernes;octubre;2009;11676,40
19 OCT 2009;19;lunes;octubre;2009;11885,30
20 OCT 2009;20;martes;octubre;2009;11790,20
21 OCT 2009;21;miércoles;octubre;2009;11875,20
22 OCT 2009;22;jueves;octubre;2009;11828,60
23 OCT 2009;23;viernes;octubre;2009;11739,80
26 OCT 2009;26;lunes;octubre;2009;11622,60
27 OCT 2009;27;martes;octubre;2009;11634,00
28 OCT 2009;28;miércoles;octubre;2009;11429,80
29 OCT 2009;29;jueves;octubre;2009;11683,40
30 OCT 2009;30;viernes;octubre;2009;11414,80
02 NOV 2009;2;lunes;noviembre;2009;11465,80
03 NOV 2009;3;martes;noviembre;2009;11242,40
04 NOV 2009;4;miércoles;noviembre;2009;11387,70
05 NOV 2009;5;jueves;noviembre;2009;11548,90
06 NOV 2009;6;viernes;noviembre;2009;11580,60
09 NOV 2009;9;lunes;noviembre;2009;11816,80
10 NOV 2009;10;martes;noviembre;2009;11814,00
11 NOV 2009;11;miércoles;noviembre;2009;11801,40
12 NOV 2009;12;jueves;noviembre;2009;11834,50
13 NOV 2009;13;viernes;noviembre;2009;11867,00
16 NOV 2009;16;lunes;noviembre;2009;11986,90
17 NOV 2009;17;martes;noviembre;2009;11959,40
18 NOV 2009;18;miércoles;noviembre;2009;12034,40
19 NOV 2009;19;jueves;noviembre;2009;11846,20
20 NOV 2009;20;viernes;noviembre;2009;11719,30
23 NOV 2009;23;lunes;noviembre;2009;11940,50
24 NOV 2009;24;martes;noviembre;2009;11905,20
25 NOV 2009;25;miércoles;noviembre;2009;11965,80
26 NOV 2009;26;jueves;noviembre;2009;11657,50
27 NOV 2009;27;viernes;noviembre;2009;11776,80
30 NOV 2009;30;lunes;noviembre;2009;11644,70
01 DIC 2009;1;martes;diciembre;2009;11862,10
02 DIC 2009;2;miércoles;diciembre;2009;11868,80
03 DIC 2009;3;jueves;diciembre;2009;11905,30
04 DIC 2009;4;viernes;diciembre;2009;12032,20
07 DIC 2009;7;lunes;diciembre;2009;12011,80
08 DIC 2009;8;martes;diciembre;2009;11808,90
09 DIC 2009;9;miércoles;diciembre;2009;11541,20
10 DIC 2009;10;jueves;diciembre;2009;11594,70
11 DIC 2009;11;viernes;diciembre;2009;11616,00
14 DIC 2009;14;lunes;diciembre;2009;11705,90
15 DIC 2009;15;martes;diciembre;2009;11735,50
16 DIC 2009;16;miércoles;diciembre;2009;11863,20
17 DIC 2009;17;jueves;diciembre;2009;11696,90
18 DIC 2009;18;viernes;diciembre;2009;11645,00
21 DIC 2009;21;lunes;diciembre;2009;11830,80
22 DIC 2009;22;martes;diciembre;2009;11890,80
23 DIC 2009;23;miércoles;diciembre;2009;11967,50
24 DIC 2009;24;jueves;diciembre;2009;-
25 DIC 2009;25;viernes;diciembre;2009;-
28 DIC 2009;28;lunes;diciembre;2009;12023,20
29 DIC 2009;29;martes;diciembre;2009;12035,10
30 DIC 2009;30;miércoles;diciembre;2009;11940,00
31 DIC 2009;31;jueves;diciembre;2009;-
01 ENE 2010;1;viernes;enero;2010;-
04 ENE 2010;4;lunes;enero;2010;12145,10
05 ENE 2010;5;martes;enero;2010;12204,40
06 ENE 2010;6;miércoles;enero;2010;12222,50
07 ENE 2010;7;jueves;enero;2010;12166,30
08 ENE 2010;8;viernes;enero;2010;12163,00
11 ENE 2010;11;lunes;enero;2010;12074,50
12 ENE 2010;12;martes;enero;2010;11966,10
13 ENE 2010;13;miércoles;enero;2010;11958,30
14 ENE 2010;14;jueves;enero;2010;11999,80
15 ENE 2010;15;viernes;enero;2010;11845,00
18 ENE 2010;18;lunes;enero;2010;11870,70
19 ENE 2010;19;martes;enero;2010;12022,60
20 ENE 2010;20;miércoles;enero;2010;11709,00
21 ENE 2010;21;jueves;enero;2010;11444,00
22 ENE 2010;22;viernes;enero;2010;11373,40
25 ENE 2010;25;lunes;enero;2010;11249,30
26 ENE 2010;26;martes;enero;2010;11347,30
27 ENE 2010;27;miércoles;enero;2010;11042,20
28 ENE 2010;28;jueves;enero;2010;10829,30
29 ENE 2010;29;viernes;enero;2010;10947,70
01 FEB 2010;1;lunes;febrero;2010;10995,20
02 FEB 2010;2;martes;febrero;2010;11140,90
03 FEB 2010;3;miércoles;febrero;2010;10888,40
04 FEB 2010;4;jueves;febrero;2010;10241,70
05 FEB 2010;5;viernes;febrero;2010;10103,30
08 FEB 2010;8;lunes;febrero;2010;10206,30
09 FEB 2010;9;martes;febrero;2010;10275,40
10 FEB 2010;10;miércoles;febrero;2010;10455,00
11 FEB 2010;11;jueves;febrero;2010;10281,70
12 FEB 2010;12;viernes;febrero;2010;10224,90
15 FEB 2010;15;lunes;febrero;2010;10293,60
16 FEB 2010;16;martes;febrero;2010;10393,90
17 FEB 2010;17;miércoles;febrero;2010;10498,60
18 FEB 2010;18;jueves;febrero;2010;10574,20
19 FEB 2010;19;viernes;febrero;2010;10676,70
22 FEB 2010;22;lunes;febrero;2010;10570,50
23 FEB 2010;23;martes;febrero;2010;10312,90
24 FEB 2010;24;miércoles;febrero;2010;10254,00
25 FEB 2010;25;jueves;febrero;2010;10126,20
26 FEB 2010;26;viernes;febrero;2010;10333,60
01 MAR 2010;1;lunes;marzo;2010;10434,90
02 MAR 2010;2;martes;marzo;2010;10521,50
03 MAR 2010;3;miércoles;marzo;2010;10664,50
04 MAR 2010;4;jueves;marzo;2010;10745,30
05 MAR 2010;5;viernes;marzo;2010;11019,80
08 MAR 2010;8;lunes;marzo;2010;11078,30
09 MAR 2010;9;martes;marzo;2010;11002,80
10 MAR 2010;10;miércoles;marzo;2010;11121,00
11 MAR 2010;11;jueves;marzo;2010;11045,40
12 MAR 2010;12;viernes;marzo;2010;11077,00
15 MAR 2010;15;lunes;marzo;2010;10957,80
16 MAR 2010;16;martes;marzo;2010;11059,30
17 MAR 2010;17;miércoles;marzo;2010;11166,80
18 MAR 2010;18;jueves;marzo;2010;11073,50
19 MAR 2010;19;viernes;marzo;2010;10990,80
22 MAR 2010;22;lunes;marzo;2010;10861,90
23 MAR 2010;23;martes;marzo;2010;10996,20
24 MAR 2010;24;miércoles;marzo;2010;10866,30
25 MAR 2010;25;jueves;marzo;2010;11091,40
26 MAR 2010;26;viernes;marzo;2010;11071,10
29 MAR 2010;29;lunes;marzo;2010;11091,00
30 MAR 2010;30;martes;marzo;2010;10980,70
31 MAR 2010;31;miércoles;marzo;2010;10871,30
01 ABR 2010;1;jueves;abril;2010;11067,90
02 ABR 2010;2;viernes;abril;2010;-
05 ABR 2010;5;lunes;abril;2010;-
06 ABR 2010;6;martes;abril;2010;11160,60
07 ABR 2010;7;miércoles;abril;2010;11191,30
08 ABR 2010;8;jueves;abril;2010;11076,30
09 ABR 2010;9;viernes;abril;2010;11394,20
12 ABR 2010;12;lunes;abril;2010;11460,80
13 ABR 2010;13;martes;abril;2010;11461,00
14 ABR 2010;14;miércoles;abril;2010;11503,70
15 ABR 2010;15;jueves;abril;2010;11523,50
16 ABR 2010;16;viernes;abril;2010;11259,70
19 ABR 2010;19;lunes;abril;2010;11199,50
20 ABR 2010;20;martes;abril;2010;11305,60
21 ABR 2010;21;miércoles;abril;2010;11064,70
22 ABR 2010;22;jueves;abril;2010;10821,90
23 ABR 2010;23;viernes;abril;2010;10918,20
26 ABR 2010;26;lunes;abril;2010;10939,30
27 ABR 2010;27;martes;abril;2010;10480,90
28 ABR 2010;28;miércoles;abril;2010;10167,00
29 ABR 2010;29;jueves;abril;2010;10441,00
30 ABR 2010;30;viernes;abril;2010;10492,20
03 MAY 2010;3;lunes;mayo;2010;10422,80
04 MAY 2010;4;martes;mayo;2010;9859,10
05 MAY 2010;5;miércoles;mayo;2010;9635,20
06 MAY 2010;6;jueves;mayo;2010;9352,60
07 MAY 2010;7;viernes;mayo;2010;9046,10
10 MAY 2010;10;lunes;mayo;2010;10351,90
11 MAY 2010;11;martes;mayo;2010;10008,60
12 MAY 2010;12;miércoles;mayo;2010;10089,80
13 MAY 2010;13;jueves;mayo;2010;9977,50
14 MAY 2010;14;viernes;mayo;2010;9314,70
17 MAY 2010;17;lunes;mayo;2010;9286,10
18 MAY 2010;18;martes;mayo;2010;9627,60
19 MAY 2010;19;miércoles;mayo;2010;9376,50
20 MAY 2010;20;jueves;mayo;2010;9270,50
21 MAY 2010;21;viernes;mayo;2010;9407,30
24 MAY 2010;24;lunes;mayo;2010;9287,90
25 MAY 2010;25;martes;mayo;2010;9004,40
26 MAY 2010;26;miércoles;mayo;2010;9042,60
27 MAY 2010;27;jueves;mayo;2010;9334,90
28 MAY 2010;28;viernes;mayo;2010;9425,50
31 MAY 2010;31;lunes;mayo;2010;9359,40
01 JUN 2010;1;martes;junio;2010;9299,70
02 JUN 2010;2;miércoles;junio;2010;9268,00
03 JUN 2010;3;jueves;junio;2010;9276,20
04 JUN 2010;4;viernes;junio;2010;8923,40
07 JUN 2010;7;lunes;junio;2010;8795,30
08 JUN 2010;8;martes;junio;2010;8669,80
09 JUN 2010;9;miércoles;junio;2010;8868,70
10 JUN 2010;10;jueves;junio;2010;9198,20
11 JUN 2010;11;viernes;junio;2010;9561,70
14 JUN 2010;14;lunes;junio;2010;9584,00
15 JUN 2010;15;martes;junio;2010;9742,00
16 JUN 2010;16;miércoles;junio;2010;9683,30
17 JUN 2010;17;jueves;junio;2010;9755,10
18 JUN 2010;18;viernes;junio;2010;9971,80
21 JUN 2010;21;lunes;junio;2010;10071,90
22 JUN 2010;22;martes;junio;2010;10016,10
23 JUN 2010;23;miércoles;junio;2010;9886,00
24 JUN 2010;24;jueves;junio;2010;9586,50
25 JUN 2010;25;viernes;junio;2010;9535,00
28 JUN 2010;28;lunes;junio;2010;9688,50
29 JUN 2010;29;martes;junio;2010;9160,40
30 JUN 2010;30;miércoles;junio;2010;9263,40
01 JUL 2010;1;jueves;julio;2010;9178,20
02 JUL 2010;2;viernes;julio;2010;9250,80
05 JUL 2010;5;lunes;julio;2010;9281,50
06 JUL 2010;6;martes;julio;2010;9615,00
07 JUL 2010;7;miércoles;julio;2010;9987,40
08 JUL 2010;8;jueves;julio;2010;10080,50
09 JUL 2010;9;viernes;julio;2010;10127,30
12 JUL 2010;12;lunes;julio;2010;10058,20
13 JUL 2010;13;martes;julio;2010;10259,50
14 JUL 2010;14;miércoles;julio;2010;10278,50
15 JUL 2010;15;jueves;julio;2010;10160,20
16 JUL 2010;16;viernes;julio;2010;9991,70
19 JUL 2010;19;lunes;julio;2010;9929,80
20 JUL 2010;20;martes;julio;2010;10061,30
21 JUL 2010;21;miércoles;julio;2010;10040,80
22 JUL 2010;22;jueves;julio;2010;10302,90
23 JUL 2010;23;viernes;julio;2010;10388,20
26 JUL 2010;26;lunes;julio;2010;10506,70
27 JUL 2010;27;martes;julio;2010;10645,00
28 JUL 2010;28;miércoles;julio;2010;10643,90
29 JUL 2010;29;jueves;julio;2010;10659,50
30 JUL 2010;30;viernes;julio;2010;10499,80
02 AGO 2010;2;lunes;agosto;2010;10835,40
03 AGO 2010;3;martes;agosto;2010;10871,40
04 AGO 2010;4;miércoles;agosto;2010;10843,30
05 AGO 2010;5;jueves;agosto;2010;10840,00
06 AGO 2010;6;viernes;agosto;2010;10651,10
09 AGO 2010;9;lunes;agosto;2010;10812,60
10 AGO 2010;10;martes;agosto;2010;10718,50
11 AGO 2010;11;miércoles;agosto;2010;10374,80
12 AGO 2010;12;jueves;agosto;2010;10342,40
13 AGO 2010;13;viernes;agosto;2010;10275,80
16 AGO 2010;16;lunes;agosto;2010;10258,30
17 AGO 2010;17;martes;agosto;2010;10369,50
18 AGO 2010;18;miércoles;agosto;2010;10391,00
19 AGO 2010;19;jueves;agosto;2010;10238,00
20 AGO 2010;20;viernes;agosto;2010;10094,30
23 AGO 2010;23;lunes;agosto;2010;10221,20
24 AGO 2010;24;martes;agosto;2010;10052,30
25 AGO 2010;25;miércoles;agosto;2010;9894,00
26 AGO 2010;26;jueves;agosto;2010;10004,40
27 AGO 2010;27;viernes;agosto;2010;10148,20
30 AGO 2010;30;lunes;agosto;2010;10136,00
31 AGO 2010;31;martes;agosto;2010;10187,00
01 SEP 2010;1;miércoles;septiembre;2010;10544,80
02 SEP 2010;2;jueves;septiembre;2010;10537,60
03 SEP 2010;3;viernes;septiembre;2010;10599,40
06 SEP 2010;6;lunes;septiembre;2010;10622,70
07 SEP 2010;7;martes;septiembre;2010;10479,10
08 SEP 2010;8;miércoles;septiembre;2010;10586,20
09 SEP 2010;9;jueves;septiembre;2010;10712,90
10 SEP 2010;10;viernes;septiembre;2010;10689,60
13 SEP 2010;13;lunes;septiembre;2010;10765,20
14 SEP 2010;14;martes;septiembre;2010;10806,60
15 SEP 2010;15;miércoles;septiembre;2010;10751,80
16 SEP 2010;16;jueves;septiembre;2010;10716,80
17 SEP 2010;17;viernes;septiembre;2010;10588,60
20 SEP 2010;20;lunes;septiembre;2010;10743,10
21 SEP 2010;21;martes;septiembre;2010;10762,50
22 SEP 2010;22;miércoles;septiembre;2010;10555,20
23 SEP 2010;23;jueves;septiembre;2010;10501,50
24 SEP 2010;24;viernes;septiembre;2010;10727,60
27 SEP 2010;27;lunes;septiembre;2010;10613,00
28 SEP 2010;28;martes;septiembre;2010;10590,70
29 SEP 2010;29;miércoles;septiembre;2010;10486,80
30 SEP 2010;30;jueves;septiembre;2010;10514,50
01 OCT 2010;1;viernes;octubre;2010;10450,10
04 OCT 2010;4;lunes;octubre;2010;10383,00
05 OCT 2010;5;martes;octubre;2010;10651,20
06 OCT 2010;6;miércoles;octubre;2010;10700,20
07 OCT 2010;7;jueves;octubre;2010;10740,30
08 OCT 2010;8;viernes;octubre;2010;10720,80
11 OCT 2010;11;lunes;octubre;2010;10700,80
12 OCT 2010;12;martes;octubre;2010;10648,20
13 OCT 2010;13;miércoles;octubre;2010;10866,10
14 OCT 2010;14;jueves;octubre;2010;10849,70
15 OCT 2010;15;viernes;octubre;2010;10868,20
18 OCT 2010;18;lunes;octubre;2010;10897,70
19 OCT 2010;19;martes;octubre;2010;10895,30
20 OCT 2010;20;miércoles;octubre;2010;10896,90
21 OCT 2010;21;jueves;octubre;2010;10892,30
22 OCT 2010;22;viernes;octubre;2010;10924,80
25 OCT 2010;25;lunes;octubre;2010;10870,30
26 OCT 2010;26;martes;octubre;2010;10797,80
27 OCT 2010;27;miércoles;octubre;2010;10700,10
28 OCT 2010;28;jueves;octubre;2010;10753,50
29 OCT 2010;29;viernes;octubre;2010;10812,90
01 NOV 2010;1;lunes;noviembre;2010;10649,50
02 NOV 2010;2;martes;noviembre;2010;10762,10
03 NOV 2010;3;miércoles;noviembre;2010;10569,50
04 NOV 2010;4;jueves;noviembre;2010;10602,80
05 NOV 2010;5;viernes;noviembre;2010;10428,10
08 NOV 2010;8;lunes;noviembre;2010;10291,80
09 NOV 2010;9;martes;noviembre;2010;10409,80
10 NOV 2010;10;miércoles;noviembre;2010;10235,40
11 NOV 2010;11;jueves;noviembre;2010;10149,50
12 NOV 2010;12;viernes;noviembre;2010;10226,80
15 NOV 2010;15;lunes;noviembre;2010;10349,70
16 NOV 2010;16;martes;noviembre;2010;10095,40
17 NOV 2010;17;miércoles;noviembre;2010;10189,30
18 NOV 2010;18;jueves;noviembre;2010;10325,30
19 NOV 2010;19;viernes;noviembre;2010;10271,70
22 NOV 2010;22;lunes;noviembre;2010;9996,40
23 NOV 2010;23;martes;noviembre;2010;9691,80
24 NOV 2010;24;miércoles;noviembre;2010;9742,60
25 NOV 2010;25;jueves;noviembre;2010;9721,80
26 NOV 2010;26;viernes;noviembre;2010;9547,20
29 NOV 2010;29;lunes;noviembre;2010;9324,70
30 NOV 2010;30;martes;noviembre;2010;9267,20
01 DIC 2010;1;miércoles;diciembre;2010;9678,40
02 DIC 2010;2;jueves;diciembre;2010;9947,60
03 DIC 2010;3;viernes;diciembre;2010;10014,80
06 DIC 2010;6;lunes;diciembre;2010;9889,90
07 DIC 2010;7;martes;diciembre;2010;9924,70
08 DIC 2010;8;miércoles;diciembre;2010;10078,40
09 DIC 2010;9;jueves;diciembre;2010;10185,50
10 DIC 2010;10;viernes;diciembre;2010;10121,90
13 DIC 2010;13;lunes;diciembre;2010;10151,20
14 DIC 2010;14;martes;diciembre;2010;10162,70
15 DIC 2010;15;miércoles;diciembre;2010;10009,80
16 DIC 2010;16;jueves;diciembre;2010;10010,30
17 DIC 2010;17;viernes;diciembre;2010;9898,10
20 DIC 2010;20;lunes;diciembre;2010;9996,10
21 DIC 2010;21;martes;diciembre;2010;10203,40
22 DIC 2010;22;miércoles;diciembre;2010;10183,50
23 DIC 2010;23;jueves;diciembre;2010;10106,90
24 DIC 2010;24;viernes;diciembre;2010;-
27 DIC 2010;27;lunes;diciembre;2010;9899,00
28 DIC 2010;28;martes;diciembre;2010;9903,50
29 DIC 2010;29;miércoles;diciembre;2010;9981,50
30 DIC 2010;30;jueves;diciembre;2010;9859,10
31 DIC 2010;31;viernes;diciembre;2010;-
03 ENE 2011;3;lunes;enero;2011;9888,30
04 ENE 2011;4;martes;enero;2011;9888,40
05 ENE 2011;5;miércoles;enero;2011;9801,40
06 ENE 2011;6;jueves;enero;2011;9702,70
07 ENE 2011;7;viernes;enero;2011;9560,70
10 ENE 2011;10;lunes;enero;2011;9437,80
11 ENE 2011;11;martes;enero;2011;9582,10
12 ENE 2011;12;miércoles;enero;2011;10101,20
13 ENE 2011;13;jueves;enero;2011;10370,80
14 ENE 2011;14;viernes;enero;2011;10385,10
17 ENE 2011;17;lunes;enero;2011;10280,00
18 ENE 2011;18;martes;enero;2011;10583,40
19 ENE 2011;19;miércoles;enero;2011;10556,50
20 ENE 2011;20;jueves;enero;2011;10636,90
21 ENE 2011;21;viernes;enero;2011;10829,10
24 ENE 2011;24;lunes;enero;2011;10815,40
25 ENE 2011;25;martes;enero;2011;10664,40
26 ENE 2011;26;miércoles;enero;2011;10670,70
27 ENE 2011;27;jueves;enero;2011;10828,70
28 ENE 2011;28;viernes;enero;2011;10747,00
31 ENE 2011;31;lunes;enero;2011;10806,00
01 FEB 2011;1;martes;febrero;2011;10967,90
02 FEB 2011;2;miércoles;febrero;2011;11010,20
03 FEB 2011;3;jueves;febrero;2011;10860,70
04 FEB 2011;4;viernes;febrero;2011;10854,70
07 FEB 2011;7;lunes;febrero;2011;10922,60
08 FEB 2011;8;martes;febrero;2011;10965,10
09 FEB 2011;9;miércoles;febrero;2011;10935,60
10 FEB 2011;10;jueves;febrero;2011;10791,90
11 FEB 2011;11;viernes;febrero;2011;10803,60
14 FEB 2011;14;lunes;febrero;2011;10774,70
15 FEB 2011;15;martes;febrero;2011;10826,20
16 FEB 2011;16;miércoles;febrero;2011;11047,80
17 FEB 2011;17;jueves;febrero;2011;11113,00
18 FEB 2011;18;viernes;febrero;2011;11068,10
21 FEB 2011;21;lunes;febrero;2011;10810,50
22 FEB 2011;22;martes;febrero;2011;10701,90
23 FEB 2011;23;miércoles;febrero;2011;10633,40
24 FEB 2011;24;jueves;febrero;2011;10647,60
25 FEB 2011;25;viernes;febrero;2011;10822,70
28 FEB 2011;28;lunes;febrero;2011;10850,80
01 MAR 2011;1;martes;marzo;2011;10761,90
02 MAR 2011;2;miércoles;marzo;2011;10643,80
03 MAR 2011;3;jueves;marzo;2011;10566,90
04 MAR 2011;4;viernes;marzo;2011;10498,70
07 MAR 2011;7;lunes;marzo;2011;10495,70
08 MAR 2011;8;martes;marzo;2011;10568,70
09 MAR 2011;9;miércoles;marzo;2011;10559,50
10 MAR 2011;10;jueves;marzo;2011;10435,60
11 MAR 2011;11;viernes;marzo;2011;10398,40
14 MAR 2011;14;lunes;marzo;2011;10415,90
15 MAR 2011;15;martes;marzo;2011;10329,70
16 MAR 2011;16;miércoles;marzo;2011;10092,60
17 MAR 2011;17;jueves;marzo;2011;10325,60
18 MAR 2011;18;viernes;marzo;2011;10328,40
21 MAR 2011;21;lunes;marzo;2011;10574,40
22 MAR 2011;22;martes;marzo;2011;10576,10
23 MAR 2011;23;miércoles;marzo;2011;10638,00
24 MAR 2011;24;jueves;marzo;2011;10755,60
25 MAR 2011;25;viernes;marzo;2011;10710,40
28 MAR 2011;28;lunes;marzo;2011;10751,00
29 MAR 2011;29;martes;marzo;2011;10735,00
30 MAR 2011;30;miércoles;marzo;2011;10732,30
31 MAR 2011;31;jueves;marzo;2011;10576,50
01 ABR 2011;1;viernes;abril;2011;10729,90
04 ABR 2011;4;lunes;abril;2011;10756,10
05 ABR 2011;5;martes;abril;2011;10678,60
06 ABR 2011;6;miércoles;abril;2011;10845,10
07 ABR 2011;7;jueves;abril;2011;10849,10
08 ABR 2011;8;viernes;abril;2011;10913,20
11 ABR 2011;11;lunes;abril;2011;10878,30
12 ABR 2011;12;martes;abril;2011;10784,50
13 ABR 2011;13;miércoles;abril;2011;10786,00
14 ABR 2011;14;jueves;abril;2011;10622,70
15 ABR 2011;15;viernes;abril;2011;10558,60
18 ABR 2011;18;lunes;abril;2011;10344,90
19 ABR 2011;19;martes;abril;2011;10376,50
20 ABR 2011;20;miércoles;abril;2011;10535,40
21 ABR 2011;21;jueves;abril;2011;10584,10
22 ABR 2011;22;viernes;abril;2011;-
25 ABR 2011;25;lunes;abril;2011;-
26 ABR 2011;26;martes;abril;2011;10650,60
27 ABR 2011;27;miércoles;abril;2011;10740,90
28 ABR 2011;28;jueves;abril;2011;10867,80
29 ABR 2011;29;viernes;abril;2011;10878,90
02 MAY 2011;2;lunes;mayo;2011;10877,30
03 MAY 2011;3;martes;mayo;2011;10825,60
04 MAY 2011;4;miércoles;mayo;2011;10712,60
05 MAY 2011;5;jueves;mayo;2011;10627,30
06 MAY 2011;6;viernes;mayo;2011;10610,50
09 MAY 2011;9;lunes;mayo;2011;10396,30
10 MAY 2011;10;martes;mayo;2011;10474,40
11 MAY 2011;11;miércoles;mayo;2011;10531,50
12 MAY 2011;12;jueves;mayo;2011;10487,60
13 MAY 2011;13;viernes;mayo;2011;10356,50
16 MAY 2011;16;lunes;mayo;2011;10363,90
17 MAY 2011;17;martes;mayo;2011;10306,40
18 MAY 2011;18;miércoles;mayo;2011;10343,70
19 MAY 2011;19;jueves;mayo;2011;10376,80
20 MAY 2011;20;viernes;mayo;2011;10226,60
23 MAY 2011;23;lunes;mayo;2011;10082,70
24 MAY 2011;24;martes;mayo;2011;10115,90
25 MAY 2011;25;miércoles;mayo;2011;10217,40
26 MAY 2011;26;jueves;mayo;2011;10203,20
27 MAY 2011;27;viernes;mayo;2011;10261,20
30 MAY 2011;30;lunes;mayo;2011;10257,60
31 MAY 2011;31;martes;mayo;2011;10476,00
01 JUN 2011;1;miércoles;junio;2011;10339,30
02 JUN 2011;2;jueves;junio;2011;10261,00
03 JUN 2011;3;viernes;junio;2011;10285,70
06 JUN 2011;6;lunes;junio;2011;10157,70
07 JUN 2011;7;martes;junio;2011;10168,10
08 JUN 2011;8;miércoles;junio;2011;10082,50
09 JUN 2011;9;jueves;junio;2011;10121,70
10 JUN 2011;10;viernes;junio;2011;9950,80
13 JUN 2011;13;lunes;junio;2011;9946,20
14 JUN 2011;14;martes;junio;2011;10132,60
15 JUN 2011;15;miércoles;junio;2011;9933,10
16 JUN 2011;16;jueves;junio;2011;9918,50
17 JUN 2011;17;viernes;junio;2011;10135,20
20 JUN 2011;20;lunes;junio;2011;10038,10
21 JUN 2011;21;martes;junio;2011;10231,90
22 JUN 2011;22;miércoles;junio;2011;10226,20
23 JUN 2011;23;jueves;junio;2011;9942,60
24 JUN 2011;24;viernes;junio;2011;9812,70
27 JUN 2011;27;lunes;junio;2011;9872,20
28 JUN 2011;28;martes;junio;2011;9936,70
29 JUN 2011;29;miércoles;junio;2011;10143,60
30 JUN 2011;30;jueves;junio;2011;10359,90
01 JUL 2011;1;viernes;julio;2011;10492,00
04 JUL 2011;4;lunes;julio;2011;10468,00
05 JUL 2011;5;martes;julio;2011;10330,10
06 JUL 2011;6;miércoles;julio;2011;10204,50
07 JUL 2011;7;jueves;julio;2011;10196,20
08 JUL 2011;8;viernes;julio;2011;9938,20
11 JUL 2011;11;lunes;julio;2011;9670,60
12 JUL 2011;12;martes;julio;2011;9603,40
13 JUL 2011;13;miércoles;julio;2011;9666,90
14 JUL 2011;14;jueves;julio;2011;9598,60
15 JUL 2011;15;viernes;julio;2011;9484,20
18 JUL 2011;18;lunes;julio;2011;9347,80
19 JUL 2011;19;martes;julio;2011;9443,80
20 JUL 2011;20;miércoles;julio;2011;9732,80
21 JUL 2011;21;jueves;julio;2011;10017,60
22 JUL 2011;22;viernes;julio;2011;10059,30
25 JUL 2011;25;lunes;julio;2011;9866,20
26 JUL 2011;26;martes;julio;2011;9833,40
27 JUL 2011;27;miércoles;julio;2011;9643,30
28 JUL 2011;28;jueves;julio;2011;9657,00
29 JUL 2011;29;viernes;julio;2011;9630,70
01 AGO 2011;1;lunes;agosto;2011;9318,20
02 AGO 2011;2;martes;agosto;2011;9114,90
03 AGO 2011;3;miércoles;agosto;2011;9037,70
04 AGO 2011;4;jueves;agosto;2011;8686,50
05 AGO 2011;5;viernes;agosto;2011;8671,20
08 AGO 2011;8;lunes;agosto;2011;8459,40
09 AGO 2011;9;martes;agosto;2011;8428,90
10 AGO 2011;10;miércoles;agosto;2011;7966,00
11 AGO 2011;11;jueves;agosto;2011;8249,40
12 AGO 2011;12;viernes;agosto;2011;8647,30
15 AGO 2011;15;lunes;agosto;2011;8709,00
16 AGO 2011;16;martes;agosto;2011;8674,30
17 AGO 2011;17;miércoles;agosto;2011;8728,20
18 AGO 2011;18;jueves;agosto;2011;8317,70
19 AGO 2011;19;viernes;agosto;2011;8141,90
22 AGO 2011;22;lunes;agosto;2011;8293,90
23 AGO 2011;23;martes;agosto;2011;8279,80
24 AGO 2011;24;miércoles;agosto;2011;8369,10
25 AGO 2011;25;jueves;agosto;2011;8299,10
26 AGO 2011;26;viernes;agosto;2011;8185,50
29 AGO 2011;29;lunes;agosto;2011;8395,00
30 AGO 2011;30;martes;agosto;2011;8444,80
31 AGO 2011;31;miércoles;agosto;2011;8718,60
01 SEP 2011;1;jueves;septiembre;2011;8761,10
02 SEP 2011;2;viernes;septiembre;2011;8463,50
05 SEP 2011;5;lunes;septiembre;2011;8066,50
06 SEP 2011;6;martes;septiembre;2011;7936,40
07 SEP 2011;7;miércoles;septiembre;2011;8156,60
08 SEP 2011;8;jueves;septiembre;2011;8277,80
09 SEP 2011;9;viernes;septiembre;2011;7910,20
12 SEP 2011;12;lunes;septiembre;2011;7640,70
13 SEP 2011;13;martes;septiembre;2011;7834,20
14 SEP 2011;14;miércoles;septiembre;2011;8045,70
15 SEP 2011;15;jueves;septiembre;2011;8337,90
16 SEP 2011;16;viernes;septiembre;2011;8388,40
19 SEP 2011;19;lunes;septiembre;2011;8222,70
20 SEP 2011;20;martes;septiembre;2011;8362,20
21 SEP 2011;21;miércoles;septiembre;2011;8210,30
22 SEP 2011;22;jueves;septiembre;2011;7830,80
23 SEP 2011;23;viernes;septiembre;2011;7996,90
26 SEP 2011;26;lunes;septiembre;2011;8201,70
27 SEP 2011;27;martes;septiembre;2011;8531,90
28 SEP 2011;28;miércoles;septiembre;2011;8480,20
29 SEP 2011;29;jueves;septiembre;2011;8592,50
30 SEP 2011;30;viernes;septiembre;2011;8546,60
03 OCT 2011;3;lunes;octubre;2011;8353,80
04 OCT 2011;4;martes;octubre;2011;8225,40
05 OCT 2011;5;miércoles;octubre;2011;8477,30
06 OCT 2011;6;jueves;octubre;2011;8704,80
07 OCT 2011;7;viernes;octubre;2011;8798,40
10 OCT 2011;10;lunes;octubre;2011;8892,40
11 OCT 2011;11;martes;octubre;2011;8845,50
12 OCT 2011;12;miércoles;octubre;2011;9026,50
13 OCT 2011;13;jueves;octubre;2011;8943,50
14 OCT 2011;14;viernes;octubre;2011;8975,50
17 OCT 2011;17;lunes;octubre;2011;8864,30
18 OCT 2011;18;martes;octubre;2011;8811,30
19 OCT 2011;19;miércoles;octubre;2011;8849,50
20 OCT 2011;20;jueves;octubre;2011;8608,20
21 OCT 2011;21;viernes;octubre;2011;8853,00
24 OCT 2011;24;lunes;octubre;2011;8957,10
25 OCT 2011;25;martes;octubre;2011;8879,60
26 OCT 2011;26;miércoles;octubre;2011;8832,50
27 OCT 2011;27;jueves;octubre;2011;9270,50
28 OCT 2011;28;viernes;octubre;2011;9224,40
31 OCT 2011;31;lunes;octubre;2011;8954,90
01 NOV 2011;1;martes;noviembre;2011;8579,60
02 NOV 2011;2;miércoles;noviembre;2011;8574,50
03 NOV 2011;3;jueves;noviembre;2011;8712,60
04 NOV 2011;4;viernes;noviembre;2011;8596,40
07 NOV 2011;7;lunes;noviembre;2011;8476,40
08 NOV 2011;8;martes;noviembre;2011;8518,50
09 NOV 2011;9;miércoles;noviembre;2011;8340,60
10 NOV 2011;10;jueves;noviembre;2011;8310,90
11 NOV 2011;11;viernes;noviembre;2011;8556,10
14 NOV 2011;14;lunes;noviembre;2011;8372,20
15 NOV 2011;15;martes;noviembre;2011;8237,60
16 NOV 2011;16;miércoles;noviembre;2011;8304,10
17 NOV 2011;17;jueves;noviembre;2011;8270,60
18 NOV 2011;18;viernes;noviembre;2011;8310,10
21 NOV 2011;21;lunes;noviembre;2011;8021,00
22 NOV 2011;22;martes;noviembre;2011;7904,90
23 NOV 2011;23;miércoles;noviembre;2011;7739,30
24 NOV 2011;24;jueves;noviembre;2011;7721,80
25 NOV 2011;25;viernes;noviembre;2011;7763,50
28 NOV 2011;28;lunes;noviembre;2011;8119,90
29 NOV 2011;29;martes;noviembre;2011;8128,00
30 NOV 2011;30;miércoles;noviembre;2011;8449,50
01 DIC 2011;1;jueves;diciembre;2011;8421,00
02 DIC 2011;2;viernes;diciembre;2011;8558,60
05 DIC 2011;5;lunes;diciembre;2011;8705,80
06 DIC 2011;6;martes;diciembre;2011;8712,80
07 DIC 2011;7;miércoles;diciembre;2011;8644,30
08 DIC 2011;8;jueves;diciembre;2011;8461,20
09 DIC 2011;9;viernes;diciembre;2011;8649,70
12 DIC 2011;12;lunes;diciembre;2011;8381,00
13 DIC 2011;13;martes;diciembre;2011;8327,80
14 DIC 2011;14;miércoles;diciembre;2011;8182,00
15 DIC 2011;15;jueves;diciembre;2011;8250,40
16 DIC 2011;16;viernes;diciembre;2011;8203,40
19 DIC 2011;19;lunes;diciembre;2011;8253,00
20 DIC 2011;20;martes;diciembre;2011;8454,40
21 DIC 2011;21;miércoles;diciembre;2011;8378,40
22 DIC 2011;22;jueves;diciembre;2011;8462,90
23 DIC 2011;23;viernes;diciembre;2011;8542,70
26 DIC 2011;26;lunes;diciembre;2011;-
27 DIC 2011;27;martes;diciembre;2011;8529,60
28 DIC 2011;28;miércoles;diciembre;2011;8358,40
29 DIC 2011;29;jueves;diciembre;2011;8487,90
30 DIC 2011;30;viernes;diciembre;2011;8566,30
02 ENE 2012;2;lunes;enero;2012;8723,80
03 ENE 2012;3;martes;enero;2012;8732,40
04 ENE 2012;4;miércoles;enero;2012;8581,80
05 ENE 2012;5;jueves;enero;2012;8329,60
06 ENE 2012;6;viernes;enero;2012;8289,10
09 ENE 2012;9;lunes;enero;2012;8278,90
10 ENE 2012;10;martes;enero;2012;8472,90
11 ENE 2012;11;miércoles;enero;2012;8426,80
12 ENE 2012;12;jueves;enero;2012;8427,00
13 ENE 2012;13;viernes;enero;2012;8450,60
16 ENE 2012;16;lunes;enero;2012;8449,60
17 ENE 2012;17;martes;enero;2012;8535,30
18 ENE 2012;18;miércoles;enero;2012;8420,70
19 ENE 2012;19;jueves;enero;2012;8603,80
20 ENE 2012;20;viernes;enero;2012;8561,90
23 ENE 2012;23;lunes;enero;2012;8619,60
24 ENE 2012;24;martes;enero;2012;8591,40
25 ENE 2012;25;miércoles;enero;2012;8555,40
26 ENE 2012;26;jueves;enero;2012;8713,80
27 ENE 2012;27;viernes;enero;2012;8657,30
30 ENE 2012;30;lunes;enero;2012;8517,00
31 ENE 2012;31;martes;enero;2012;8509,20
01 FEB 2012;1;miércoles;febrero;2012;8696,60
02 FEB 2012;2;jueves;febrero;2012;8772,30
03 FEB 2012;3;viernes;febrero;2012;8861,20
06 FEB 2012;6;lunes;febrero;2012;8835,30
07 FEB 2012;7;martes;febrero;2012;8846,90
08 FEB 2012;8;miércoles;febrero;2012;8849,30
09 FEB 2012;9;jueves;febrero;2012;8902,10
10 FEB 2012;10;viernes;febrero;2012;8797,10
13 FEB 2012;13;lunes;febrero;2012;8788,30
14 FEB 2012;14;martes;febrero;2012;8771,90
15 FEB 2012;15;miércoles;febrero;2012;8741,60
16 FEB 2012;16;jueves;febrero;2012;8558,10
17 FEB 2012;17;viernes;febrero;2012;8657,00
20 FEB 2012;20;lunes;febrero;2012;8818,10
21 FEB 2012;21;martes;febrero;2012;8767,10
22 FEB 2012;22;miércoles;febrero;2012;8657,00
23 FEB 2012;23;jueves;febrero;2012;8527,70
24 FEB 2012;24;viernes;febrero;2012;8527,70
27 FEB 2012;27;lunes;febrero;2012;8537,20
28 FEB 2012;28;martes;febrero;2012;8526,70
29 FEB 2012;29;miércoles;febrero;2012;8465,90
01 MAR 2012;1;jueves;marzo;2012;8547,70
02 MAR 2012;2;viernes;marzo;2012;8563,40
05 MAR 2012;5;lunes;marzo;2012;8453,50
06 MAR 2012;6;martes;marzo;2012;8166,60
07 MAR 2012;7;miércoles;marzo;2012;8161,80
08 MAR 2012;8;jueves;marzo;2012;8307,40
09 MAR 2012;9;viernes;marzo;2012;8282,70
12 MAR 2012;12;lunes;marzo;2012;8180,20
13 MAR 2012;13;martes;marzo;2012;8376,80
14 MAR 2012;14;miércoles;marzo;2012;8391,10
15 MAR 2012;15;jueves;marzo;2012;8426,70
16 MAR 2012;16;viernes;marzo;2012;8486,30
19 MAR 2012;19;lunes;marzo;2012;8591,80
20 MAR 2012;20;martes;marzo;2012;8567,50
21 MAR 2012;21;miércoles;marzo;2012;8490,90
22 MAR 2012;22;jueves;marzo;2012;8353,60
23 MAR 2012;23;viernes;marzo;2012;8281,80
26 MAR 2012;26;lunes;marzo;2012;8224,70
27 MAR 2012;27;martes;marzo;2012;8140,30
28 MAR 2012;28;miércoles;marzo;2012;7980,80
29 MAR 2012;29;jueves;marzo;2012;7911,00
30 MAR 2012;30;viernes;marzo;2012;8008,00
02 ABR 2012;2;lunes;abril;2012;8042,80
03 ABR 2012;3;martes;abril;2012;7824,50
04 ABR 2012;4;miércoles;abril;2012;7660,70
05 ABR 2012;5;jueves;abril;2012;7660,50
06 ABR 2012;6;viernes;abril;2012;-
09 ABR 2012;9;lunes;abril;2012;-
10 ABR 2012;10;martes;abril;2012;7433,60
11 ABR 2012;11;miércoles;abril;2012;7576,70
12 ABR 2012;12;jueves;abril;2012;7520,00
13 ABR 2012;13;viernes;abril;2012;7250,60
16 ABR 2012;16;lunes;abril;2012;7209,10
17 ABR 2012;17;martes;abril;2012;7373,30
18 ABR 2012;18;miércoles;abril;2012;7079,20
19 ABR 2012;19;jueves;abril;2012;6908,10
20 ABR 2012;20;viernes;abril;2012;7040,60
23 ABR 2012;23;lunes;abril;2012;6846,60
24 ABR 2012;24;martes;abril;2012;6999,90
25 ABR 2012;25;miércoles;abril;2012;7118,90
26 ABR 2012;26;jueves;abril;2012;7027,10
27 ABR 2012;27;viernes;abril;2012;7145,80
30 ABR 2012;30;lunes;abril;2012;7011,00
01 MAY 2012;1;martes;mayo;2012;-
02 MAY 2012;2;miércoles;mayo;2012;6831,90
03 MAY 2012;3;jueves;mayo;2012;6851,90
04 MAY 2012;4;viernes;mayo;2012;6876,00
07 MAY 2012;7;lunes;mayo;2012;7063,20
08 MAY 2012;8;martes;mayo;2012;7006,90
09 MAY 2012;9;miércoles;mayo;2012;6812,70
10 MAY 2012;10;jueves;mayo;2012;7045,70
11 MAY 2012;11;viernes;mayo;2012;6995,60
14 MAY 2012;14;lunes;mayo;2012;6809,40
15 MAY 2012;15;martes;mayo;2012;6700,70
16 MAY 2012;16;miércoles;mayo;2012;6611,50
17 MAY 2012;17;jueves;mayo;2012;6537,90
18 MAY 2012;18;viernes;mayo;2012;6566,70
21 MAY 2012;21;lunes;mayo;2012;6524,00
22 MAY 2012;22;martes;mayo;2012;6661,30
23 MAY 2012;23;miércoles;mayo;2012;6440,50
24 MAY 2012;24;jueves;mayo;2012;6534,40
25 MAY 2012;25;viernes;mayo;2012;6543,00
28 MAY 2012;28;lunes;mayo;2012;6401,20
29 MAY 2012;29;martes;mayo;2012;6251,70
30 MAY 2012;30;miércoles;mayo;2012;6090,40
31 MAY 2012;31;jueves;mayo;2012;6089,80
01 JUN 2012;1;viernes;junio;2012;6065,00
04 JUN 2012;4;lunes;junio;2012;6239,50
05 JUN 2012;5;martes;junio;2012;6267,80
06 JUN 2012;6;miércoles;junio;2012;6418,90
07 JUN 2012;7;jueves;junio;2012;6438,10
08 JUN 2012;8;viernes;junio;2012;6552,00
11 JUN 2012;11;lunes;junio;2012;6516,40
12 JUN 2012;12;martes;junio;2012;6522,50
13 JUN 2012;13;miércoles;junio;2012;6615,30
14 JUN 2012;14;jueves;junio;2012;6696,00
15 JUN 2012;15;viernes;junio;2012;6719,00
18 JUN 2012;18;lunes;junio;2012;6519,90
19 JUN 2012;19;martes;junio;2012;6693,90
20 JUN 2012;20;miércoles;junio;2012;6796,10
21 JUN 2012;21;jueves;junio;2012;6773,50
22 JUN 2012;22;viernes;junio;2012;6876,30
25 JUN 2012;25;lunes;junio;2012;6624,00
26 JUN 2012;26;martes;junio;2012;6528,40
27 JUN 2012;27;miércoles;junio;2012;6666,90
28 JUN 2012;28;jueves;junio;2012;6721,70
29 JUN 2012;29;viernes;junio;2012;7102,20
02 JUL 2012;2;lunes;julio;2012;7124,00
03 JUL 2012;3;martes;julio;2012;7219,50
04 JUL 2012;4;miércoles;julio;2012;7168,50
05 JUL 2012;5;jueves;julio;2012;6954,20
06 JUL 2012;6;viernes;julio;2012;6738,90
09 JUL 2012;9;lunes;julio;2012;6688,30
10 JUL 2012;10;martes;julio;2012;6726,90
11 JUL 2012;11;miércoles;julio;2012;6805,90
12 JUL 2012;12;jueves;julio;2012;6630,10
13 JUL 2012;13;viernes;julio;2012;6664,60
16 JUL 2012;16;lunes;julio;2012;6532,10
17 JUL 2012;17;martes;julio;2012;6558,20
18 JUL 2012;18;miércoles;julio;2012;6591,20
19 JUL 2012;19;jueves;julio;2012;6632,60
20 JUL 2012;20;viernes;julio;2012;6246,30
23 JUL 2012;23;lunes;julio;2012;6177,40
24 JUL 2012;24;martes;julio;2012;5956,30
25 JUL 2012;25;miércoles;julio;2012;6004,90
26 JUL 2012;26;jueves;julio;2012;6368,80
27 JUL 2012;27;viernes;julio;2012;6617,60
30 JUL 2012;30;lunes;julio;2012;6801,80
31 JUL 2012;31;martes;julio;2012;6738,10
01 AGO 2012;1;miércoles;agosto;2012;6720,00
02 AGO 2012;2;jueves;agosto;2012;6373,40
03 AGO 2012;3;viernes;agosto;2012;6755,70
06 AGO 2012;6;lunes;agosto;2012;7053,60
07 AGO 2012;7;martes;agosto;2012;7211,10
08 AGO 2012;8;miércoles;agosto;2012;7150,20
09 AGO 2012;9;jueves;agosto;2012;7110,20
10 AGO 2012;10;viernes;agosto;2012;7047,70
13 AGO 2012;13;lunes;agosto;2012;7069,60
14 AGO 2012;14;martes;agosto;2012;7124,80
15 AGO 2012;15;miércoles;agosto;2012;7128,90
16 AGO 2012;16;jueves;agosto;2012;7417,30
17 AGO 2012;17;viernes;agosto;2012;7561,00
20 AGO 2012;20;lunes;agosto;2012;7469,60
21 AGO 2012;21;martes;agosto;2012;7544,50
22 AGO 2012;22;miércoles;agosto;2012;7340,70
23 AGO 2012;23;jueves;agosto;2012;7282,90
24 AGO 2012;24;viernes;agosto;2012;7310,30
27 AGO 2012;27;lunes;agosto;2012;7398,90
28 AGO 2012;28;martes;agosto;2012;7333,50
29 AGO 2012;29;miércoles;agosto;2012;7306,00
30 AGO 2012;30;jueves;agosto;2012;7195,00
31 AGO 2012;31;viernes;agosto;2012;7420,50
03 SEP 2012;3;lunes;septiembre;2012;7434,20
04 SEP 2012;4;martes;septiembre;2012;7488,20
05 SEP 2012;5;miércoles;septiembre;2012;7494,00
06 SEP 2012;6;jueves;septiembre;2012;7862,00
07 SEP 2012;7;viernes;septiembre;2012;7882,80
10 SEP 2012;10;lunes;septiembre;2012;7857,70
11 SEP 2012;11;martes;septiembre;2012;7930,40
12 SEP 2012;12;miércoles;septiembre;2012;7992,10
13 SEP 2012;13;jueves;septiembre;2012;7935,90
14 SEP 2012;14;viernes;septiembre;2012;8154,50
17 SEP 2012;17;lunes;septiembre;2012;8148,00
18 SEP 2012;18;martes;septiembre;2012;8058,30
19 SEP 2012;19;miércoles;septiembre;2012;8098,80
20 SEP 2012;20;jueves;septiembre;2012;8022,10
21 SEP 2012;21;viernes;septiembre;2012;8230,70
24 SEP 2012;24;lunes;septiembre;2012;8138,40
25 SEP 2012;25;martes;septiembre;2012;8175,00
26 SEP 2012;26;miércoles;septiembre;2012;7854,40
27 SEP 2012;27;jueves;septiembre;2012;7842,30
28 SEP 2012;28;viernes;septiembre;2012;7708,50
01 OCT 2012;1;lunes;octubre;2012;7784,10
02 OCT 2012;2;martes;octubre;2012;7867,10
03 OCT 2012;3;miércoles;octubre;2012;7826,70
04 OCT 2012;4;jueves;octubre;2012;7812,80
05 OCT 2012;5;viernes;octubre;2012;7954,40
08 OCT 2012;8;lunes;octubre;2012;7891,00
09 OCT 2012;9;martes;octubre;2012;7745,40
10 OCT 2012;10;miércoles;octubre;2012;7668,00
11 OCT 2012;11;jueves;octubre;2012;7734,70
12 OCT 2012;12;viernes;octubre;2012;7652,40
15 OCT 2012;15;lunes;octubre;2012;7678,50
16 OCT 2012;16;martes;octubre;2012;7940,20
17 OCT 2012;17;miércoles;octubre;2012;8128,20
18 OCT 2012;18;jueves;octubre;2012;8100,30
19 OCT 2012;19;viernes;octubre;2012;7913,40
22 OCT 2012;22;lunes;octubre;2012;7877,10
23 OCT 2012;23;martes;octubre;2012;7747,70
24 OCT 2012;24;miércoles;octubre;2012;7791,50
25 OCT 2012;25;jueves;octubre;2012;7779,20
26 OCT 2012;26;viernes;octubre;2012;7775,60
29 OCT 2012;29;lunes;octubre;2012;7728,60
30 OCT 2012;30;martes;octubre;2012;7833,90
31 OCT 2012;31;miércoles;octubre;2012;7842,90
01 NOV 2012;1;jueves;noviembre;2012;7886,40
02 NOV 2012;2;viernes;noviembre;2012;7968,90
05 NOV 2012;5;lunes;noviembre;2012;7818,60
06 NOV 2012;6;martes;noviembre;2012;7837,60
07 NOV 2012;7;miércoles;noviembre;2012;7660,70
08 NOV 2012;8;jueves;noviembre;2012;7624,10
09 NOV 2012;9;viernes;noviembre;2012;7636,60
12 NOV 2012;12;lunes;noviembre;2012;7567,80
13 NOV 2012;13;martes;noviembre;2012;7693,40
14 NOV 2012;14;miércoles;noviembre;2012;7673,00
15 NOV 2012;15;jueves;noviembre;2012;7695,50
16 NOV 2012;16;viernes;noviembre;2012;7588,20
19 NOV 2012;19;lunes;noviembre;2012;7763,80
20 NOV 2012;20;martes;noviembre;2012;7778,70
21 NOV 2012;21;miércoles;noviembre;2012;7805,40
22 NOV 2012;22;jueves;noviembre;2012;7875,60
23 NOV 2012;23;viernes;noviembre;2012;7909,60
26 NOV 2012;26;lunes;noviembre;2012;7874,80
27 NOV 2012;27;martes;noviembre;2012;7863,70
28 NOV 2012;28;miércoles;noviembre;2012;7837,60
29 NOV 2012;29;jueves;noviembre;2012;7973,70
30 NOV 2012;30;viernes;noviembre;2012;7934,60
03 DIC 2012;3;lunes;diciembre;2012;7889,20
04 DIC 2012;4;martes;diciembre;2012;7902,40
05 DIC 2012;5;miércoles;diciembre;2012;7883,20
06 DIC 2012;6;jueves;diciembre;2012;7910,80
07 DIC 2012;7;viernes;diciembre;2012;7848,50
10 DIC 2012;10;lunes;diciembre;2012;7804,40
11 DIC 2012;11;martes;diciembre;2012;7920,90
12 DIC 2012;12;miércoles;diciembre;2012;7986,80
13 DIC 2012;13;jueves;diciembre;2012;8017,10
14 DIC 2012;14;viernes;diciembre;2012;8024,10
17 DIC 2012;17;lunes;diciembre;2012;8040,30
18 DIC 2012;18;martes;diciembre;2012;8168,80
19 DIC 2012;19;miércoles;diciembre;2012;8264,20
20 DIC 2012;20;jueves;diciembre;2012;8264,20
21 DIC 2012;21;viernes;diciembre;2012;8291,00
24 DIC 2012;24;lunes;diciembre;2012;8299,50
25 DIC 2012;25;martes;diciembre;2012;-
26 DIC 2012;26;miércoles;diciembre;2012;-
27 DIC 2012;27;jueves;diciembre;2012;8280,90
28 DIC 2012;28;viernes;diciembre;2012;8131,00
31 DIC 2012;31;lunes;diciembre;2012;8167,50
01 ENE 2013;1;martes;enero;2013;-
02 ENE 2013;2;miércoles;enero;2013;8447,60
03 ENE 2013;3;jueves;enero;2013;8403,40
04 ENE 2013;4;viernes;enero;2013;8435,80
07 ENE 2013;7;lunes;enero;2013;8419,00
08 ENE 2013;8;martes;enero;2013;8453,00
09 ENE 2013;9;miércoles;enero;2013;8606,40
10 ENE 2013;10;jueves;enero;2013;8618,90
11 ENE 2013;11;viernes;enero;2013;8664,70
14 ENE 2013;14;lunes;enero;2013;8632,10
15 ENE 2013;15;martes;enero;2013;8601,00
16 ENE 2013;16;miércoles;enero;2013;8581,10
17 ENE 2013;17;jueves;enero;2013;8628,90
18 ENE 2013;18;viernes;enero;2013;8604,00
21 ENE 2013;21;lunes;enero;2013;8665,90
22 ENE 2013;22;martes;enero;2013;8632,10
23 ENE 2013;23;miércoles;enero;2013;8613,30
24 ENE 2013;24;jueves;enero;2013;8665,60
25 ENE 2013;25;viernes;enero;2013;8724,60
28 ENE 2013;28;lunes;enero;2013;8672,50
29 ENE 2013;29;martes;enero;2013;8643,00
30 ENE 2013;30;miércoles;enero;2013;8571,90
31 ENE 2013;31;jueves;enero;2013;8362,30
01 FEB 2013;1;viernes;febrero;2013;8229,70
04 FEB 2013;4;lunes;febrero;2013;7919,60
05 FEB 2013;5;martes;febrero;2013;8093,60
06 FEB 2013;6;miércoles;febrero;2013;8056,20
07 FEB 2013;7;jueves;febrero;2013;8014,60
08 FEB 2013;8;viernes;febrero;2013;8174,90
11 FEB 2013;11;lunes;febrero;2013;8078,60
12 FEB 2013;12;martes;febrero;2013;8234,70
13 FEB 2013;13;miércoles;febrero;2013;8306,20
14 FEB 2013;14;jueves;febrero;2013;8247,40
15 FEB 2013;15;viernes;febrero;2013;8150,20
18 FEB 2013;18;lunes;febrero;2013;8108,90
19 FEB 2013;19;martes;febrero;2013;8225,30
20 FEB 2013;20;miércoles;febrero;2013;8163,00
21 FEB 2013;21;jueves;febrero;2013;8014,50
22 FEB 2013;22;viernes;febrero;2013;8179,00
25 FEB 2013;25;lunes;febrero;2013;8244,50
26 FEB 2013;26;martes;febrero;2013;7980,70
27 FEB 2013;27;miércoles;febrero;2013;8136,70
28 FEB 2013;28;jueves;febrero;2013;8230,30
01 MAR 2013;1;viernes;marzo;2013;8187,10
04 MAR 2013;4;lunes;marzo;2013;8246,30
05 MAR 2013;5;martes;marzo;2013;8423,30
06 MAR 2013;6;miércoles;marzo;2013;8358,90
07 MAR 2013;7;jueves;marzo;2013;8389,10
08 MAR 2013;8;viernes;marzo;2013;8628,10
11 MAR 2013;11;lunes;marzo;2013;8554,40
12 MAR 2013;12;martes;marzo;2013;8532,30
13 MAR 2013;13;miércoles;marzo;2013;8498,30
14 MAR 2013;14;jueves;marzo;2013;8657,90
15 MAR 2013;15;viernes;marzo;2013;8619,10
18 MAR 2013;18;lunes;marzo;2013;8507,80
19 MAR 2013;19;martes;marzo;2013;8321,00
20 MAR 2013;20;miércoles;marzo;2013;8416,30
21 MAR 2013;21;jueves;marzo;2013;8351,20
22 MAR 2013;22;viernes;marzo;2013;8329,50
25 MAR 2013;25;lunes;marzo;2013;8140,60
26 MAR 2013;26;martes;marzo;2013;7990,50
27 MAR 2013;27;miércoles;marzo;2013;7900,40
28 MAR 2013;28;jueves;marzo;2013;7920,00
29 MAR 2013;29;viernes;marzo;2013;-
01 ABR 2013;1;lunes;abril;2013;-
02 ABR 2013;2;martes;abril;2013;8050,40
03 ABR 2013;3;miércoles;abril;2013;7904,30
04 ABR 2013;4;jueves;abril;2013;7847,90
05 ABR 2013;5;viernes;abril;2013;7798,40
08 ABR 2013;8;lunes;abril;2013;7787,10
09 ABR 2013;9;martes;abril;2013;7872,50
10 ABR 2013;10;miércoles;abril;2013;8136,40
11 ABR 2013;11;jueves;abril;2013;8159,50
12 ABR 2013;12;viernes;abril;2013;8040,40
15 ABR 2013;15;lunes;abril;2013;8014,10
16 ABR 2013;16;martes;abril;2013;7948,70
17 ABR 2013;17;miércoles;abril;2013;7803,00
18 ABR 2013;18;jueves;abril;2013;7812,50
19 ABR 2013;19;viernes;abril;2013;7915,50
22 ABR 2013;22;lunes;abril;2013;8027,70
23 ABR 2013;23;martes;abril;2013;8289,30
24 ABR 2013;24;miércoles;abril;2013;8389,30
25 ABR 2013;25;jueves;abril;2013;8365,10
26 ABR 2013;26;viernes;abril;2013;8297,00
29 ABR 2013;29;lunes;abril;2013;8450,90
30 ABR 2013;30;martes;abril;2013;8419,00
01 MAY 2013;1;miércoles;mayo;2013;-
02 MAY 2013;2;jueves;mayo;2013;8406,40
03 MAY 2013;3;viernes;mayo;2013;8544,80
06 MAY 2013;6;lunes;mayo;2013;8503,80
07 MAY 2013;7;martes;mayo;2013;8544,00
08 MAY 2013;8;miércoles;mayo;2013;8597,00
09 MAY 2013;9;jueves;mayo;2013;8572,70
10 MAY 2013;10;viernes;mayo;2013;8544,50
13 MAY 2013;13;lunes;mayo;2013;8457,80
14 MAY 2013;14;martes;mayo;2013;8474,60
15 MAY 2013;15;miércoles;mayo;2013;8582,50
16 MAY 2013;16;jueves;mayo;2013;8542,30
17 MAY 2013;17;viernes;mayo;2013;8582,40
20 MAY 2013;20;lunes;mayo;2013;8515,20
21 MAY 2013;21;martes;mayo;2013;8464,50
22 MAY 2013;22;miércoles;mayo;2013;8462,40
23 MAY 2013;23;jueves;mayo;2013;8343,60
24 MAY 2013;24;viernes;mayo;2013;8264,60
27 MAY 2013;27;lunes;mayo;2013;8363,60
28 MAY 2013;28;martes;mayo;2013;8511,30
29 MAY 2013;29;miércoles;mayo;2013;8441,70
30 MAY 2013;30;jueves;mayo;2013;8433,50
31 MAY 2013;31;viernes;mayo;2013;8320,60
03 JUN 2013;3;lunes;junio;2013;8284,40
04 JUN 2013;4;martes;junio;2013;8363,00
05 JUN 2013;5;miércoles;junio;2013;8290,70
06 JUN 2013;6;jueves;junio;2013;8216,70
07 JUN 2013;7;viernes;junio;2013;8266,60
10 JUN 2013;10;lunes;junio;2013;8227,40
11 JUN 2013;11;martes;junio;2013;8089,30
12 JUN 2013;12;miércoles;junio;2013;8123,80
13 JUN 2013;13;jueves;junio;2013;8071,70
14 JUN 2013;14;viernes;junio;2013;8070,90
17 JUN 2013;17;lunes;junio;2013;8136,30
18 JUN 2013;18;martes;junio;2013;8180,20
19 JUN 2013;19;miércoles;junio;2013;8098,30
20 JUN 2013;20;jueves;junio;2013;7822,10
21 JUN 2013;21;viernes;junio;2013;7700,20
24 JUN 2013;24;lunes;junio;2013;7553,20
25 JUN 2013;25;martes;junio;2013;7607,70
26 JUN 2013;26;miércoles;junio;2013;7823,00
27 JUN 2013;27;jueves;junio;2013;7844,40
28 JUN 2013;28;viernes;junio;2013;7762,70
01 JUL 2013;1;lunes;julio;2013;7907,10
02 JUL 2013;2;martes;julio;2013;7886,60
03 JUL 2013;3;miércoles;julio;2013;7763,80
04 JUL 2013;4;jueves;julio;2013;8002,00
05 JUL 2013;5;viernes;julio;2013;7868,40
08 JUL 2013;8;lunes;julio;2013;8017,60
09 JUL 2013;9;martes;julio;2013;8014,80
10 JUL 2013;10;miércoles;julio;2013;7995,00
11 JUL 2013;11;jueves;julio;2013;8030,70
12 JUL 2013;12;viernes;julio;2013;7844,70
15 JUL 2013;15;lunes;julio;2013;7855,10
16 JUL 2013;16;martes;julio;2013;7798,20
17 JUL 2013;17;miércoles;julio;2013;7812,70
18 JUL 2013;18;jueves;julio;2013;7957,30
19 JUL 2013;19;viernes;julio;2013;7943,20
22 JUL 2013;22;lunes;julio;2013;7966,00
23 JUL 2013;23;martes;julio;2013;8073,70
24 JUL 2013;24;miércoles;julio;2013;8192,50
25 JUL 2013;25;jueves;julio;2013;8282,10
26 JUL 2013;26;viernes;julio;2013;8353,60
29 JUL 2013;29;lunes;julio;2013;8376,10
30 JUL 2013;30;martes;julio;2013;8456,50
31 JUL 2013;31;miércoles;julio;2013;8433,40
01 AGO 2013;1;jueves;agosto;2013;8540,20
02 AGO 2013;2;viernes;agosto;2013;8574,00
05 AGO 2013;5;lunes;agosto;2013;8560,80
06 AGO 2013;6;martes;agosto;2013;8529,50
07 AGO 2013;7;miércoles;agosto;2013;8574,10
08 AGO 2013;8;jueves;agosto;2013;8671,80
09 AGO 2013;9;viernes;agosto;2013;8735,50
12 AGO 2013;12;lunes;agosto;2013;8717,70
13 AGO 2013;13;martes;agosto;2013;8758,50
14 AGO 2013;14;miércoles;agosto;2013;8789,30
15 AGO 2013;15;jueves;agosto;2013;8737,60
16 AGO 2013;16;viernes;agosto;2013;8821,30
19 AGO 2013;19;lunes;agosto;2013;8657,10
20 AGO 2013;20;martes;agosto;2013;8502,40
21 AGO 2013;21;miércoles;agosto;2013;8461,80
22 AGO 2013;22;jueves;agosto;2013;8629,70
23 AGO 2013;23;viernes;agosto;2013;8686,80
26 AGO 2013;26;lunes;agosto;2013;8649,90
27 AGO 2013;27;martes;agosto;2013;8394,00
28 AGO 2013;28;miércoles;agosto;2013;8398,10
29 AGO 2013;29;jueves;agosto;2013;8432,10
30 AGO 2013;30;viernes;agosto;2013;8290,50
02 SEP 2013;2;lunes;septiembre;2013;8429,60
03 SEP 2013;3;martes;septiembre;2013;8445,20
04 SEP 2013;4;miércoles;septiembre;2013;8490,30
05 SEP 2013;5;jueves;septiembre;2013;8550,00
06 SEP 2013;6;viernes;septiembre;2013;8655,00
09 SEP 2013;9;lunes;septiembre;2013;8632,50
10 SEP 2013;10;martes;septiembre;2013;8801,60
11 SEP 2013;11;miércoles;septiembre;2013;8875,20
12 SEP 2013;12;jueves;septiembre;2013;8924,20
13 SEP 2013;13;viernes;septiembre;2013;8941,60
16 SEP 2013;16;lunes;septiembre;2013;8999,50
17 SEP 2013;17;martes;septiembre;2013;8992,00
18 SEP 2013;18;miércoles;septiembre;2013;9062,50
19 SEP 2013;19;jueves;septiembre;2013;9153,70
20 SEP 2013;20;viernes;septiembre;2013;9171,80
23 SEP 2013;23;lunes;septiembre;2013;9109,50
24 SEP 2013;24;martes;septiembre;2013;9167,60
25 SEP 2013;25;miércoles;septiembre;2013;9242,90
26 SEP 2013;26;jueves;septiembre;2013;9272,40
27 SEP 2013;27;viernes;septiembre;2013;9228,40
30 SEP 2013;30;lunes;septiembre;2013;9186,10
01 OCT 2013;1;martes;octubre;2013;9341,50
02 OCT 2013;2;miércoles;octubre;2013;9350,00
03 OCT 2013;3;jueves;octubre;2013;9295,70
04 OCT 2013;4;viernes;octubre;2013;9420,90
07 OCT 2013;7;lunes;octubre;2013;9381,90
08 OCT 2013;8;martes;octubre;2013;9318,90
09 OCT 2013;9;miércoles;octubre;2013;9439,00
10 OCT 2013;10;jueves;octubre;2013;9660,50
11 OCT 2013;11;viernes;octubre;2013;9668,50
14 OCT 2013;14;lunes;octubre;2013;9696,00
15 OCT 2013;15;martes;octubre;2013;9805,30
16 OCT 2013;16;miércoles;octubre;2013;9879,00
17 OCT 2013;17;jueves;octubre;2013;9918,00
18 OCT 2013;18;viernes;octubre;2013;10001,80
21 OCT 2013;21;lunes;octubre;2013;10037,80
22 OCT 2013;22;martes;octubre;2013;10012,90
23 OCT 2013;23;miércoles;octubre;2013;9828,30
24 OCT 2013;24;jueves;octubre;2013;9915,40
25 OCT 2013;25;viernes;octubre;2013;9815,50
28 OCT 2013;28;lunes;octubre;2013;9736,20
29 OCT 2013;29;martes;octubre;2013;9863,90
30 OCT 2013;30;miércoles;octubre;2013;9778,70
31 OCT 2013;31;jueves;octubre;2013;9907,90
01 NOV 2013;1;viernes;noviembre;2013;9838,30
04 NOV 2013;4;lunes;noviembre;2013;9873,80
05 NOV 2013;5;martes;noviembre;2013;9795,70
06 NOV 2013;6;miércoles;noviembre;2013;9837,10
07 NOV 2013;7;jueves;noviembre;2013;9740,40
08 NOV 2013;8;viernes;noviembre;2013;9747,20
11 NOV 2013;11;lunes;noviembre;2013;9789,50
12 NOV 2013;12;martes;noviembre;2013;9707,60
13 NOV 2013;13;miércoles;noviembre;2013;9675,20
14 NOV 2013;14;jueves;noviembre;2013;9708,70
15 NOV 2013;15;viernes;noviembre;2013;9695,90
18 NOV 2013;18;lunes;noviembre;2013;9783,10
19 NOV 2013;19;martes;noviembre;2013;9629,80
20 NOV 2013;20;miércoles;noviembre;2013;9559,50
21 NOV 2013;21;jueves;noviembre;2013;9599,30
22 NOV 2013;22;viernes;noviembre;2013;9677,40
25 NOV 2013;25;lunes;noviembre;2013;9689,10
26 NOV 2013;26;martes;noviembre;2013;9714,60
27 NOV 2013;27;miércoles;noviembre;2013;9808,40
28 NOV 2013;28;jueves;noviembre;2013;9859,80
29 NOV 2013;29;viernes;noviembre;2013;9837,60
02 DIC 2013;2;lunes;diciembre;2013;9745,50
03 DIC 2013;3;martes;diciembre;2013;9605,00
04 DIC 2013;4;miércoles;diciembre;2013;9540,50
05 DIC 2013;5;jueves;diciembre;2013;9392,10
06 DIC 2013;6;viernes;diciembre;2013;9400,50
09 DIC 2013;9;lunes;diciembre;2013;9487,40
10 DIC 2013;10;martes;diciembre;2013;9438,30
11 DIC 2013;11;miércoles;diciembre;2013;9358,70
12 DIC 2013;12;jueves;diciembre;2013;9272,10
13 DIC 2013;13;viernes;diciembre;2013;9272,70
16 DIC 2013;16;lunes;diciembre;2013;9429,50
17 DIC 2013;17;martes;diciembre;2013;9343,40
18 DIC 2013;18;miércoles;diciembre;2013;9443,60
19 DIC 2013;19;jueves;diciembre;2013;9664,30
20 DIC 2013;20;viernes;diciembre;2013;9689,90
23 DIC 2013;23;lunes;diciembre;2013;9758,40
24 DIC 2013;24;martes;diciembre;2013;9819,50
25 DIC 2013;25;miércoles;diciembre;2013;-
26 DIC 2013;26;jueves;diciembre;2013;-
27 DIC 2013;27;viernes;diciembre;2013;9900,10
30 DIC 2013;30;lunes;diciembre;2013;9901,90
31 DIC 2013;31;martes;diciembre;2013;9916,70
01 ENE 2014;1;miércoles;enero;2014;-
02 ENE 2014;2;jueves;enero;2014;9760,30
03 ENE 2014;3;viernes;enero;2014;9798,00
06 ENE 2014;6;lunes;enero;2014;9888,50
07 ENE 2014;7;martes;enero;2014;10178,70
08 ENE 2014;8;miércoles;enero;2014;10253,60
09 ENE 2014;9;jueves;enero;2014;10234,20
10 ENE 2014;10;viernes;enero;2014;10290,60
13 ENE 2014;13;lunes;enero;2014;10365,50
14 ENE 2014;14;martes;enero;2014;10382,00
15 ENE 2014;15;miércoles;enero;2014;10525,00
16 ENE 2014;16;jueves;enero;2014;10455,50
17 ENE 2014;17;viernes;enero;2014;10465,70
20 ENE 2014;20;lunes;enero;2014;10454,10
21 ENE 2014;21;martes;enero;2014;10357,40
22 ENE 2014;22;miércoles;enero;2014;10279,70
23 ENE 2014;23;jueves;enero;2014;10241,20
24 ENE 2014;24;viernes;enero;2014;9868,90
27 ENE 2014;27;lunes;enero;2014;9758,40
28 ENE 2014;28;martes;enero;2014;9879,10
29 ENE 2014;29;miércoles;enero;2014;9896,20
30 ENE 2014;30;jueves;enero;2014;9964,50
31 ENE 2014;31;viernes;enero;2014;9920,20
03 FEB 2014;3;lunes;febrero;2014;9725,40
04 FEB 2014;4;martes;febrero;2014;9754,30
05 FEB 2014;5;miércoles;febrero;2014;9775,00
06 FEB 2014;6;jueves;febrero;2014;9964,60
07 FEB 2014;7;viernes;febrero;2014;10072,40
10 FEB 2014;10;lunes;febrero;2014;9982,70
11 FEB 2014;11;martes;febrero;2014;10091,20
12 FEB 2014;12;miércoles;febrero;2014;10080,80
13 FEB 2014;13;jueves;febrero;2014;10098,90
14 FEB 2014;14;viernes;febrero;2014;10132,80
17 FEB 2014;17;lunes;febrero;2014;10118,60
18 FEB 2014;18;martes;febrero;2014;10042,70
19 FEB 2014;19;miércoles;febrero;2014;10053,80
20 FEB 2014;20;jueves;febrero;2014;10062,20
21 FEB 2014;21;viernes;febrero;2014;10071,00
24 FEB 2014;24;lunes;febrero;2014;10193,10
25 FEB 2014;25;martes;febrero;2014;10242,50
26 FEB 2014;26;miércoles;febrero;2014;10224,30
27 FEB 2014;27;jueves;febrero;2014;10164,10
28 FEB 2014;28;viernes;febrero;2014;10114,20
03 MAR 2014;3;lunes;marzo;2014;9878,70
04 MAR 2014;4;martes;marzo;2014;10126,70
05 MAR 2014;5;miércoles;marzo;2014;10215,20
06 MAR 2014;6;jueves;marzo;2014;10304,00
07 MAR 2014;7;viernes;marzo;2014;10164,20
10 MAR 2014;10;lunes;marzo;2014;10194,60
11 MAR 2014;11;martes;marzo;2014;10163,30
12 MAR 2014;12;miércoles;marzo;2014;10070,40
13 MAR 2014;13;jueves;marzo;2014;9950,30
14 MAR 2014;14;viernes;marzo;2014;9812,00
17 MAR 2014;17;lunes;marzo;2014;9975,00
18 MAR 2014;18;martes;marzo;2014;10051,40
19 MAR 2014;19;miércoles;marzo;2014;10093,30
20 MAR 2014;20;jueves;marzo;2014;10079,90
21 MAR 2014;21;viernes;marzo;2014;10053,10
24 MAR 2014;24;lunes;marzo;2014;9913,10
25 MAR 2014;25;martes;marzo;2014;9990,50
26 MAR 2014;26;miércoles;marzo;2014;10140,80
27 MAR 2014;27;jueves;marzo;2014;10199,00
28 MAR 2014;28;viernes;marzo;2014;10328,90
31 MAR 2014;31;lunes;marzo;2014;10340,50
01 ABR 2014;1;martes;abril;2014;10463,10
02 ABR 2014;2;miércoles;abril;2014;10435,80
03 ABR 2014;3;jueves;abril;2014;10584,10
04 ABR 2014;4;viernes;abril;2014;10677,20
07 ABR 2014;7;lunes;abril;2014;10606,20
08 ABR 2014;8;martes;abril;2014;10480,50
09 ABR 2014;9;miércoles;abril;2014;10485,20
10 ABR 2014;10;jueves;abril;2014;10336,10
11 ABR 2014;11;viernes;abril;2014;10205,40
14 ABR 2014;14;lunes;abril;2014;10188,20
15 ABR 2014;15;martes;abril;2014;10103,50
16 ABR 2014;16;miércoles;abril;2014;10267,90
17 ABR 2014;17;jueves;abril;2014;10292,40
18 ABR 2014;18;viernes;abril;2014;-
21 ABR 2014;21;lunes;abril;2014;-
22 ABR 2014;22;martes;abril;2014;10437,80
23 ABR 2014;23;miércoles;abril;2014;10424,40
24 ABR 2014;24;jueves;abril;2014;10462,00
25 ABR 2014;25;viernes;abril;2014;10306,20
28 ABR 2014;28;lunes;abril;2014;10320,90
29 ABR 2014;29;martes;abril;2014;10461,00
30 ABR 2014;30;miércoles;abril;2014;10459,00
01 MAY 2014;1;jueves;mayo;2014;-
02 MAY 2014;2;viernes;mayo;2014;10474,50
05 MAY 2014;5;lunes;mayo;2014;10477,00
06 MAY 2014;6;martes;mayo;2014;10481,40
07 MAY 2014;7;miércoles;mayo;2014;10413,80
08 MAY 2014;8;jueves;mayo;2014;10591,20
09 MAY 2014;9;viernes;mayo;2014;10487,20
12 MAY 2014;12;lunes;mayo;2014;10567,00
13 MAY 2014;13;martes;mayo;2014;10587,20
14 MAY 2014;14;miércoles;mayo;2014;10613,90
15 MAY 2014;15;jueves;mayo;2014;10365,00
16 MAY 2014;16;viernes;mayo;2014;10478,70
19 MAY 2014;19;lunes;mayo;2014;10425,50
20 MAY 2014;20;martes;mayo;2014;10453,80
21 MAY 2014;21;miércoles;mayo;2014;10531,40
22 MAY 2014;22;jueves;mayo;2014;10520,60
23 MAY 2014;23;viernes;mayo;2014;10558,90
26 MAY 2014;26;lunes;mayo;2014;10687,50
27 MAY 2014;27;martes;mayo;2014;10714,20
28 MAY 2014;28;miércoles;mayo;2014;10757,20
29 MAY 2014;29;jueves;mayo;2014;10734,80
30 MAY 2014;30;viernes;mayo;2014;10798,70
02 JUN 2014;2;lunes;junio;2014;10827,40
03 JUN 2014;3;martes;junio;2014;10776,70
04 JUN 2014;4;miércoles;junio;2014;10755,60
05 JUN 2014;5;jueves;junio;2014;10876,40
06 JUN 2014;6;viernes;junio;2014;11064,30
09 JUN 2014;9;lunes;junio;2014;11164,10
10 JUN 2014;10;martes;junio;2014;11153,50
11 JUN 2014;11;miércoles;junio;2014;11074,90
12 JUN 2014;12;jueves;junio;2014;11088,50
13 JUN 2014;13;viernes;junio;2014;11113,70
16 JUN 2014;16;lunes;junio;2014;11008,20
17 JUN 2014;17;martes;junio;2014;11058,50
18 JUN 2014;18;miércoles;junio;2014;11112,30
19 JUN 2014;19;jueves;junio;2014;11187,80
20 JUN 2014;20;viernes;junio;2014;11155,10
23 JUN 2014;23;lunes;junio;2014;11118,30
24 JUN 2014;24;martes;junio;2014;11105,90
25 JUN 2014;25;miércoles;junio;2014;10966,70
26 JUN 2014;26;jueves;junio;2014;10989,00
27 JUN 2014;27;viernes;junio;2014;10959,90
30 JUN 2014;30;lunes;junio;2014;10923,50
01 JUL 2014;1;martes;julio;2014;11007,80
02 JUL 2014;2;miércoles;julio;2014;11016,20
03 JUL 2014;3;jueves;julio;2014;11090,00
04 JUL 2014;4;viernes;julio;2014;11009,40
07 JUL 2014;7;lunes;julio;2014;10888,50
08 JUL 2014;8;martes;julio;2014;10689,10
09 JUL 2014;9;miércoles;julio;2014;10746,90
10 JUL 2014;10;jueves;julio;2014;10533,60
11 JUL 2014;11;viernes;julio;2014;10538,80
14 JUL 2014;14;lunes;julio;2014;10606,30
15 JUL 2014;15;martes;julio;2014;10475,90
16 JUL 2014;16;miércoles;julio;2014;10668,40
17 JUL 2014;17;jueves;julio;2014;10543,30
18 JUL 2014;18;viernes;julio;2014;10527,00
21 JUL 2014;21;lunes;julio;2014;10482,00
22 JUL 2014;22;martes;julio;2014;10648,90
23 JUL 2014;23;miércoles;julio;2014;10659,10
24 JUL 2014;24;jueves;julio;2014;10860,70
25 JUL 2014;25;viernes;julio;2014;10888,10
28 JUL 2014;28;lunes;julio;2014;10879,80
29 JUL 2014;29;martes;julio;2014;10901,20
30 JUL 2014;30;miércoles;julio;2014;10937,40
31 JUL 2014;31;jueves;julio;2014;10707,20
01 AGO 2014;1;viernes;agosto;2014;10514,00
04 AGO 2014;4;lunes;agosto;2014;10496,20
05 AGO 2014;5;martes;agosto;2014;10353,80
06 AGO 2014;6;miércoles;agosto;2014;10246,20
07 AGO 2014;7;jueves;agosto;2014;10078,60
08 AGO 2014;8;viernes;agosto;2014;10104,80
11 AGO 2014;11;lunes;agosto;2014;10193,50
12 AGO 2014;12;martes;agosto;2014;10241,50
13 AGO 2014;13;miércoles;agosto;2014;10304,00
14 AGO 2014;14;jueves;agosto;2014;10294,80
15 AGO 2014;15;viernes;agosto;2014;10222,20
18 AGO 2014;18;lunes;agosto;2014;10353,40
19 AGO 2014;19;martes;agosto;2014;10386,50
20 AGO 2014;20;miércoles;agosto;2014;10420,90
21 AGO 2014;21;jueves;agosto;2014;10556,40
22 AGO 2014;22;viernes;agosto;2014;10500,20
25 AGO 2014;25;lunes;agosto;2014;10690,10
26 AGO 2014;26;martes;agosto;2014;10826,90
27 AGO 2014;27;miércoles;agosto;2014;10837,40
28 AGO 2014;28;jueves;agosto;2014;10722,20
29 AGO 2014;29;viernes;agosto;2014;10728,80
01 SEP 2014;1;lunes;septiembre;2014;10746,50
02 SEP 2014;2;martes;septiembre;2014;10755,00
03 SEP 2014;3;miércoles;septiembre;2014;10886,80
04 SEP 2014;4;jueves;septiembre;2014;11100,10
05 SEP 2014;5;viernes;septiembre;2014;11148,90
08 SEP 2014;8;lunes;septiembre;2014;11102,60
09 SEP 2014;9;martes;septiembre;2014;10951,60
10 SEP 2014;10;miércoles;septiembre;2014;10937,80
11 SEP 2014;11;jueves;septiembre;2014;10886,30
12 SEP 2014;12;viernes;septiembre;2014;10888,90
15 SEP 2014;15;lunes;septiembre;2014;10841,30
16 SEP 2014;16;martes;septiembre;2014;10798,70
17 SEP 2014;17;miércoles;septiembre;2014;10907,40
18 SEP 2014;18;jueves;septiembre;2014;10991,00
19 SEP 2014;19;viernes;septiembre;2014;11001,90
22 SEP 2014;22;lunes;septiembre;2014;10947,90
23 SEP 2014;23;martes;septiembre;2014;10801,80
24 SEP 2014;24;miércoles;septiembre;2014;10856,90
25 SEP 2014;25;jueves;septiembre;2014;10783,10
26 SEP 2014;26;viernes;septiembre;2014;10851,40
29 SEP 2014;29;lunes;septiembre;2014;10686,00
30 SEP 2014;30;martes;septiembre;2014;10825,50
01 OCT 2014;1;miércoles;octubre;2014;10753,20
02 OCT 2014;2;jueves;octubre;2014;10418,10
03 OCT 2014;3;viernes;octubre;2014;10567,60
06 OCT 2014;6;lunes;octubre;2014;10645,70
07 OCT 2014;7;martes;octubre;2014;10430,70
08 OCT 2014;8;miércoles;octubre;2014;10339,00
09 OCT 2014;9;jueves;octubre;2014;10273,70
10 OCT 2014;10;viernes;octubre;2014;10150,50
13 OCT 2014;13;lunes;octubre;2014;10187,30
14 OCT 2014;14;martes;octubre;2014;10204,90
15 OCT 2014;15;miércoles;octubre;2014;9838,50
16 OCT 2014;16;jueves;octubre;2014;9669,70
17 OCT 2014;17;viernes;octubre;2014;9956,80
20 OCT 2014;20;lunes;octubre;2014;9915,20
21 OCT 2014;21;martes;octubre;2014;10152,10
22 OCT 2014;22;miércoles;octubre;2014;10249,90
23 OCT 2014;23;jueves;octubre;2014;10333,70
24 OCT 2014;24;viernes;octubre;2014;10339,30
27 OCT 2014;27;lunes;octubre;2014;10195,20
28 OCT 2014;28;martes;octubre;2014;10394,80
29 OCT 2014;29;miércoles;octubre;2014;10247,80
30 OCT 2014;30;jueves;octubre;2014;10263,70
31 OCT 2014;31;viernes;octubre;2014;10477,80
03 NOV 2014;3;lunes;noviembre;2014;10374,40
04 NOV 2014;4;martes;noviembre;2014;10154,40
05 NOV 2014;5;miércoles;noviembre;2014;10276,90
06 NOV 2014;6;jueves;noviembre;2014;10261,80
07 NOV 2014;7;viernes;noviembre;2014;10126,30
10 NOV 2014;10;lunes;noviembre;2014;10273,00
11 NOV 2014;11;martes;noviembre;2014;10338,80
12 NOV 2014;12;miércoles;noviembre;2014;10157,30
13 NOV 2014;13;jueves;noviembre;2014;10140,40
14 NOV 2014;14;viernes;noviembre;2014;10148,00
17 NOV 2014;17;lunes;noviembre;2014;10309,00
18 NOV 2014;18;martes;noviembre;2014;10432,90
19 NOV 2014;19;miércoles;noviembre;2014;10376,80
20 NOV 2014;20;jueves;noviembre;2014;10209,20
21 NOV 2014;21;viernes;noviembre;2014;10520,80
24 NOV 2014;24;lunes;noviembre;2014;10642,50
25 NOV 2014;25;martes;noviembre;2014;10699,60
26 NOV 2014;26;miércoles;noviembre;2014;10647,00
27 NOV 2014;27;jueves;noviembre;2014;10727,60
28 NOV 2014;28;viernes;noviembre;2014;10770,70
01 DIC 2014;1;lunes;diciembre;2014;10672,80
02 DIC 2014;2;martes;diciembre;2014;10749,20
03 DIC 2014;3;miércoles;diciembre;2014;10875,90
04 DIC 2014;4;jueves;diciembre;2014;10619,90
05 DIC 2014;5;viernes;diciembre;2014;10900,70
08 DIC 2014;8;lunes;diciembre;2014;10805,20
09 DIC 2014;9;martes;diciembre;2014;10461,60
10 DIC 2014;10;miércoles;diciembre;2014;10396,90
11 DIC 2014;11;jueves;diciembre;2014;10431,80
12 DIC 2014;12;viernes;diciembre;2014;10145,00
15 DIC 2014;15;lunes;diciembre;2014;9903,90
16 DIC 2014;16;martes;diciembre;2014;10081,90
17 DIC 2014;17;miércoles;diciembre;2014;10049,50
18 DIC 2014;18;jueves;diciembre;2014;10391,30
19 DIC 2014;19;viernes;diciembre;2014;10363,60
22 DIC 2014;22;lunes;diciembre;2014;10371,00
23 DIC 2014;23;martes;diciembre;2014;10477,70
24 DIC 2014;24;miércoles;diciembre;2014;10481,80
25 DIC 2014;25;jueves;diciembre;2014;-
26 DIC 2014;26;viernes;diciembre;2014;-
29 DIC 2014;29;lunes;diciembre;2014;10394,20
30 DIC 2014;30;martes;diciembre;2014;10279,20
31 DIC 2014;31;miércoles;diciembre;2014;10279,50
01 ENE 2015;1;jueves;enero;2015;-
02 ENE 2015;2;viernes;enero;2015;10350,80
05 ENE 2015;5;lunes;enero;2015;9993,30
06 ENE 2015;6;martes;enero;2015;9871,10
07 ENE 2015;7;miércoles;enero;2015;9891,40
08 ENE 2015;8;jueves;enero;2015;10115,00
09 ENE 2015;9;viernes;enero;2015;9719,00
12 ENE 2015;12;lunes;enero;2015;9797,50
13 ENE 2015;13;martes;enero;2015;9966,00
14 ENE 2015;14;miércoles;enero;2015;9846,00
15 ENE 2015;15;jueves;enero;2015;9982,50
16 ENE 2015;16;viernes;enero;2015;10038,90
19 ENE 2015;19;lunes;enero;2015;10157,50
20 ENE 2015;20;martes;enero;2015;10283,90
21 ENE 2015;21;miércoles;enero;2015;10335,30
22 ENE 2015;22;jueves;enero;2015;10510,60
23 ENE 2015;23;viernes;enero;2015;10581,50
26 ENE 2015;26;lunes;enero;2015;10696,10
27 ENE 2015;27;martes;enero;2015;10598,90
28 ENE 2015;28;miércoles;enero;2015;10456,90
29 ENE 2015;29;jueves;enero;2015;10507,60
30 ENE 2015;30;viernes;enero;2015;10403,30
02 FEB 2015;2;lunes;febrero;2015;10328,10
03 FEB 2015;3;martes;febrero;2015;10598,20
04 FEB 2015;4;miércoles;febrero;2015;10577,80
05 FEB 2015;5;jueves;febrero;2015;10535,50
06 FEB 2015;6;viernes;febrero;2015;10573,10
09 FEB 2015;9;lunes;febrero;2015;10364,90
10 FEB 2015;10;martes;febrero;2015;10500,10
11 FEB 2015;11;miércoles;febrero;2015;10364,80
12 FEB 2015;12;jueves;febrero;2015;10562,20
13 FEB 2015;13;viernes;febrero;2015;10739,50
16 FEB 2015;16;lunes;febrero;2015;10689,50
17 FEB 2015;17;martes;febrero;2015;10698,00
18 FEB 2015;18;miércoles;febrero;2015;10805,30
19 FEB 2015;19;jueves;febrero;2015;10910,40
20 FEB 2015;20;viernes;febrero;2015;10879,30
23 FEB 2015;23;lunes;febrero;2015;10990,10
24 FEB 2015;24;martes;febrero;2015;11064,50
25 FEB 2015;25;miércoles;febrero;2015;11049,50
26 FEB 2015;26;jueves;febrero;2015;11139,50
27 FEB 2015;27;viernes;febrero;2015;11178,30
02 MAR 2015;2;lunes;marzo;2015;11178,50
03 MAR 2015;3;martes;marzo;2015;11014,70
04 MAR 2015;4;miércoles;marzo;2015;11051,30
05 MAR 2015;5;jueves;marzo;2015;11124,40
06 MAR 2015;6;viernes;marzo;2015;11091,90
09 MAR 2015;9;lunes;marzo;2015;11054,20
10 MAR 2015;10;martes;marzo;2015;10902,20
11 MAR 2015;11;miércoles;marzo;2015;11021,80
12 MAR 2015;12;jueves;marzo;2015;11011,80
13 MAR 2015;13;viernes;marzo;2015;11033,80
16 MAR 2015;16;lunes;marzo;2015;11114,70
17 MAR 2015;17;martes;marzo;2015;11028,10
18 MAR 2015;18;miércoles;marzo;2015;11050,00
19 MAR 2015;19;jueves;marzo;2015;11091,00
20 MAR 2015;20;viernes;marzo;2015;11419,60
23 MAR 2015;23;lunes;marzo;2015;11452,80
24 MAR 2015;24;martes;marzo;2015;11579,30
25 MAR 2015;25;miércoles;marzo;2015;11464,70
26 MAR 2015;26;jueves;marzo;2015;11453,80
27 MAR 2015;27;viernes;marzo;2015;11427,40
30 MAR 2015;30;lunes;marzo;2015;11529,10
31 MAR 2015;31;martes;marzo;2015;11521,10
01 ABR 2015;1;miércoles;abril;2015;11569,80
02 ABR 2015;2;jueves;abril;2015;11634,00
03 ABR 2015;3;viernes;abril;2015;-
06 ABR 2015;6;lunes;abril;2015;-
07 ABR 2015;7;martes;abril;2015;11730,50
08 ABR 2015;8;miércoles;abril;2015;11655,50
09 ABR 2015;9;jueves;abril;2015;11734,60
10 ABR 2015;10;viernes;abril;2015;11749,30
13 ABR 2015;13;lunes;abril;2015;11866,40
14 ABR 2015;14;martes;abril;2015;11704,70
15 ABR 2015;15;miércoles;abril;2015;11778,40
16 ABR 2015;16;jueves;abril;2015;11611,70
17 ABR 2015;17;viernes;abril;2015;11359,40
20 ABR 2015;20;lunes;abril;2015;11384,60
21 ABR 2015;21;martes;abril;2015;11422,30
22 ABR 2015;22;miércoles;abril;2015;11399,20
23 ABR 2015;23;jueves;abril;2015;11425,80
24 ABR 2015;24;viernes;abril;2015;11505,40
27 ABR 2015;27;lunes;abril;2015;11640,20
28 ABR 2015;28;martes;abril;2015;11607,70
29 ABR 2015;29;miércoles;abril;2015;11378,90
30 ABR 2015;30;jueves;abril;2015;11385,00
01 MAY 2015;1;viernes;mayo;2015;-
04 MAY 2015;4;lunes;mayo;2015;11429,10
05 MAY 2015;5;martes;mayo;2015;11115,60
06 MAY 2015;6;miércoles;mayo;2015;11163,60
07 MAY 2015;7;jueves;mayo;2015;11180,30
08 MAY 2015;8;viernes;mayo;2015;11424,70
11 MAY 2015;11;lunes;mayo;2015;11445,80
12 MAY 2015;12;martes;mayo;2015;11322,60
13 MAY 2015;13;miércoles;mayo;2015;11324,60
14 MAY 2015;14;jueves;mayo;2015;11398,70
15 MAY 2015;15;viernes;mayo;2015;11317,30
18 MAY 2015;18;lunes;mayo;2015;11345,00
19 MAY 2015;19;martes;mayo;2015;11497,70
20 MAY 2015;20;miércoles;mayo;2015;11574,10
21 MAY 2015;21;jueves;mayo;2015;11595,40
22 MAY 2015;22;viernes;mayo;2015;11554,20
25 MAY 2015;25;lunes;mayo;2015;11322,30
26 MAY 2015;26;martes;mayo;2015;11240,30
27 MAY 2015;27;miércoles;mayo;2015;11431,10
28 MAY 2015;28;jueves;mayo;2015;11382,80
29 MAY 2015;29;viernes;mayo;2015;11217,60
01 JUN 2015;1;lunes;junio;2015;11238,10
02 JUN 2015;2;martes;junio;2015;11271,40
03 JUN 2015;3;miércoles;junio;2015;11267,60
04 JUN 2015;4;jueves;junio;2015;11146,10
05 JUN 2015;5;viernes;junio;2015;11062,00
08 JUN 2015;8;lunes;junio;2015;10917,30
09 JUN 2015;9;martes;junio;2015;10938,10
10 JUN 2015;10;miércoles;junio;2015;11097,50
11 JUN 2015;11;jueves;junio;2015;11156,70
12 JUN 2015;12;viernes;junio;2015;11030,50
15 JUN 2015;15;lunes;junio;2015;10842,10
16 JUN 2015;16;martes;junio;2015;10871,40
17 JUN 2015;17;miércoles;junio;2015;10813,40
18 JUN 2015;18;jueves;junio;2015;10871,90
19 JUN 2015;19;viernes;junio;2015;10944,30
22 JUN 2015;22;lunes;junio;2015;11368,20
23 JUN 2015;23;martes;junio;2015;11402,50
24 JUN 2015;24;miércoles;junio;2015;11321,90
25 JUN 2015;25;jueves;junio;2015;11308,40
26 JUN 2015;26;viernes;junio;2015;11372,30
29 JUN 2015;29;lunes;junio;2015;10853,90
30 JUN 2015;30;martes;junio;2015;10769,50
01 JUL 2015;1;miércoles;julio;2015;10911,50
02 JUL 2015;2;jueves;julio;2015;10846,40
03 JUL 2015;3;viernes;julio;2015;10779,80
06 JUL 2015;6;lunes;julio;2015;10540,10
07 JUL 2015;7;martes;julio;2015;10346,00
08 JUL 2015;8;miércoles;julio;2015;10430,30
09 JUL 2015;9;jueves;julio;2015;10706,40
10 JUL 2015;10;viernes;julio;2015;11036,10
13 JUL 2015;13;lunes;julio;2015;11224,20
14 JUL 2015;14;martes;julio;2015;11258,30
15 JUL 2015;15;miércoles;julio;2015;11335,70
16 JUL 2015;16;jueves;julio;2015;11510,60
17 JUL 2015;17;viernes;julio;2015;11480,70
20 JUL 2015;20;lunes;julio;2015;11556,10
21 JUL 2015;21;martes;julio;2015;11458,60
22 JUL 2015;22;miércoles;julio;2015;11484,30
23 JUL 2015;23;jueves;julio;2015;11441,90
24 JUL 2015;24;viernes;julio;2015;11309,30
27 JUL 2015;27;lunes;julio;2015;11145,40
28 JUL 2015;28;martes;julio;2015;11252,40
29 JUL 2015;29;miércoles;julio;2015;11282,90
30 JUL 2015;30;jueves;julio;2015;11168,60
31 JUL 2015;31;viernes;julio;2015;11180,70
03 AGO 2015;3;lunes;agosto;2015;11265,90
04 AGO 2015;4;martes;agosto;2015;11150,50
05 AGO 2015;5;miércoles;agosto;2015;11279,50
06 AGO 2015;6;jueves;agosto;2015;11253,60
07 AGO 2015;7;viernes;agosto;2015;11178,20
10 AGO 2015;10;lunes;agosto;2015;11311,70
11 AGO 2015;11;martes;agosto;2015;11152,30
12 AGO 2015;12;miércoles;agosto;2015;10880,10
13 AGO 2015;13;jueves;agosto;2015;10947,90
14 AGO 2015;14;viernes;agosto;2015;10879,30
17 AGO 2015;17;lunes;agosto;2015;10900,30
18 AGO 2015;18;martes;agosto;2015;10897,90
19 AGO 2015;19;miércoles;agosto;2015;10782,40
20 AGO 2015;20;jueves;agosto;2015;10587,00
21 AGO 2015;21;viernes;agosto;2015;10271,70
24 AGO 2015;24;lunes;agosto;2015;9756,60
25 AGO 2015;25;martes;agosto;2015;10115,40
26 AGO 2015;26;miércoles;agosto;2015;9984,50
27 AGO 2015;27;jueves;agosto;2015;10290,20
28 AGO 2015;28;viernes;agosto;2015;10352,90
31 AGO 2015;31;lunes;agosto;2015;10259,00
01 SEP 2015;1;martes;septiembre;2015;9992,80
02 SEP 2015;2;miércoles;septiembre;2015;9938,30
03 SEP 2015;3;jueves;septiembre;2015;10042,40
04 SEP 2015;4;viernes;septiembre;2015;9821,80
07 SEP 2015;7;lunes;septiembre;2015;9805,40
08 SEP 2015;8;martes;septiembre;2015;9866,20
09 SEP 2015;9;miércoles;septiembre;2015;10037,80
10 SEP 2015;10;jueves;septiembre;2015;9859,00
11 SEP 2015;11;viernes;septiembre;2015;9737,90
14 SEP 2015;14;lunes;septiembre;2015;9696,40
15 SEP 2015;15;martes;septiembre;2015;9782,50
16 SEP 2015;16;miércoles;septiembre;2015;9976,80
17 SEP 2015;17;jueves;septiembre;2015;10106,60
18 SEP 2015;18;viernes;septiembre;2015;9847,20
21 SEP 2015;21;lunes;septiembre;2015;9856,80
22 SEP 2015;22;martes;septiembre;2015;9550,20
23 SEP 2015;23;miércoles;septiembre;2015;9474,60
24 SEP 2015;24;jueves;septiembre;2015;9291,40
25 SEP 2015;25;viernes;septiembre;2015;9519,50
28 SEP 2015;28;lunes;septiembre;2015;9394,20
29 SEP 2015;29;martes;septiembre;2015;9393,90
30 SEP 2015;30;miércoles;septiembre;2015;9559,90
01 OCT 2015;1;jueves;octubre;2015;9567,30
02 OCT 2015;2;viernes;octubre;2015;9603,60
05 OCT 2015;5;lunes;octubre;2015;9971,30
06 OCT 2015;6;martes;octubre;2015;10103,30
07 OCT 2015;7;miércoles;octubre;2015;10170,00
08 OCT 2015;8;jueves;octubre;2015;10181,20
09 OCT 2015;9;viernes;octubre;2015;10309,60
12 OCT 2015;12;lunes;octubre;2015;10246,40
13 OCT 2015;13;martes;octubre;2015;10115,30
14 OCT 2015;14;miércoles;octubre;2015;10037,60
15 OCT 2015;15;jueves;octubre;2015;10101,70
16 OCT 2015;16;viernes;octubre;2015;10231,50
19 OCT 2015;19;lunes;octubre;2015;10207,30
20 OCT 2015;20;martes;octubre;2015;10100,60
21 OCT 2015;21;miércoles;octubre;2015;10157,50
22 OCT 2015;22;jueves;octubre;2015;10365,40
23 OCT 2015;23;viernes;octubre;2015;10476,30
26 OCT 2015;26;lunes;octubre;2015;10478,30
27 OCT 2015;27;martes;octubre;2015;10322,40
28 OCT 2015;28;miércoles;octubre;2015;10421,90
29 OCT 2015;29;jueves;octubre;2015;10397,20
30 OCT 2015;30;viernes;octubre;2015;10360,70
02 NOV 2015;2;lunes;noviembre;2015;10418,20
03 NOV 2015;3;martes;noviembre;2015;10465,20
04 NOV 2015;4;miércoles;noviembre;2015;10473,50
05 NOV 2015;5;jueves;noviembre;2015;10431,20
06 NOV 2015;6;viernes;noviembre;2015;10453,20
09 NOV 2015;9;lunes;noviembre;2015;10325,20
10 NOV 2015;10;martes;noviembre;2015;10336,80
11 NOV 2015;11;miércoles;noviembre;2015;10377,20
12 NOV 2015;12;jueves;noviembre;2015;10144,00
13 NOV 2015;13;viernes;noviembre;2015;10111,40
16 NOV 2015;16;lunes;noviembre;2015;10124,50
17 NOV 2015;17;martes;noviembre;2015;10363,80
18 NOV 2015;18;miércoles;noviembre;2015;10261,10
19 NOV 2015;19;jueves;noviembre;2015;10354,70
20 NOV 2015;20;viernes;noviembre;2015;10290,30
23 NOV 2015;23;lunes;noviembre;2015;10277,40
24 NOV 2015;24;martes;noviembre;2015;10207,20
25 NOV 2015;25;miércoles;noviembre;2015;10227,30
26 NOV 2015;26;jueves;noviembre;2015;10332,30
27 NOV 2015;27;viernes;noviembre;2015;10310,70
30 NOV 2015;30;lunes;noviembre;2015;10386,90
01 DIC 2015;1;martes;diciembre;2015;10379,20
02 DIC 2015;2;miércoles;diciembre;2015;10342,00
03 DIC 2015;3;jueves;diciembre;2015;10092,90
04 DIC 2015;4;viernes;diciembre;2015;10078,70
07 DIC 2015;7;lunes;diciembre;2015;10042,40
08 DIC 2015;8;martes;diciembre;2015;9837,10
09 DIC 2015;9;miércoles;diciembre;2015;9835,50
10 DIC 2015;10;jueves;diciembre;2015;9778,70
11 DIC 2015;11;viernes;diciembre;2015;9630,70
14 DIC 2015;14;lunes;diciembre;2015;9428,50
15 DIC 2015;15;martes;diciembre;2015;9711,60
16 DIC 2015;16;miércoles;diciembre;2015;9711,00
17 DIC 2015;17;jueves;diciembre;2015;9878,50
18 DIC 2015;18;viernes;diciembre;2015;9717,10
21 DIC 2015;21;lunes;diciembre;2015;9365,80
22 DIC 2015;22;martes;diciembre;2015;9415,60
23 DIC 2015;23;miércoles;diciembre;2015;9641,00
24 DIC 2015;24;jueves;diciembre;2015;9682,90
25 DIC 2015;25;viernes;diciembre;2015;-
28 DIC 2015;28;lunes;diciembre;2015;9552,50
29 DIC 2015;29;martes;diciembre;2015;9670,40
30 DIC 2015;30;miércoles;diciembre;2015;9641,90
31 DIC 2015;31;jueves;diciembre;2015;9544,20
01 ENE 2016;1;viernes;enero;2016;-
04 ENE 2016;4;lunes;enero;2016;9313,20
05 ENE 2016;5;martes;enero;2016;9335,20
06 ENE 2016;6;miércoles;enero;2016;9197,40
07 ENE 2016;7;jueves;enero;2016;9059,30
08 ENE 2016;8;viernes;enero;2016;8909,20
11 ENE 2016;11;lunes;enero;2016;8886,10
12 ENE 2016;12;martes;enero;2016;8915,40
13 ENE 2016;13;miércoles;enero;2016;8934,50
14 ENE 2016;14;jueves;enero;2016;8787,70
15 ENE 2016;15;viernes;enero;2016;8543,60
18 ENE 2016;18;lunes;enero;2016;8469,30
19 ENE 2016;19;martes;enero;2016;8554,90
20 ENE 2016;20;miércoles;enero;2016;8281,40
21 ENE 2016;21;jueves;enero;2016;8444,20
22 ENE 2016;22;viernes;enero;2016;8722,90
25 ENE 2016;25;lunes;enero;2016;8567,70
26 ENE 2016;26;martes;enero;2016;8692,50
27 ENE 2016;27;miércoles;enero;2016;8741,00
28 ENE 2016;28;jueves;enero;2016;8590,60
29 ENE 2016;29;viernes;enero;2016;8815,80
01 FEB 2016;1;lunes;febrero;2016;8788,50
02 FEB 2016;2;martes;febrero;2016;8528,70
03 FEB 2016;3;miércoles;febrero;2016;8314,50
04 FEB 2016;4;jueves;febrero;2016;8468,10
05 FEB 2016;5;viernes;febrero;2016;8499,50
08 FEB 2016;8;lunes;febrero;2016;8122,10
09 FEB 2016;9;martes;febrero;2016;7927,60
10 FEB 2016;10;miércoles;febrero;2016;8143,70
11 FEB 2016;11;jueves;febrero;2016;7746,30
12 FEB 2016;12;viernes;febrero;2016;7920,80
15 FEB 2016;15;lunes;febrero;2016;8179,20
16 FEB 2016;16;martes;febrero;2016;8137,60
17 FEB 2016;17;miércoles;febrero;2016;8364,90
18 FEB 2016;18;jueves;febrero;2016;8295,40
19 FEB 2016;19;viernes;febrero;2016;8194,20
22 FEB 2016;22;lunes;febrero;2016;8387,00
23 FEB 2016;23;martes;febrero;2016;8267,60
24 FEB 2016;24;miércoles;febrero;2016;8013,70
25 FEB 2016;25;jueves;febrero;2016;8215,60
26 FEB 2016;26;viernes;febrero;2016;8349,20
29 FEB 2016;29;lunes;febrero;2016;8461,40
01 MAR 2016;1;martes;marzo;2016;8611,00
02 MAR 2016;2;miércoles;marzo;2016;8764,50
03 MAR 2016;3;jueves;marzo;2016;8767,00
04 MAR 2016;4;viernes;marzo;2016;8811,60
07 MAR 2016;7;lunes;marzo;2016;8786,80
08 MAR 2016;8;martes;marzo;2016;8740,30
09 MAR 2016;9;miércoles;marzo;2016;8761,10
10 MAR 2016;10;jueves;marzo;2016;8766,90
11 MAR 2016;11;viernes;marzo;2016;9090,60
14 MAR 2016;14;lunes;marzo;2016;9142,70
15 MAR 2016;15;martes;marzo;2016;8988,30
16 MAR 2016;16;miércoles;marzo;2016;8962,80
17 MAR 2016;17;jueves;marzo;2016;8978,80
18 MAR 2016;18;viernes;marzo;2016;9051,10
21 MAR 2016;21;lunes;marzo;2016;9021,00
22 MAR 2016;22;martes;marzo;2016;8992,00
23 MAR 2016;23;miércoles;marzo;2016;8927,10
24 MAR 2016;24;jueves;marzo;2016;8789,80
25 MAR 2016;25;viernes;marzo;2016;-
28 MAR 2016;28;lunes;marzo;2016;-
29 MAR 2016;29;martes;marzo;2016;8808,30
30 MAR 2016;30;miércoles;marzo;2016;8870,20
31 MAR 2016;31;jueves;marzo;2016;8723,10
01 ABR 2016;1;viernes;abril;2016;8602,30
04 ABR 2016;4;lunes;abril;2016;8597,50
05 ABR 2016;5;martes;abril;2016;8387,70
06 ABR 2016;6;miércoles;abril;2016;8398,60
07 ABR 2016;7;jueves;abril;2016;8292,90
08 ABR 2016;8;viernes;abril;2016;8427,60
11 ABR 2016;11;lunes;abril;2016;8497,60
12 ABR 2016;12;martes;abril;2016;8546,30
13 ABR 2016;13;miércoles;abril;2016;8820,70
14 ABR 2016;14;jueves;abril;2016;8861,50
15 ABR 2016;15;viernes;abril;2016;8850,90
18 ABR 2016;18;lunes;abril;2016;8881,60
19 ABR 2016;19;martes;abril;2016;8971,30
20 ABR 2016;20;miércoles;abril;2016;9147,20
21 ABR 2016;21;jueves;abril;2016;9197,20
22 ABR 2016;22;viernes;abril;2016;9232,80
25 ABR 2016;25;lunes;abril;2016;9140,00
26 ABR 2016;26;martes;abril;2016;9283,00
27 ABR 2016;27;miércoles;abril;2016;9332,60
28 ABR 2016;28;jueves;abril;2016;9269,00
29 ABR 2016;29;viernes;abril;2016;9025,70
02 MAY 2016;2;lunes;mayo;2016;9022,10
03 MAY 2016;3;martes;mayo;2016;8764,90
04 MAY 2016;4;miércoles;mayo;2016;8654,30
05 MAY 2016;5;jueves;mayo;2016;8689,40
06 MAY 2016;6;viernes;mayo;2016;8702,10
09 MAY 2016;9;lunes;mayo;2016;8660,80
10 MAY 2016;10;martes;mayo;2016;8775,20
11 MAY 2016;11;miércoles;mayo;2016;8663,90
12 MAY 2016;12;jueves;mayo;2016;8663,10
13 MAY 2016;13;viernes;mayo;2016;8721,50
16 MAY 2016;16;lunes;mayo;2016;8682,10
17 MAY 2016;17;martes;mayo;2016;8698,70
18 MAY 2016;18;miércoles;mayo;2016;8775,10
19 MAY 2016;19;jueves;mayo;2016;8674,70
20 MAY 2016;20;viernes;mayo;2016;8771,20
23 MAY 2016;23;lunes;mayo;2016;8714,00
24 MAY 2016;24;martes;mayo;2016;8918,10
25 MAY 2016;25;miércoles;mayo;2016;9125,00
26 MAY 2016;26;jueves;mayo;2016;9079,20
27 MAY 2016;27;viernes;mayo;2016;9107,30
30 MAY 2016;30;lunes;mayo;2016;9116,90
31 MAY 2016;31;martes;mayo;2016;9034,00
01 JUN 2016;1;miércoles;junio;2016;8916,90
02 JUN 2016;2;jueves;junio;2016;8957,90
03 JUN 2016;3;viernes;junio;2016;8801,60
06 JUN 2016;6;lunes;junio;2016;8823,50
07 JUN 2016;7;martes;junio;2016;8894,50
08 JUN 2016;8;miércoles;junio;2016;8831,40
09 JUN 2016;9;jueves;junio;2016;8769,50
10 JUN 2016;10;viernes;junio;2016;8490,50
13 JUN 2016;13;lunes;junio;2016;8303,80
14 JUN 2016;14;martes;junio;2016;8126,70
15 JUN 2016;15;miércoles;junio;2016;8250,80
16 JUN 2016;16;jueves;junio;2016;8199,90
17 JUN 2016;17;viernes;junio;2016;8362,00
20 JUN 2016;20;lunes;junio;2016;8647,10
21 JUN 2016;21;martes;junio;2016;8667,30
22 JUN 2016;22;miércoles;junio;2016;8702,00
23 JUN 2016;23;jueves;junio;2016;8885,30
24 JUN 2016;24;viernes;junio;2016;7787,70
27 JUN 2016;27;lunes;junio;2016;7645,50
28 JUN 2016;28;martes;junio;2016;7835,00
29 JUN 2016;29;miércoles;junio;2016;8105,30
30 JUN 2016;30;jueves;junio;2016;8163,30
01 JUL 2016;1;viernes;julio;2016;8268,90
04 JUL 2016;4;lunes;julio;2016;8255,90
05 JUL 2016;5;martes;julio;2016;8067,60
06 JUL 2016;6;miércoles;julio;2016;7926,20
07 JUL 2016;7;jueves;julio;2016;8008,20
08 JUL 2016;8;viernes;julio;2016;8185,90
11 JUL 2016;11;lunes;julio;2016;8305,10
12 JUL 2016;12;martes;julio;2016;8506,00
13 JUL 2016;13;miércoles;julio;2016;8473,90
14 JUL 2016;14;jueves;julio;2016;8552,30
15 JUL 2016;15;viernes;julio;2016;8531,00
18 JUL 2016;18;lunes;julio;2016;8524,40
19 JUL 2016;19;martes;julio;2016;8485,20
20 JUL 2016;20;miércoles;julio;2016;8575,50
21 JUL 2016;21;jueves;julio;2016;8583,60
22 JUL 2016;22;viernes;julio;2016;8599,90
25 JUL 2016;25;lunes;julio;2016;8575,70
26 JUL 2016;26;martes;julio;2016;8560,20
27 JUL 2016;27;miércoles;julio;2016;8661,40
28 JUL 2016;28;jueves;julio;2016;8479,20
29 JUL 2016;29;viernes;julio;2016;8587,20
01 AGO 2016;1;lunes;agosto;2016;8513,40
02 AGO 2016;2;martes;agosto;2016;8277,30
03 AGO 2016;3;miércoles;agosto;2016;8263,50
04 AGO 2016;4;jueves;agosto;2016;8385,50
05 AGO 2016;5;viernes;agosto;2016;8539,40
08 AGO 2016;8;lunes;agosto;2016;8562,50
09 AGO 2016;9;martes;agosto;2016;8665,40
10 AGO 2016;10;miércoles;agosto;2016;8658,90
11 AGO 2016;11;jueves;agosto;2016;8719,50
12 AGO 2016;12;viernes;agosto;2016;8716,40
15 AGO 2016;15;lunes;agosto;2016;8720,60
16 AGO 2016;16;martes;agosto;2016;8621,70
17 AGO 2016;17;miércoles;agosto;2016;8487,00
18 AGO 2016;18;jueves;agosto;2016;8550,10
19 AGO 2016;19;viernes;agosto;2016;8450,60
22 AGO 2016;22;lunes;agosto;2016;8468,00
23 AGO 2016;23;martes;agosto;2016;8580,90
24 AGO 2016;24;miércoles;agosto;2016;8655,50
25 AGO 2016;25;jueves;agosto;2016;8599,50
26 AGO 2016;26;viernes;agosto;2016;8659,50
29 AGO 2016;29;lunes;agosto;2016;8616,40
30 AGO 2016;30;martes;agosto;2016;8685,40
31 AGO 2016;31;miércoles;agosto;2016;8716,80
01 SEP 2016;1;jueves;septiembre;2016;8762,80
02 SEP 2016;2;viernes;septiembre;2016;8908,90
05 SEP 2016;5;lunes;septiembre;2016;8953,30
06 SEP 2016;6;martes;septiembre;2016;8899,50
07 SEP 2016;7;miércoles;septiembre;2016;9015,30
08 SEP 2016;8;jueves;septiembre;2016;9101,10
09 SEP 2016;9;viernes;septiembre;2016;9025,50
12 SEP 2016;12;lunes;septiembre;2016;8866,60
13 SEP 2016;13;martes;septiembre;2016;8724,20
14 SEP 2016;14;miércoles;septiembre;2016;8702,40
15 SEP 2016;15;jueves;septiembre;2016;8720,50
16 SEP 2016;16;viernes;septiembre;2016;8633,40
19 SEP 2016;19;lunes;septiembre;2016;8715,50
20 SEP 2016;20;martes;septiembre;2016;8686,10
21 SEP 2016;21;miércoles;septiembre;2016;8758,50
22 SEP 2016;22;jueves;septiembre;2016;8934,90
23 SEP 2016;23;viernes;septiembre;2016;8823,60
26 SEP 2016;26;lunes;septiembre;2016;8711,40
27 SEP 2016;27;martes;septiembre;2016;8688,20
28 SEP 2016;28;miércoles;septiembre;2016;8740,40
29 SEP 2016;29;jueves;septiembre;2016;8796,30
30 SEP 2016;30;viernes;septiembre;2016;8779,40
03 OCT 2016;3;lunes;octubre;2016;8751,60
04 OCT 2016;4;martes;octubre;2016;8769,00
05 OCT 2016;5;miércoles;octubre;2016;8778,30
06 OCT 2016;6;jueves;octubre;2016;8757,40
07 OCT 2016;7;viernes;octubre;2016;8624,30
10 OCT 2016;10;lunes;octubre;2016;8701,50
11 OCT 2016;11;martes;octubre;2016;8693,20
12 OCT 2016;12;miércoles;octubre;2016;8686,50
13 OCT 2016;13;jueves;octubre;2016;8608,70
14 OCT 2016;14;viernes;octubre;2016;8767,90
17 OCT 2016;17;lunes;octubre;2016;8740,70
18 OCT 2016;18;martes;octubre;2016;8865,30
19 OCT 2016;19;miércoles;octubre;2016;8950,10
20 OCT 2016;20;jueves;octubre;2016;9061,20
21 OCT 2016;21;viernes;octubre;2016;9100,40
24 OCT 2016;24;lunes;octubre;2016;9216,20
25 OCT 2016;25;martes;octubre;2016;9139,70
26 OCT 2016;26;miércoles;octubre;2016;9173,30
27 OCT 2016;27;jueves;octubre;2016;9197,20
28 OCT 2016;28;viernes;octubre;2016;9201,30
31 OCT 2016;31;lunes;octubre;2016;9143,30
01 NOV 2016;1;martes;noviembre;2016;9040,70
02 NOV 2016;2;miércoles;noviembre;2016;8873,40
03 NOV 2016;3;jueves;noviembre;2016;8879,90
04 NOV 2016;4;viernes;noviembre;2016;8791,60
07 NOV 2016;7;lunes;noviembre;2016;8918,80
08 NOV 2016;8;martes;noviembre;2016;8937,00
09 NOV 2016;9;miércoles;noviembre;2016;8901,50
10 NOV 2016;10;jueves;noviembre;2016;8756,80
11 NOV 2016;11;viernes;noviembre;2016;8639,20
14 NOV 2016;14;lunes;noviembre;2016;8658,20
15 NOV 2016;15;martes;noviembre;2016;8687,10
16 NOV 2016;16;miércoles;noviembre;2016;8638,50
17 NOV 2016;17;jueves;noviembre;2016;8718,00
18 NOV 2016;18;viernes;noviembre;2016;8622,90
21 NOV 2016;21;lunes;noviembre;2016;8614,60
22 NOV 2016;22;martes;noviembre;2016;8651,50
23 NOV 2016;23;miércoles;noviembre;2016;8627,50
24 NOV 2016;24;jueves;noviembre;2016;8657,20
25 NOV 2016;25;viernes;noviembre;2016;8674,40
28 NOV 2016;28;lunes;noviembre;2016;8619,30
29 NOV 2016;29;martes;noviembre;2016;8667,00
30 NOV 2016;30;miércoles;noviembre;2016;8688,20
01 DIC 2016;1;jueves;diciembre;2016;8669,20
02 DIC 2016;2;viernes;diciembre;2016;8607,10
05 DIC 2016;5;lunes;diciembre;2016;8664,70
06 DIC 2016;6;martes;diciembre;2016;8893,30
07 DIC 2016;7;miércoles;diciembre;2016;8960,40
08 DIC 2016;8;jueves;diciembre;2016;9145,40
09 DIC 2016;9;viernes;diciembre;2016;9169,60
12 DIC 2016;12;lunes;diciembre;2016;9186,40
13 DIC 2016;13;martes;diciembre;2016;9331,30
14 DIC 2016;14;miércoles;diciembre;2016;9218,40
15 DIC 2016;15;jueves;diciembre;2016;9340,80
16 DIC 2016;16;viernes;diciembre;2016;9412,80
19 DIC 2016;19;lunes;diciembre;2016;9336,70
20 DIC 2016;20;martes;diciembre;2016;9407,90
21 DIC 2016;21;miércoles;diciembre;2016;9371,70
22 DIC 2016;22;jueves;diciembre;2016;9333,60
23 DIC 2016;23;viernes;diciembre;2016;9367,70
26 DIC 2016;26;lunes;diciembre;2016;-
27 DIC 2016;27;martes;diciembre;2016;9376,60
28 DIC 2016;28;miércoles;diciembre;2016;9344,90
29 DIC 2016;29;jueves;diciembre;2016;9327,10
30 DIC 2016;30;viernes;diciembre;2016;9352,10
02 ENE 2017;2;lunes;enero;2017;9418,70
03 ENE 2017;3;martes;enero;2017;9494,70
04 ENE 2017;4;miércoles;enero;2017;9462,90
05 ENE 2017;5;jueves;enero;2017;9488,20
06 ENE 2017;6;viernes;enero;2017;9515,90
09 ENE 2017;9;lunes;enero;2017;9492,80
10 ENE 2017;10;martes;enero;2017;9452,00
11 ENE 2017;11;miércoles;enero;2017;9408,60
12 ENE 2017;12;jueves;enero;2017;9407,40
13 ENE 2017;13;viernes;enero;2017;9511,60
16 ENE 2017;16;lunes;enero;2017;9410,00
17 ENE 2017;17;martes;enero;2017;9394,90
18 ENE 2017;18;miércoles;enero;2017;9386,20
19 ENE 2017;19;jueves;enero;2017;9379,10
20 ENE 2017;20;viernes;enero;2017;9380,10
23 ENE 2017;23;lunes;enero;2017;9304,80
24 ENE 2017;24;martes;enero;2017;9387,20
25 ENE 2017;25;miércoles;enero;2017;9549,30
26 ENE 2017;26;jueves;enero;2017;9512,80
27 ENE 2017;27;viernes;enero;2017;9504,10
30 ENE 2017;30;lunes;enero;2017;9361,30
31 ENE 2017;31;martes;enero;2017;9315,20
01 FEB 2017;1;miércoles;febrero;2017;9330,80
02 FEB 2017;2;jueves;febrero;2017;9406,40
03 FEB 2017;3;viernes;febrero;2017;9462,70
06 FEB 2017;6;lunes;febrero;2017;9357,30
07 FEB 2017;7;martes;febrero;2017;9331,50
08 FEB 2017;8;miércoles;febrero;2017;9329,70
09 FEB 2017;9;jueves;febrero;2017;9438,40
10 FEB 2017;10;viernes;febrero;2017;9378,10
13 FEB 2017;13;lunes;febrero;2017;9484,10
14 FEB 2017;14;martes;febrero;2017;9510,20
15 FEB 2017;15;miércoles;febrero;2017;9584,10
16 FEB 2017;16;jueves;febrero;2017;9554,70
17 FEB 2017;17;viernes;febrero;2017;9500,30
20 FEB 2017;20;lunes;febrero;2017;9526,60
21 FEB 2017;21;martes;febrero;2017;9561,00
22 FEB 2017;22;miércoles;febrero;2017;9477,20
23 FEB 2017;23;jueves;febrero;2017;9493,40
24 FEB 2017;24;viernes;febrero;2017;9453,50
27 FEB 2017;27;lunes;febrero;2017;9464,30
28 FEB 2017;28;martes;febrero;2017;9555,50
01 MAR 2017;1;miércoles;marzo;2017;9751,50
02 MAR 2017;2;jueves;marzo;2017;9716,00
03 MAR 2017;3;viernes;marzo;2017;9798,50
06 MAR 2017;6;lunes;marzo;2017;9804,10
07 MAR 2017;7;martes;marzo;2017;9801,70
08 MAR 2017;8;miércoles;marzo;2017;9850,50
09 MAR 2017;9;jueves;marzo;2017;9998,40
10 MAR 2017;10;viernes;marzo;2017;10006,40
13 MAR 2017;13;lunes;marzo;2017;9995,90
14 MAR 2017;14;martes;marzo;2017;9905,10
15 MAR 2017;15;miércoles;marzo;2017;9983,20
16 MAR 2017;16;jueves;marzo;2017;10168,00
17 MAR 2017;17;viernes;marzo;2017;10245,80
20 MAR 2017;20;lunes;marzo;2017;10214,00
21 MAR 2017;21;martes;marzo;2017;10211,90
22 MAR 2017;22;miércoles;marzo;2017;10229,30
23 MAR 2017;23;jueves;marzo;2017;10324,90
24 MAR 2017;24;viernes;marzo;2017;10309,40
27 MAR 2017;27;lunes;marzo;2017;10302,90
28 MAR 2017;28;martes;marzo;2017;10389,00
29 MAR 2017;29;miércoles;marzo;2017;10367,60
30 MAR 2017;30;jueves;marzo;2017;10405,90
31 MAR 2017;31;viernes;marzo;2017;10462,90
03 ABR 2017;3;lunes;abril;2017;10325,30
04 ABR 2017;4;martes;abril;2017;10361,20
05 ABR 2017;5;miércoles;abril;2017;10402,70
06 ABR 2017;6;jueves;abril;2017;10518,90
07 ABR 2017;7;viernes;abril;2017;10529,00
10 ABR 2017;10;lunes;abril;2017;10437,70
11 ABR 2017;11;martes;abril;2017;10416,30
12 ABR 2017;12;miércoles;abril;2017;10360,50
13 ABR 2017;13;jueves;abril;2017;10326,10
14 ABR 2017;14;viernes;abril;2017;-
17 ABR 2017;17;lunes;abril;2017;-
18 ABR 2017;18;martes;abril;2017;10264,50
19 ABR 2017;19;miércoles;abril;2017;10370,30
20 ABR 2017;20;jueves;abril;2017;10372,50
21 ABR 2017;21;viernes;abril;2017;10377,00
24 ABR 2017;24;lunes;abril;2017;10766,80
25 ABR 2017;25;martes;abril;2017;10783,10
26 ABR 2017;26;miércoles;abril;2017;10763,40
27 ABR 2017;27;jueves;abril;2017;10683,90
28 ABR 2017;28;viernes;abril;2017;10715,80
01 MAY 2017;1;lunes;mayo;2017;-
02 MAY 2017;2;martes;mayo;2017;10820,30
03 MAY 2017;3;miércoles;mayo;2017;10837,00
04 MAY 2017;4;jueves;mayo;2017;11012,90
05 MAY 2017;5;viernes;mayo;2017;11135,40
08 MAY 2017;8;lunes;mayo;2017;11096,30
09 MAY 2017;9;martes;mayo;2017;11049,20
10 MAY 2017;10;miércoles;mayo;2017;11034,80
11 MAY 2017;11;jueves;mayo;2017;10861,40
12 MAY 2017;12;viernes;mayo;2017;10897,00
15 MAY 2017;15;lunes;mayo;2017;10957,80
16 MAY 2017;16;martes;mayo;2017;10982,40
17 MAY 2017;17;miércoles;mayo;2017;10786,10
18 MAY 2017;18;jueves;mayo;2017;10684,90
19 MAY 2017;19;viernes;mayo;2017;10835,40
22 MAY 2017;22;lunes;mayo;2017;10793,40
23 MAY 2017;23;martes;mayo;2017;10916,30
24 MAY 2017;24;miércoles;mayo;2017;10907,40
25 MAY 2017;25;jueves;mayo;2017;10937,70
26 MAY 2017;26;viernes;mayo;2017;10904,20
29 MAY 2017;29;lunes;mayo;2017;10884,00
30 MAY 2017;30;martes;mayo;2017;10876,90
31 MAY 2017;31;miércoles;mayo;2017;10880,00
01 JUN 2017;1;jueves;junio;2017;10881,00
02 JUN 2017;2;viernes;junio;2017;10905,90
05 JUN 2017;5;lunes;junio;2017;10884,70
06 JUN 2017;6;martes;junio;2017;10879,70
07 JUN 2017;7;miércoles;junio;2017;10871,70
08 JUN 2017;8;jueves;junio;2017;10953,10
09 JUN 2017;9;viernes;junio;2017;10978,30
12 JUN 2017;12;lunes;junio;2017;10842,40
13 JUN 2017;13;martes;junio;2017;10882,10
14 JUN 2017;14;miércoles;junio;2017;10775,80
15 JUN 2017;15;jueves;junio;2017;10699,60
16 JUN 2017;16;viernes;junio;2017;10759,40
19 JUN 2017;19;lunes;junio;2017;10848,90
20 JUN 2017;20;martes;junio;2017;10746,10
21 JUN 2017;21;miércoles;junio;2017;10740,70
22 JUN 2017;22;jueves;junio;2017;10709,90
23 JUN 2017;23;viernes;junio;2017;10630,80
26 JUN 2017;26;lunes;junio;2017;10696,60
27 JUN 2017;27;martes;junio;2017;10647,90
28 JUN 2017;28;miércoles;junio;2017;10702,70
29 JUN 2017;29;jueves;junio;2017;10531,10
30 JUN 2017;30;viernes;junio;2017;10444,50
03 JUL 2017;3;lunes;julio;2017;10604,20
04 JUL 2017;4;martes;julio;2017;10566,70
05 JUL 2017;5;miércoles;julio;2017;10523,60
06 JUL 2017;6;jueves;julio;2017;10498,40
07 JUL 2017;7;viernes;julio;2017;10488,80
10 JUL 2017;10;lunes;julio;2017;10509,50
11 JUL 2017;11;martes;julio;2017;10449,10
12 JUL 2017;12;miércoles;julio;2017;10560,40
13 JUL 2017;13;jueves;julio;2017;10658,30
14 JUL 2017;14;viernes;julio;2017;10655,10
17 JUL 2017;17;lunes;julio;2017;10651,20
18 JUL 2017;18;martes;julio;2017;10524,50
19 JUL 2017;19;miércoles;julio;2017;10588,10
20 JUL 2017;20;jueves;julio;2017;10564,80
21 JUL 2017;21;viernes;julio;2017;10426,60
24 JUL 2017;24;lunes;julio;2017;10446,50
25 JUL 2017;25;martes;julio;2017;10523,40
26 JUL 2017;26;miércoles;julio;2017;10575,40
27 JUL 2017;27;jueves;julio;2017;10603,40
28 JUL 2017;28;viernes;julio;2017;10536,10
31 JUL 2017;31;lunes;julio;2017;10502,20
01 AGO 2017;1;martes;agosto;2017;10586,70
02 AGO 2017;2;miércoles;agosto;2017;10513,90
03 AGO 2017;3;jueves;agosto;2017;10549,10
04 AGO 2017;4;viernes;agosto;2017;10658,40
07 AGO 2017;7;lunes;agosto;2017;10676,50
08 AGO 2017;8;martes;agosto;2017;10734,70
09 AGO 2017;9;miércoles;agosto;2017;10596,00
10 AGO 2017;10;jueves;agosto;2017;10450,00
11 AGO 2017;11;viernes;agosto;2017;10282,90
14 AGO 2017;14;lunes;agosto;2017;10461,20
15 AGO 2017;15;martes;agosto;2017;10481,50
16 AGO 2017;16;miércoles;agosto;2017;10544,30
17 AGO 2017;17;jueves;agosto;2017;10443,80
18 AGO 2017;18;viernes;agosto;2017;10385,70
21 AGO 2017;21;lunes;agosto;2017;10360,20
22 AGO 2017;22;martes;agosto;2017;10409,80
23 AGO 2017;23;miércoles;agosto;2017;10338,10
24 AGO 2017;24;jueves;agosto;2017;10357,40
25 AGO 2017;25;viernes;agosto;2017;10345,30
28 AGO 2017;28;lunes;agosto;2017;10285,90
29 AGO 2017;29;martes;agosto;2017;10192,60
30 AGO 2017;30;miércoles;agosto;2017;10245,80
31 AGO 2017;31;jueves;agosto;2017;10299,50
01 SEP 2017;1;viernes;septiembre;2017;10325,50
04 SEP 2017;4;lunes;septiembre;2017;10243,20
05 SEP 2017;5;martes;septiembre;2017;10179,80
06 SEP 2017;6;miércoles;septiembre;2017;10131,00
07 SEP 2017;7;jueves;septiembre;2017;10124,90
08 SEP 2017;8;viernes;septiembre;2017;10129,60
11 SEP 2017;11;lunes;septiembre;2017;10322,60
12 SEP 2017;12;martes;septiembre;2017;10336,20
13 SEP 2017;13;miércoles;septiembre;2017;10371,00
14 SEP 2017;14;jueves;septiembre;2017;10361,10
15 SEP 2017;15;viernes;septiembre;2017;10317,40
18 SEP 2017;18;lunes;septiembre;2017;10338,40
19 SEP 2017;19;martes;septiembre;2017;10378,40
20 SEP 2017;20;miércoles;septiembre;2017;10292,10
21 SEP 2017;21;jueves;septiembre;2017;10297,00
22 SEP 2017;22;viernes;septiembre;2017;10305,00
25 SEP 2017;25;lunes;septiembre;2017;10216,50
26 SEP 2017;26;martes;septiembre;2017;10189,60
27 SEP 2017;27;miércoles;septiembre;2017;10368,90
28 SEP 2017;28;jueves;septiembre;2017;10328,50
29 SEP 2017;29;viernes;septiembre;2017;10381,50
02 OCT 2017;2;lunes;octubre;2017;10255,70
03 OCT 2017;3;martes;octubre;2017;10257,50
04 OCT 2017;4;miércoles;octubre;2017;9964,90
05 OCT 2017;5;jueves;octubre;2017;10214,70
06 OCT 2017;6;viernes;octubre;2017;10185,50
09 OCT 2017;9;lunes;octubre;2017;10236,00
10 OCT 2017;10;martes;octubre;2017;10142,30
11 OCT 2017;11;miércoles;octubre;2017;10278,40
12 OCT 2017;12;jueves;octubre;2017;10275,90
13 OCT 2017;13;viernes;octubre;2017;10258,00
16 OCT 2017;16;lunes;octubre;2017;10181,40
17 OCT 2017;17;martes;octubre;2017;10216,80
18 OCT 2017;18;miércoles;octubre;2017;10273,40
19 OCT 2017;19;jueves;octubre;2017;10197,50
20 OCT 2017;20;viernes;octubre;2017;10222,70
23 OCT 2017;23;lunes;octubre;2017;10161,40
24 OCT 2017;24;martes;octubre;2017;10205,70
25 OCT 2017;25;miércoles;octubre;2017;10153,30
26 OCT 2017;26;jueves;octubre;2017;10347,80
27 OCT 2017;27;viernes;octubre;2017;10197,50
30 OCT 2017;30;lunes;octubre;2017;10446,00
31 OCT 2017;31;martes;octubre;2017;10523,50
01 NOV 2017;1;miércoles;noviembre;2017;10506,70
02 NOV 2017;2;jueves;noviembre;2017;10457,80
03 NOV 2017;3;viernes;noviembre;2017;10357,80
06 NOV 2017;6;lunes;noviembre;2017;10316,50
07 NOV 2017;7;martes;noviembre;2017;10230,70
08 NOV 2017;8;miércoles;noviembre;2017;10228,70
09 NOV 2017;9;jueves;noviembre;2017;10141,10
10 NOV 2017;10;viernes;noviembre;2017;10092,70
13 NOV 2017;13;lunes;noviembre;2017;10049,90
14 NOV 2017;14;martes;noviembre;2017;9990,40
15 NOV 2017;15;miércoles;noviembre;2017;10013,90
16 NOV 2017;16;jueves;noviembre;2017;10088,70
17 NOV 2017;17;viernes;noviembre;2017;10010,40
20 NOV 2017;20;lunes;noviembre;2017;10025,50
21 NOV 2017;21;martes;noviembre;2017;9993,40
22 NOV 2017;22;miércoles;noviembre;2017;10013,90
23 NOV 2017;23;jueves;noviembre;2017;10032,80
24 NOV 2017;24;viernes;noviembre;2017;10053,50
27 NOV 2017;27;lunes;noviembre;2017;10063,10
28 NOV 2017;28;martes;noviembre;2017;10144,40
29 NOV 2017;29;miércoles;noviembre;2017;10267,70
30 NOV 2017;30;jueves;noviembre;2017;10211,00
01 DIC 2017;1;viernes;diciembre;2017;10085,00
04 DIC 2017;4;lunes;diciembre;2017;10208,60
05 DIC 2017;5;martes;diciembre;2017;10211,30
06 DIC 2017;6;miércoles;diciembre;2017;10184,00
07 DIC 2017;7;jueves;diciembre;2017;10262,60
08 DIC 2017;8;viernes;diciembre;2017;10321,10
11 DIC 2017;11;lunes;diciembre;2017;10306,90
12 DIC 2017;12;martes;diciembre;2017;10288,30
13 DIC 2017;13;miércoles;diciembre;2017;10260,50
14 DIC 2017;14;jueves;diciembre;2017;10176,50
15 DIC 2017;15;viernes;diciembre;2017;10150,40
18 DIC 2017;18;lunes;diciembre;2017;10244,10
19 DIC 2017;19;martes;diciembre;2017;10234,30
20 DIC 2017;20;miércoles;diciembre;2017;10207,70
21 DIC 2017;21;jueves;diciembre;2017;10304,60
22 DIC 2017;22;viernes;diciembre;2017;10182,00
25 DIC 2017;25;lunes;diciembre;2017;-
26 DIC 2017;26;martes;diciembre;2017;-
27 DIC 2017;27;miércoles;diciembre;2017;10165,20
28 DIC 2017;28;jueves;diciembre;2017;10093,10
29 DIC 2017;29;viernes;diciembre;2017;10043,90
01 ENE 2018;1;lunes;enero;2018;-
02 ENE 2018;2;martes;enero;2018;10079,10
03 ENE 2018;3;miércoles;enero;2018;10116,00
04 ENE 2018;4;jueves;enero;2018;10314,40
05 ENE 2018;5;viernes;enero;2018;10411,40
08 ENE 2018;8;lunes;enero;2018;10398,40
09 ENE 2018;9;martes;enero;2018;10426,50
10 ENE 2018;10;miércoles;enero;2018;10428,30
11 ENE 2018;11;jueves;enero;2018;10435,20
12 ENE 2018;12;viernes;enero;2018;10462,40
15 ENE 2018;15;lunes;enero;2018;10467,20
16 ENE 2018;16;martes;enero;2018;10520,40
17 ENE 2018;17;miércoles;enero;2018;10474,60
18 ENE 2018;18;jueves;enero;2018;10432,70
19 ENE 2018;19;viernes;enero;2018;10479,50
22 ENE 2018;22;lunes;enero;2018;10584,00
23 ENE 2018;23;martes;enero;2018;10609,50
24 ENE 2018;24;miércoles;enero;2018;10563,00
25 ENE 2018;25;jueves;enero;2018;10595,30
26 ENE 2018;26;viernes;enero;2018;10595,40
29 ENE 2018;29;lunes;enero;2018;10555,60
30 ENE 2018;30;martes;enero;2018;10428,20
31 ENE 2018;31;miércoles;enero;2018;10451,50
01 FEB 2018;1;jueves;febrero;2018;10399,00
02 FEB 2018;2;viernes;febrero;2018;10211,20
05 FEB 2018;5;lunes;febrero;2018;10064,50
06 FEB 2018;6;martes;febrero;2018;9810,00
07 FEB 2018;7;miércoles;febrero;2018;9976,90
08 FEB 2018;8;jueves;febrero;2018;9756,30
09 FEB 2018;9;viernes;febrero;2018;9639,60
12 FEB 2018;12;lunes;febrero;2018;9771,10
13 FEB 2018;13;martes;febrero;2018;9650,70
14 FEB 2018;14;miércoles;febrero;2018;9686,20
15 FEB 2018;15;jueves;febrero;2018;9714,90
16 FEB 2018;16;viernes;febrero;2018;9832,10
19 FEB 2018;19;lunes;febrero;2018;9806,20
20 FEB 2018;20;martes;febrero;2018;9895,30
21 FEB 2018;21;miércoles;febrero;2018;9823,30
22 FEB 2018;22;jueves;febrero;2018;9876,50
23 FEB 2018;23;viernes;febrero;2018;9822,40
26 FEB 2018;26;lunes;febrero;2018;9902,40
27 FEB 2018;27;martes;febrero;2018;9900,20
28 FEB 2018;28;miércoles;febrero;2018;9840,30
01 MAR 2018;1;jueves;marzo;2018;9738,60
02 MAR 2018;2;viernes;marzo;2018;9531,10
05 MAR 2018;5;lunes;marzo;2018;9590,80
06 MAR 2018;6;martes;marzo;2018;9586,80
07 MAR 2018;7;miércoles;marzo;2018;9599,30
08 MAR 2018;8;jueves;marzo;2018;9646,20
09 MAR 2018;9;viernes;marzo;2018;9686,10
12 MAR 2018;12;lunes;marzo;2018;9727,50
13 MAR 2018;13;martes;marzo;2018;9691,70
14 MAR 2018;14;miércoles;marzo;2018;9688,50
15 MAR 2018;15;jueves;marzo;2018;9684,20
16 MAR 2018;16;viernes;marzo;2018;9761,00
19 MAR 2018;19;lunes;marzo;2018;9664,10
20 MAR 2018;20;martes;marzo;2018;9681,60
21 MAR 2018;21;miércoles;marzo;2018;9630,90
22 MAR 2018;22;jueves;marzo;2018;9487,40
23 MAR 2018;23;viernes;marzo;2018;9393,10
26 MAR 2018;26;lunes;marzo;2018;9381,00
27 MAR 2018;27;martes;marzo;2018;9473,60
28 MAR 2018;28;miércoles;marzo;2018;9555,00
29 MAR 2018;29;jueves;marzo;2018;9600,40
30 MAR 2018;30;viernes;marzo;2018;-
02 ABR 2018;2;lunes;abril;2018;-
03 ABR 2018;3;martes;abril;2018;9549,60
04 ABR 2018;4;miércoles;abril;2018;9513,30
05 ABR 2018;5;jueves;abril;2018;9740,90
06 ABR 2018;6;viernes;abril;2018;9682,80
09 ABR 2018;9;lunes;abril;2018;9742,80
10 ABR 2018;10;martes;abril;2018;9763,50
11 ABR 2018;11;miércoles;abril;2018;9735,80
12 ABR 2018;12;jueves;abril;2018;9747,00
13 ABR 2018;13;viernes;abril;2018;9767,30
16 ABR 2018;16;lunes;abril;2018;9766,10
17 ABR 2018;17;martes;abril;2018;9803,90
18 ABR 2018;18;miércoles;abril;2018;9857,30
19 ABR 2018;19;jueves;abril;2018;9868,00
20 ABR 2018;20;viernes;abril;2018;9884,20
23 ABR 2018;23;lunes;abril;2018;9922,00
24 ABR 2018;24;martes;abril;2018;9883,40
25 ABR 2018;25;miércoles;abril;2018;9858,00
26 ABR 2018;26;jueves;abril;2018;9902,30
27 ABR 2018;27;viernes;abril;2018;9925,40
30 ABR 2018;30;lunes;abril;2018;9980,60
01 MAY 2018;1;martes;mayo;2018;-
02 MAY 2018;2;miércoles;mayo;2018;10088,90
03 MAY 2018;3;jueves;mayo;2018;10038,80
04 MAY 2018;4;viernes;mayo;2018;10104,10
07 MAY 2018;7;lunes;mayo;2018;10140,90
08 MAY 2018;8;martes;mayo;2018;10168,10
09 MAY 2018;9;miércoles;mayo;2018;10221,20
10 MAY 2018;10;jueves;mayo;2018;10246,60
11 MAY 2018;11;viernes;mayo;2018;10271,40
14 MAY 2018;14;lunes;mayo;2018;10257,80
15 MAY 2018;15;martes;mayo;2018;10207,60
16 MAY 2018;16;miércoles;mayo;2018;10111,00
17 MAY 2018;17;jueves;mayo;2018;10216,40
18 MAY 2018;18;viernes;mayo;2018;10112,40
21 MAY 2018;21;lunes;mayo;2018;10066,50
22 MAY 2018;22;martes;mayo;2018;10138,80
23 MAY 2018;23;miércoles;mayo;2018;10025,00
24 MAY 2018;24;jueves;mayo;2018;9996,00
25 MAY 2018;25;viernes;mayo;2018;9826,50
28 MAY 2018;28;lunes;mayo;2018;9764,40
29 MAY 2018;29;martes;mayo;2018;9521,30
30 MAY 2018;30;miércoles;mayo;2018;9566,20
31 MAY 2018;31;jueves;mayo;2018;9465,50
01 JUN 2018;1;viernes;junio;2018;9632,40
04 JUN 2018;4;lunes;junio;2018;9750,30
05 JUN 2018;5;martes;junio;2018;9686,40
06 JUN 2018;6;miércoles;junio;2018;9791,60
07 JUN 2018;7;jueves;junio;2018;9829,00
08 JUN 2018;8;viernes;junio;2018;9746,30
11 JUN 2018;11;lunes;junio;2018;9898,30
12 JUN 2018;12;martes;junio;2018;9914,40
13 JUN 2018;13;miércoles;junio;2018;9899,10
14 JUN 2018;14;jueves;junio;2018;9957,70
15 JUN 2018;15;viernes;junio;2018;9851,00
18 JUN 2018;18;lunes;junio;2018;9769,40
19 JUN 2018;19;martes;junio;2018;9755,40
20 JUN 2018;20;miércoles;junio;2018;9788,90
21 JUN 2018;21;jueves;junio;2018;9702,10
22 JUN 2018;22;viernes;junio;2018;9792,10
25 JUN 2018;25;lunes;junio;2018;9617,90
26 JUN 2018;26;martes;junio;2018;9637,40
27 JUN 2018;27;miércoles;junio;2018;9658,60
28 JUN 2018;28;jueves;junio;2018;9589,00
29 JUN 2018;29;viernes;junio;2018;9622,70
02 JUL 2018;2;lunes;julio;2018;9558,30
03 JUL 2018;3;martes;julio;2018;9660,90
04 JUL 2018;4;miércoles;julio;2018;9757,50
05 JUL 2018;5;jueves;julio;2018;9866,20
06 JUL 2018;6;viernes;julio;2018;9905,00
09 JUL 2018;9;lunes;julio;2018;9927,00
10 JUL 2018;10;martes;julio;2018;9889,30
11 JUL 2018;11;miércoles;julio;2018;9733,60
12 JUL 2018;12;jueves;julio;2018;9767,40
13 JUL 2018;13;viernes;julio;2018;9734,80
16 JUL 2018;16;lunes;julio;2018;9716,90
17 JUL 2018;17;martes;julio;2018;9719,40
18 JUL 2018;18;miércoles;julio;2018;9753,20
19 JUL 2018;19;jueves;julio;2018;9721,10
20 JUL 2018;20;viernes;julio;2018;9724,80
23 JUL 2018;23;lunes;julio;2018;9726,10
24 JUL 2018;24;martes;julio;2018;9773,10
25 JUL 2018;25;miércoles;julio;2018;9703,10
26 JUL 2018;26;jueves;julio;2018;9780,00
27 JUL 2018;27;viernes;julio;2018;9867,90
30 JUL 2018;30;lunes;julio;2018;9854,10
31 JUL 2018;31;martes;julio;2018;9870,70
01 AGO 2018;1;miércoles;agosto;2018;9799,30
02 AGO 2018;2;jueves;agosto;2018;9698,20
03 AGO 2018;3;viernes;agosto;2018;9739,80
06 AGO 2018;6;lunes;agosto;2018;9722,70
07 AGO 2018;7;martes;agosto;2018;9772,80
08 AGO 2018;8;miércoles;agosto;2018;9747,10
09 AGO 2018;9;jueves;agosto;2018;9754,60
10 AGO 2018;10;viernes;agosto;2018;9602,10
13 AGO 2018;13;lunes;agosto;2018;9530,40
14 AGO 2018;14;martes;agosto;2018;9507,00
15 AGO 2018;15;miércoles;agosto;2018;9386,80
16 AGO 2018;16;jueves;agosto;2018;9427,40
17 AGO 2018;17;viernes;agosto;2018;9417,30
20 AGO 2018;20;lunes;agosto;2018;9468,60
21 AGO 2018;21;martes;agosto;2018;9549,00
22 AGO 2018;22;miércoles;agosto;2018;9580,20
23 AGO 2018;23;jueves;agosto;2018;9567,30
24 AGO 2018;24;viernes;agosto;2018;9589,50
27 AGO 2018;27;lunes;agosto;2018;9659,80
28 AGO 2018;28;martes;agosto;2018;9606,50
29 AGO 2018;29;miércoles;agosto;2018;9569,50
30 AGO 2018;30;jueves;agosto;2018;9467,60
31 AGO 2018;31;viernes;agosto;2018;9399,10
03 SEP 2018;3;lunes;septiembre;2018;9376,10
04 SEP 2018;4;martes;septiembre;2018;9376,30
05 SEP 2018;5;miércoles;septiembre;2018;9301,30
06 SEP 2018;6;jueves;septiembre;2018;9208,70
07 SEP 2018;7;viernes;septiembre;2018;9171,20
10 SEP 2018;10;lunes;septiembre;2018;9270,80
11 SEP 2018;11;martes;septiembre;2018;9284,10
12 SEP 2018;12;miércoles;septiembre;2018;9306,80
13 SEP 2018;13;jueves;septiembre;2018;9329,20
14 SEP 2018;14;viernes;septiembre;2018;9365,30
17 SEP 2018;17;lunes;septiembre;2018;9404,60
18 SEP 2018;18;martes;septiembre;2018;9447,50
19 SEP 2018;19;miércoles;septiembre;2018;9486,30
20 SEP 2018;20;jueves;septiembre;2018;9583,70
21 SEP 2018;21;viernes;septiembre;2018;9590,40
24 SEP 2018;24;lunes;septiembre;2018;9512,80
25 SEP 2018;25;martes;septiembre;2018;9493,60
26 SEP 2018;26;miércoles;septiembre;2018;9524,80
27 SEP 2018;27;jueves;septiembre;2018;9527,50
28 SEP 2018;28;viernes;septiembre;2018;9389,20
01 OCT 2018;1;lunes;octubre;2018;9407,00
02 OCT 2018;2;martes;octubre;2018;9305,50
03 OCT 2018;3;miércoles;octubre;2018;9361,10
04 OCT 2018;4;jueves;octubre;2018;9314,50
05 OCT 2018;5;viernes;octubre;2018;9253,90
08 OCT 2018;8;lunes;octubre;2018;9199,20
09 OCT 2018;9;martes;octubre;2018;9260,50
10 OCT 2018;10;miércoles;octubre;2018;9162,90
11 OCT 2018;11;jueves;octubre;2018;9007,90
12 OCT 2018;12;viernes;octubre;2018;8902,00
15 OCT 2018;15;lunes;octubre;2018;8923,70
16 OCT 2018;16;martes;octubre;2018;9074,70
17 OCT 2018;17;miércoles;octubre;2018;8997,20
18 OCT 2018;18;jueves;octubre;2018;8889,60
19 OCT 2018;19;viernes;octubre;2018;8892,10
22 OCT 2018;22;lunes;octubre;2018;8806,50
23 OCT 2018;23;martes;octubre;2018;8726,10
24 OCT 2018;24;miércoles;octubre;2018;8677,40
25 OCT 2018;25;jueves;octubre;2018;8785,20
26 OCT 2018;26;viernes;octubre;2018;8730,40
29 OCT 2018;29;lunes;octubre;2018;8821,20
30 OCT 2018;30;martes;octubre;2018;8806,10
31 OCT 2018;31;miércoles;octubre;2018;8893,50
01 NOV 2018;1;jueves;noviembre;2018;8954,80
02 NOV 2018;2;viernes;noviembre;2018;8993,00
05 NOV 2018;5;lunes;noviembre;2018;9010,70
06 NOV 2018;6;martes;noviembre;2018;8988,90
07 NOV 2018;7;miércoles;noviembre;2018;9167,90
08 NOV 2018;8;jueves;noviembre;2018;9177,00
09 NOV 2018;9;viernes;noviembre;2018;9134,80
12 NOV 2018;12;lunes;noviembre;2018;9076,30
13 NOV 2018;13;martes;noviembre;2018;9145,40
14 NOV 2018;14;miércoles;noviembre;2018;9106,60
15 NOV 2018;15;jueves;noviembre;2018;9073,50
16 NOV 2018;16;viernes;noviembre;2018;9056,80
19 NOV 2018;19;lunes;noviembre;2018;9006,30
20 NOV 2018;20;martes;noviembre;2018;8866,50
21 NOV 2018;21;miércoles;noviembre;2018;8960,60
22 NOV 2018;22;jueves;noviembre;2018;8906,20
23 NOV 2018;23;viernes;noviembre;2018;8916,70
26 NOV 2018;26;lunes;noviembre;2018;9091,20
27 NOV 2018;27;martes;noviembre;2018;9085,60
28 NOV 2018;28;miércoles;noviembre;2018;9102,70
29 NOV 2018;29;jueves;noviembre;2018;9098,90
30 NOV 2018;30;viernes;noviembre;2018;9077,20
03 DIC 2018;3;lunes;diciembre;2018;9179,60
04 DIC 2018;4;martes;diciembre;2018;9061,70
05 DIC 2018;5;miércoles;diciembre;2018;9012,20
06 DIC 2018;6;jueves;diciembre;2018;8764,50
07 DIC 2018;7;viernes;diciembre;2018;8815,50
10 DIC 2018;10;lunes;diciembre;2018;8660,00
11 DIC 2018;11;martes;diciembre;2018;8735,50
12 DIC 2018;12;miércoles;diciembre;2018;8853,40
13 DIC 2018;13;jueves;diciembre;2018;8926,30
14 DIC 2018;14;viernes;diciembre;2018;8886,10
17 DIC 2018;17;lunes;diciembre;2018;8812,50
18 DIC 2018;18;martes;diciembre;2018;8700,80
19 DIC 2018;19;miércoles;diciembre;2018;8769,10
20 DIC 2018;20;jueves;diciembre;2018;8596,50
21 DIC 2018;21;viernes;diciembre;2018;8556,80
24 DIC 2018;24;lunes;diciembre;2018;8480,60
25 DIC 2018;25;martes;diciembre;2018;-
26 DIC 2018;26;miércoles;diciembre;2018;-
27 DIC 2018;27;jueves;diciembre;2018;8363,90
28 DIC 2018;28;viernes;diciembre;2018;8493,70
31 DIC 2018;31;lunes;diciembre;2018;8539,90
01 ENE 2019;1;martes;enero;2019;-
02 ENE 2019;2;miércoles;enero;2019;8550,00
03 ENE 2019;3;jueves;enero;2019;8523,30
04 ENE 2019;4;viernes;enero;2019;8737,80
07 ENE 2019;7;lunes;enero;2019;8776,30
08 ENE 2019;8;martes;enero;2019;8847,30
09 ENE 2019;9;miércoles;enero;2019;8823,60
10 ENE 2019;10;jueves;enero;2019;8856,80
11 ENE 2019;11;viernes;enero;2019;8877,10
14 ENE 2019;14;lunes;enero;2019;8818,60
15 ENE 2019;15;martes;enero;2019;8850,10
16 ENE 2019;16;miércoles;enero;2019;8912,70
17 ENE 2019;17;jueves;enero;2019;8908,60
18 ENE 2019;18;viernes;enero;2019;9069,10
21 ENE 2019;21;lunes;enero;2019;9053,80
22 ENE 2019;22;martes;enero;2019;9037,50
23 ENE 2019;23;miércoles;enero;2019;9128,80
24 ENE 2019;24;jueves;enero;2019;9150,00
25 ENE 2019;25;viernes;enero;2019;9185,20
28 ENE 2019;28;lunes;enero;2019;9062,40
29 ENE 2019;29;martes;enero;2019;9119,10
30 ENE 2019;30;miércoles;enero;2019;9071,50
31 ENE 2019;31;jueves;enero;2019;9056,70
01 FEB 2019;1;viernes;febrero;2019;9019,40
04 FEB 2019;4;lunes;febrero;2019;8975,20
05 FEB 2019;5;martes;febrero;2019;9092,00
06 FEB 2019;6;miércoles;febrero;2019;9100,90
07 FEB 2019;7;jueves;febrero;2019;8938,30
08 FEB 2019;8;viernes;febrero;2019;8856,80
11 FEB 2019;11;lunes;febrero;2019;8936,40
12 FEB 2019;12;martes;febrero;2019;8983,10
13 FEB 2019;13;miércoles;febrero;2019;8982,40
14 FEB 2019;14;jueves;febrero;2019;8952,50
15 FEB 2019;15;viernes;febrero;2019;9123,20
18 FEB 2019;18;lunes;febrero;2019;9155,50
19 FEB 2019;19;martes;febrero;2019;9136,40
20 FEB 2019;20;miércoles;febrero;2019;9181,10
21 FEB 2019;21;jueves;febrero;2019;9191,20
22 FEB 2019;22;viernes;febrero;2019;9204,60
25 FEB 2019;25;lunes;febrero;2019;9204,30
26 FEB 2019;26;martes;febrero;2019;9227,20
27 FEB 2019;27;miércoles;febrero;2019;9211,70
28 FEB 2019;28;jueves;febrero;2019;9277,70
01 MAR 2019;1;viernes;marzo;2019;9267,70
04 MAR 2019;4;lunes;marzo;2019;9259,80
05 MAR 2019;5;martes;marzo;2019;9258,20
06 MAR 2019;6;miércoles;marzo;2019;9296,70
07 MAR 2019;7;jueves;marzo;2019;9249,90
08 MAR 2019;8;viernes;marzo;2019;9129,30
11 MAR 2019;11;lunes;marzo;2019;9171,90
12 MAR 2019;12;martes;marzo;2019;9161,70
13 MAR 2019;13;miércoles;marzo;2019;9192,70
14 MAR 2019;14;jueves;marzo;2019;9209,80
15 MAR 2019;15;viernes;marzo;2019;9342,20
18 MAR 2019;18;lunes;marzo;2019;9409,10
19 MAR 2019;19;martes;marzo;2019;9492,30
20 MAR 2019;20;miércoles;marzo;2019;9405,60
21 MAR 2019;21;jueves;marzo;2019;9355,60
22 MAR 2019;22;viernes;marzo;2019;9199,40
25 MAR 2019;25;lunes;marzo;2019;9179,90
26 MAR 2019;26;martes;marzo;2019;9183,10
27 MAR 2019;27;miércoles;marzo;2019;9229,90
28 MAR 2019;28;jueves;marzo;2019;9174,70
29 MAR 2019;29;viernes;marzo;2019;9240,30
01 ABR 2019;1;lunes;abril;2019;9341,70
02 ABR 2019;2;martes;abril;2019;9363,50
03 ABR 2019;3;miércoles;abril;2019;9487,80
04 ABR 2019;4;jueves;abril;2019;9534,10
05 ABR 2019;5;viernes;abril;2019;9510,30
08 ABR 2019;8;lunes;abril;2019;9437,70
09 ABR 2019;9;martes;abril;2019;9407,80
10 ABR 2019;10;miércoles;abril;2019;9406,50
11 ABR 2019;11;jueves;abril;2019;9445,40
12 ABR 2019;12;viernes;abril;2019;9468,50
15 ABR 2019;15;lunes;abril;2019;9497,10
16 ABR 2019;16;martes;abril;2019;9497,30
17 ABR 2019;17;miércoles;abril;2019;9549,80
18 ABR 2019;18;jueves;abril;2019;9581,90
19 ABR 2019;19;viernes;abril;2019;-
22 ABR 2019;22;lunes;abril;2019;-
23 ABR 2019;23;martes;abril;2019;9527,20
24 ABR 2019;24;miércoles;abril;2019;9456,40
25 ABR 2019;25;jueves;abril;2019;9501,20
26 ABR 2019;26;viernes;abril;2019;9506,00
29 ABR 2019;29;lunes;abril;2019;9517,20
30 ABR 2019;30;martes;abril;2019;9570,60
01 MAY 2019;1;miércoles;mayo;2019;-
02 MAY 2019;2;jueves;mayo;2019;9418,20
03 MAY 2019;3;viernes;mayo;2019;9409,60
06 MAY 2019;6;lunes;mayo;2019;9331,00
07 MAY 2019;7;martes;mayo;2019;9235,10
08 MAY 2019;8;miércoles;mayo;2019;9227,00
09 MAY 2019;9;jueves;mayo;2019;9095,20
10 MAY 2019;10;viernes;mayo;2019;9117,50
13 MAY 2019;13;lunes;mayo;2019;9046,80
14 MAY 2019;14;martes;mayo;2019;9127,60
15 MAY 2019;15;miércoles;mayo;2019;9177,10
16 MAY 2019;16;jueves;mayo;2019;9304,30
17 MAY 2019;17;viernes;mayo;2019;9280,10
20 MAY 2019;20;lunes;mayo;2019;9199,70
21 MAY 2019;21;martes;mayo;2019;9239,10
22 MAY 2019;22;miércoles;mayo;2019;9232,20
23 MAY 2019;23;jueves;mayo;2019;9114,00
24 MAY 2019;24;viernes;mayo;2019;9174,60
27 MAY 2019;27;lunes;mayo;2019;9216,40
28 MAY 2019;28;martes;mayo;2019;9191,80
29 MAY 2019;29;miércoles;mayo;2019;9080,50
30 MAY 2019;30;jueves;mayo;2019;9157,80
31 MAY 2019;31;viernes;mayo;2019;9004,20
03 JUN 2019;3;lunes;junio;2019;9022,80
04 JUN 2019;4;martes;junio;2019;9117,60
05 JUN 2019;5;miércoles;junio;2019;9150,50
06 JUN 2019;6;jueves;junio;2019;9169,20
07 JUN 2019;7;viernes;junio;2019;9236,10
10 JUN 2019;10;lunes;junio;2019;9294,10
11 JUN 2019;11;martes;junio;2019;9282,10
12 JUN 2019;12;miércoles;junio;2019;9238,50
13 JUN 2019;13;jueves;junio;2019;9247,10
14 JUN 2019;14;viernes;junio;2019;9194,20
17 JUN 2019;17;lunes;junio;2019;9131,70
18 JUN 2019;18;martes;junio;2019;9240,70
19 JUN 2019;19;miércoles;junio;2019;9231,20
20 JUN 2019;20;jueves;junio;2019;9208,50
21 JUN 2019;21;viernes;junio;2019;9227,20
24 JUN 2019;24;lunes;junio;2019;9192,50
25 JUN 2019;25;martes;junio;2019;9159,80
26 JUN 2019;26;miércoles;junio;2019;9157,40
27 JUN 2019;27;jueves;junio;2019;9147,80
28 JUN 2019;28;viernes;junio;2019;9198,80
01 JUL 2019;1;lunes;julio;2019;9264,60
02 JUL 2019;2;martes;julio;2019;9281,50
03 JUL 2019;3;miércoles;julio;2019;9394,40
04 JUL 2019;4;jueves;julio;2019;9401,00
05 JUL 2019;5;viernes;julio;2019;9335,00
08 JUL 2019;8;lunes;julio;2019;9284,70
09 JUL 2019;9;martes;julio;2019;9273,90
10 JUL 2019;10;miércoles;julio;2019;9252,90
11 JUL 2019;11;jueves;julio;2019;9280,30
12 JUL 2019;12;viernes;julio;2019;9293,20
15 JUL 2019;15;lunes;julio;2019;9323,60
16 JUL 2019;16;martes;julio;2019;9377,10
17 JUL 2019;17;miércoles;julio;2019;9284,20
18 JUL 2019;18;jueves;julio;2019;9225,70
19 JUL 2019;19;viernes;julio;2019;9170,50
22 JUL 2019;22;lunes;julio;2019;9163,50
23 JUL 2019;23;martes;julio;2019;9281,60
24 JUL 2019;24;miércoles;julio;2019;9329,70
25 JUL 2019;25;jueves;julio;2019;9289,90
26 JUL 2019;26;viernes;julio;2019;9225,50
29 JUL 2019;29;lunes;julio;2019;9215,40
30 JUL 2019;30;martes;julio;2019;8986,60
31 JUL 2019;31;miércoles;julio;2019;8971,00
01 AGO 2019;1;jueves;agosto;2019;9038,20
02 AGO 2019;2;viernes;agosto;2019;8897,60
05 AGO 2019;5;lunes;agosto;2019;8777,20
06 AGO 2019;6;martes;agosto;2019;8699,40
07 AGO 2019;7;miércoles;agosto;2019;8746,10
08 AGO 2019;8;jueves;agosto;2019;8869,00
09 AGO 2019;9;viernes;agosto;2019;8757,80
12 AGO 2019;12;lunes;agosto;2019;8676,40
13 AGO 2019;13;martes;agosto;2019;8695,10
14 AGO 2019;14;miércoles;agosto;2019;8522,70
15 AGO 2019;15;jueves;agosto;2019;8519,00
16 AGO 2019;16;viernes;agosto;2019;8670,40
19 AGO 2019;19;lunes;agosto;2019;8733,30
20 AGO 2019;20;martes;agosto;2019;8618,30
21 AGO 2019;21;miércoles;agosto;2019;8701,50
22 AGO 2019;22;jueves;agosto;2019;8716,40
23 AGO 2019;23;viernes;agosto;2019;8649,50
26 AGO 2019;26;lunes;agosto;2019;8679,20
27 AGO 2019;27;martes;agosto;2019;8728,90
28 AGO 2019;28;miércoles;agosto;2019;8747,10
29 AGO 2019;29;jueves;agosto;2019;8794,30
30 AGO 2019;30;viernes;agosto;2019;8812,90
02 SEP 2019;2;lunes;septiembre;2019;8815,50
03 SEP 2019;3;martes;septiembre;2019;8809,20
04 SEP 2019;4;miércoles;septiembre;2019;8856,60
05 SEP 2019;5;jueves;septiembre;2019;8992,70
06 SEP 2019;6;viernes;septiembre;2019;8990,10
09 SEP 2019;9;lunes;septiembre;2019;9010,60
10 SEP 2019;10;martes;septiembre;2019;9078,20
11 SEP 2019;11;miércoles;septiembre;2019;9059,50
12 SEP 2019;12;jueves;septiembre;2019;9082,30
13 SEP 2019;13;viernes;septiembre;2019;9137,90
16 SEP 2019;16;lunes;septiembre;2019;9052,00
17 SEP 2019;17;martes;septiembre;2019;9004,20
18 SEP 2019;18;miércoles;septiembre;2019;9031,70
19 SEP 2019;19;jueves;septiembre;2019;9136,00
20 SEP 2019;20;viernes;septiembre;2019;9179,00
23 SEP 2019;23;lunes;septiembre;2019;9093,60
24 SEP 2019;24;martes;septiembre;2019;9118,20
25 SEP 2019;25;miércoles;septiembre;2019;9085,30
26 SEP 2019;26;jueves;septiembre;2019;9129,70
27 SEP 2019;27;viernes;septiembre;2019;9184,10
30 SEP 2019;30;lunes;septiembre;2019;9244,60
01 OCT 2019;1;martes;octubre;2019;9165,90
02 OCT 2019;2;miércoles;octubre;2019;8912,20
03 OCT 2019;3;jueves;octubre;2019;8902,20
04 OCT 2019;4;viernes;octubre;2019;8961,80
07 OCT 2019;7;lunes;octubre;2019;9044,10
08 OCT 2019;8;martes;octubre;2019;8940,10
09 OCT 2019;9;miércoles;octubre;2019;8991,90
10 OCT 2019;10;jueves;octubre;2019;9104,40
11 OCT 2019;11;viernes;octubre;2019;9273,80
14 OCT 2019;14;lunes;octubre;2019;9246,50
15 OCT 2019;15;martes;octubre;2019;9356,10
16 OCT 2019;16;miércoles;octubre;2019;9386,70
17 OCT 2019;17;jueves;octubre;2019;9340,00
18 OCT 2019;18;viernes;octubre;2019;9329,80
21 OCT 2019;21;lunes;octubre;2019;9402,30
22 OCT 2019;22;martes;octubre;2019;9380,20
23 OCT 2019;23;miércoles;octubre;2019;9385,00
24 OCT 2019;24;jueves;octubre;2019;9391,80
25 OCT 2019;25;viernes;octubre;2019;9430,20
28 OCT 2019;28;lunes;octubre;2019;9433,00
29 OCT 2019;29;martes;octubre;2019;9400,10
30 OCT 2019;30;miércoles;octubre;2019;9284,50
31 OCT 2019;31;jueves;octubre;2019;9257,50
01 NOV 2019;1;viernes;noviembre;2019;9328,00
04 NOV 2019;4;lunes;noviembre;2019;9416,40
05 NOV 2019;5;martes;noviembre;2019;9407,90
06 NOV 2019;6;miércoles;noviembre;2019;9398,40
07 NOV 2019;7;jueves;noviembre;2019;9447,30
08 NOV 2019;8;viernes;noviembre;2019;9393,70
11 NOV 2019;11;lunes;noviembre;2019;9388,50
12 NOV 2019;12;martes;noviembre;2019;9306,70
13 NOV 2019;13;miércoles;noviembre;2019;9194,50
14 NOV 2019;14;jueves;noviembre;2019;9173,30
15 NOV 2019;15;viernes;noviembre;2019;9261,40
18 NOV 2019;18;lunes;noviembre;2019;9258,00
19 NOV 2019;19;martes;noviembre;2019;9259,20
20 NOV 2019;20;miércoles;noviembre;2019;9225,40
21 NOV 2019;21;jueves;noviembre;2019;9214,00
22 NOV 2019;22;viernes;noviembre;2019;9254,70
25 NOV 2019;25;lunes;noviembre;2019;9319,90
26 NOV 2019;26;martes;noviembre;2019;9324,80
27 NOV 2019;27;miércoles;noviembre;2019;9362,70
28 NOV 2019;28;jueves;noviembre;2019;9359,00
29 NOV 2019;29;viernes;noviembre;2019;9352,00
02 DIC 2019;2;lunes;diciembre;2019;9156,30
03 DIC 2019;3;martes;diciembre;2019;9135,70
04 DIC 2019;4;miércoles;diciembre;2019;9270,80
05 DIC 2019;5;jueves;diciembre;2019;9243,40
06 DIC 2019;6;viernes;diciembre;2019;9382,70
09 DIC 2019;9;lunes;diciembre;2019;9354,60
10 DIC 2019;10;martes;diciembre;2019;9321,10
11 DIC 2019;11;miércoles;diciembre;2019;9392,50
12 DIC 2019;12;jueves;diciembre;2019;9468,50
13 DIC 2019;13;viernes;diciembre;2019;9563,70
16 DIC 2019;16;lunes;diciembre;2019;9680,60
17 DIC 2019;17;martes;diciembre;2019;9615,90
18 DIC 2019;18;miércoles;diciembre;2019;9621,80
19 DIC 2019;19;jueves;diciembre;2019;9617,20
20 DIC 2019;20;viernes;diciembre;2019;9675,50
23 DIC 2019;23;lunes;diciembre;2019;9659,60
24 DIC 2019;24;martes;diciembre;2019;9661,80
25 DIC 2019;25;miércoles;diciembre;2019;-
26 DIC 2019;26;jueves;diciembre;2019;-
27 DIC 2019;27;viernes;diciembre;2019;9700,50
30 DIC 2019;30;lunes;diciembre;2019;9612,60
31 DIC 2019;31;martes;diciembre;2019;9549,20
01 ENE 2020;1;miércoles;enero;2020;-
02 ENE 2020;2;jueves;enero;2020;9691,20
03 ENE 2020;3;viernes;enero;2020;9646,60
06 ENE 2020;6;lunes;enero;2020;9600,90
07 ENE 2020;7;martes;enero;2020;9579,80
08 ENE 2020;8;miércoles;enero;2020;9591,40
09 ENE 2020;9;jueves;enero;2020;9581,80
10 ENE 2020;10;viernes;enero;2020;9573,60
13 ENE 2020;13;lunes;enero;2020;9543,90
14 ENE 2020;14;martes;enero;2020;9528,30
15 ENE 2020;15;miércoles;enero;2020;9511,70
16 ENE 2020;16;jueves;enero;2020;9572,50
17 ENE 2020;17;viernes;enero;2020;9681,30
20 ENE 2020;20;lunes;enero;2020;9658,80
21 ENE 2020;21;martes;enero;2020;9611,30
22 ENE 2020;22;miércoles;enero;2020;9573,70
23 ENE 2020;23;jueves;enero;2020;9518,50
24 ENE 2020;24;viernes;enero;2020;9562,00
27 ENE 2020;27;lunes;enero;2020;9366,30
28 ENE 2020;28;martes;enero;2020;9484,20
29 ENE 2020;29;miércoles;enero;2020;9546,70
30 ENE 2020;30;jueves;enero;2020;9477,90
31 ENE 2020;31;viernes;enero;2020;9367,90
03 FEB 2020;3;lunes;febrero;2020;9404,70
04 FEB 2020;4;martes;febrero;2020;9562,90
05 FEB 2020;5;miércoles;febrero;2020;9717,80
06 FEB 2020;6;jueves;febrero;2020;9811,30
07 FEB 2020;7;viernes;febrero;2020;9811,00
10 FEB 2020;10;lunes;febrero;2020;9816,00
11 FEB 2020;11;martes;febrero;2020;9882,60
12 FEB 2020;12;miércoles;febrero;2020;9940,40
13 FEB 2020;13;jueves;febrero;2020;9909,80
14 FEB 2020;14;viernes;febrero;2020;9956,80
17 FEB 2020;17;lunes;febrero;2020;10022,20
18 FEB 2020;18;martes;febrero;2020;10005,80
19 FEB 2020;19;miércoles;febrero;2020;10083,60
20 FEB 2020;20;jueves;febrero;2020;9931,00
21 FEB 2020;21;viernes;febrero;2020;9886,20
24 FEB 2020;24;lunes;febrero;2020;9483,50
25 FEB 2020;25;martes;febrero;2020;9250,80
26 FEB 2020;26;miércoles;febrero;2020;9316,80
27 FEB 2020;27;jueves;febrero;2020;8985,90
28 FEB 2020;28;viernes;febrero;2020;8723,20
02 MAR 2020;2;lunes;marzo;2020;8741,50
03 MAR 2020;3;martes;marzo;2020;8811,60
04 MAR 2020;4;miércoles;marzo;2020;8910,00
05 MAR 2020;5;jueves;marzo;2020;8683,00
06 MAR 2020;6;viernes;marzo;2020;8375,60
09 MAR 2020;9;lunes;marzo;2020;7708,70
10 MAR 2020;10;martes;marzo;2020;7461,50
11 MAR 2020;11;miércoles;marzo;2020;7436,40
12 MAR 2020;12;jueves;marzo;2020;6390,90
13 MAR 2020;13;viernes;marzo;2020;6629,60
16 MAR 2020;16;lunes;marzo;2020;6107,20
17 MAR 2020;17;martes;marzo;2020;6498,50
18 MAR 2020;18;miércoles;marzo;2020;6274,80
19 MAR 2020;19;jueves;marzo;2020;6395,80
20 MAR 2020;20;viernes;marzo;2020;6443,30
23 MAR 2020;23;lunes;marzo;2020;6230,20
24 MAR 2020;24;martes;marzo;2020;6717,30
25 MAR 2020;25;miércoles;marzo;2020;6942,40
26 MAR 2020;26;jueves;marzo;2020;7033,20
27 MAR 2020;27;viernes;marzo;2020;6777,90
30 MAR 2020;30;lunes;marzo;2020;6659,90
31 MAR 2020;31;martes;marzo;2020;6785,40
01 ABR 2020;1;miércoles;abril;2020;6579,40
02 ABR 2020;2;jueves;abril;2020;6574,10
03 ABR 2020;3;viernes;abril;2020;6581,60
06 ABR 2020;6;lunes;abril;2020;6844,30
07 ABR 2020;7;martes;abril;2020;7002,00
08 ABR 2020;8;miércoles;abril;2020;6951,80
09 ABR 2020;9;jueves;abril;2020;7070,60
10 ABR 2020;10;viernes;abril;2020;-
13 ABR 2020;13;lunes;abril;2020;-
14 ABR 2020;14;martes;abril;2020;7108,60
15 ABR 2020;15;miércoles;abril;2020;6839,50
16 ABR 2020;16;jueves;abril;2020;6763,40
17 ABR 2020;17;viernes;abril;2020;6875,80
20 ABR 2020;20;lunes;abril;2020;6831,50
21 ABR 2020;21;martes;abril;2020;6634,90
22 ABR 2020;22;miércoles;abril;2020;6719,80
23 ABR 2020;23;jueves;abril;2020;6746,50
24 ABR 2020;24;viernes;abril;2020;6613,90
27 ABR 2020;27;lunes;abril;2020;6731,80
28 ABR 2020;28;martes;abril;2020;6836,40
29 ABR 2020;29;miércoles;abril;2020;7055,70
30 ABR 2020;30;jueves;abril;2020;6922,30
01 MAY 2020;1;viernes;mayo;2020;-
04 MAY 2020;4;lunes;mayo;2020;6673,30
05 MAY 2020;5;martes;mayo;2020;6747,70
06 MAY 2020;6;miércoles;mayo;2020;6671,70
07 MAY 2020;7;jueves;mayo;2020;6730,90
08 MAY 2020;8;viernes;mayo;2020;6783,10
11 MAY 2020;11;lunes;mayo;2020;6672,20
12 MAY 2020;12;martes;mayo;2020;6762,70
13 MAY 2020;13;miércoles;mayo;2020;6631,40
14 MAY 2020;14;jueves;mayo;2020;6545,60
15 MAY 2020;15;viernes;mayo;2020;6474,90
18 MAY 2020;18;lunes;mayo;2020;6779,30
19 MAY 2020;19;martes;mayo;2020;6609,10
20 MAY 2020;20;miércoles;mayo;2020;6683,60
21 MAY 2020;21;jueves;mayo;2020;6686,10
22 MAY 2020;22;viernes;mayo;2020;6697,50
25 MAY 2020;25;lunes;mayo;2020;6856,80
26 MAY 2020;26;martes;mayo;2020;7003,90
27 MAY 2020;27;miércoles;mayo;2020;7174,50
28 MAY 2020;28;jueves;mayo;2020;7224,10
29 MAY 2020;29;viernes;mayo;2020;7096,50
01 JUN 2020;1;lunes;junio;2020;7221,40
02 JUN 2020;2;martes;junio;2020;7408,10
03 JUN 2020;3;miércoles;junio;2020;7626,40
04 JUN 2020;4;jueves;junio;2020;7566,80
05 JUN 2020;5;viernes;junio;2020;7872,60
08 JUN 2020;8;lunes;junio;2020;7896,10
09 JUN 2020;9;martes;junio;2020;7752,30
10 JUN 2020;10;miércoles;junio;2020;7663,90
11 JUN 2020;11;jueves;junio;2020;7278,00
12 JUN 2020;12;viernes;junio;2020;7292,70
15 JUN 2020;15;lunes;junio;2020;7259,30
16 JUN 2020;16;martes;junio;2020;7495,30
17 JUN 2020;17;miércoles;junio;2020;7478,70
18 JUN 2020;18;jueves;junio;2020;7390,20
19 JUN 2020;19;viernes;junio;2020;7414,20
22 JUN 2020;22;lunes;junio;2020;7345,70
23 JUN 2020;23;martes;junio;2020;7438,40
24 JUN 2020;24;miércoles;junio;2020;7195,50
25 JUN 2020;25;jueves;junio;2020;7270,30
26 JUN 2020;26;viernes;junio;2020;7178,40
29 JUN 2020;29;lunes;junio;2020;7278,10
30 JUN 2020;30;martes;junio;2020;7231,40
01 JUL 2020;1;miércoles;julio;2020;7227,40
02 JUL 2020;2;jueves;julio;2020;7498,60
03 JUL 2020;3;viernes;julio;2020;7403,50
06 JUL 2020;6;lunes;julio;2020;7556,20
07 JUL 2020;7;martes;julio;2020;7447,40
08 JUL 2020;8;miércoles;julio;2020;7326,40
09 JUL 2020;9;jueves;julio;2020;7236,90
10 JUL 2020;10;viernes;julio;2020;7321,10
13 JUL 2020;13;lunes;julio;2020;7426,90
14 JUL 2020;14;martes;julio;2020;7352,00
15 JUL 2020;15;miércoles;julio;2020;7487,60
16 JUL 2020;16;jueves;julio;2020;7474,70
17 JUL 2020;17;viernes;julio;2020;7440,40
20 JUL 2020;20;lunes;julio;2020;7478,00
21 JUL 2020;21;martes;julio;2020;7494,50
22 JUL 2020;22;miércoles;julio;2020;7390,10
23 JUL 2020;23;jueves;julio;2020;7384,90
24 JUL 2020;24;viernes;julio;2020;7294,70
27 JUL 2020;27;lunes;julio;2020;7170,60
28 JUL 2020;28;martes;julio;2020;7246,40
29 JUL 2020;29;miércoles;julio;2020;7206,20
30 JUL 2020;30;jueves;julio;2020;6996,60
31 JUL 2020;31;viernes;julio;2020;6877,40
03 AGO 2020;3;lunes;agosto;2020;6975,00
04 AGO 2020;4;martes;agosto;2020;7021,60
05 AGO 2020;5;miércoles;agosto;2020;7039,70
06 AGO 2020;6;jueves;agosto;2020;6957,90
07 AGO 2020;7;viernes;agosto;2020;6950,50
10 AGO 2020;10;lunes;agosto;2020;7053,90
11 AGO 2020;11;martes;agosto;2020;7263,50
12 AGO 2020;12;miércoles;agosto;2020;7296,00
13 AGO 2020;13;jueves;agosto;2020;7250,50
14 AGO 2020;14;viernes;agosto;2020;7154,30
17 AGO 2020;17;lunes;agosto;2020;7090,10
18 AGO 2020;18;martes;agosto;2020;7043,50
19 AGO 2020;19;miércoles;agosto;2020;7094,30
20 AGO 2020;20;jueves;agosto;2020;6993,30
21 AGO 2020;21;viernes;agosto;2020;6982,10
24 AGO 2020;24;lunes;agosto;2020;7109,10
25 AGO 2020;25;martes;agosto;2020;7108,40
26 AGO 2020;26;miércoles;agosto;2020;7123,00
27 AGO 2020;27;jueves;agosto;2020;7090,70
28 AGO 2020;28;viernes;agosto;2020;7133,00
31 AGO 2020;31;lunes;agosto;2020;6969,50
01 SEP 2020;1;martes;septiembre;2020;6956,90
02 SEP 2020;2;miércoles;septiembre;2020;6996,90
03 SEP 2020;3;jueves;septiembre;2020;7006,00
04 SEP 2020;4;viernes;septiembre;2020;6989,70
07 SEP 2020;7;lunes;septiembre;2020;7080,70
08 SEP 2020;8;martes;septiembre;2020;6955,00
09 SEP 2020;9;miércoles;septiembre;2020;7020,90
10 SEP 2020;10;jueves;septiembre;2020;6999,20
11 SEP 2020;11;viernes;septiembre;2020;6943,20
14 SEP 2020;14;lunes;septiembre;2020;6951,10
15 SEP 2020;15;martes;septiembre;2020;7036,00
16 SEP 2020;16;miércoles;septiembre;2020;7110,80
17 SEP 2020;17;jueves;septiembre;2020;7086,20
18 SEP 2020;18;viernes;septiembre;2020;6929,80
21 SEP 2020;21;lunes;septiembre;2020;6692,30
22 SEP 2020;22;martes;septiembre;2020;6648,60
23 SEP 2020;23;miércoles;septiembre;2020;6654,20
24 SEP 2020;24;jueves;septiembre;2020;6643,40
25 SEP 2020;25;viernes;septiembre;2020;6628,30
28 SEP 2020;28;lunes;septiembre;2020;6791,50
29 SEP 2020;29;martes;septiembre;2020;6713,60
30 SEP 2020;30;miércoles;septiembre;2020;6716,60
01 OCT 2020;1;jueves;octubre;2020;6730,70
02 OCT 2020;2;viernes;octubre;2020;6754,50
05 OCT 2020;5;lunes;octubre;2020;6837,90
06 OCT 2020;6;martes;octubre;2020;6936,20
07 OCT 2020;7;miércoles;octubre;2020;6910,10
08 OCT 2020;8;jueves;octubre;2020;6992,80
09 OCT 2020;9;viernes;octubre;2020;6950,90
12 OCT 2020;12;lunes;octubre;2020;6951,00
13 OCT 2020;13;martes;octubre;2020;6875,20
14 OCT 2020;14;miércoles;octubre;2020;6916,60
15 OCT 2020;15;jueves;octubre;2020;6816,80
16 OCT 2020;16;viernes;octubre;2020;6849,70
19 OCT 2020;19;lunes;octubre;2020;6860,20
20 OCT 2020;20;martes;octubre;2020;6927,30
21 OCT 2020;21;miércoles;octubre;2020;6811,50
22 OCT 2020;22;jueves;octubre;2020;6796,60
23 OCT 2020;23;viernes;octubre;2020;6893,40
26 OCT 2020;26;lunes;octubre;2020;6796,90
27 OCT 2020;27;martes;octubre;2020;6651,30
28 OCT 2020;28;miércoles;octubre;2020;6474,40
29 OCT 2020;29;jueves;octubre;2020;6411,80
30 OCT 2020;30;viernes;octubre;2020;6452,20
02 NOV 2020;2;lunes;noviembre;2020;6585,60
03 NOV 2020;3;martes;noviembre;2020;6751,60
04 NOV 2020;4;miércoles;noviembre;2020;6781,90
05 NOV 2020;5;jueves;noviembre;2020;6924,20
06 NOV 2020;6;viernes;noviembre;2020;6870,40
09 NOV 2020;9;lunes;noviembre;2020;7459,40
10 NOV 2020;10;martes;noviembre;2020;7711,40
11 NOV 2020;11;miércoles;noviembre;2020;7793,70
12 NOV 2020;12;jueves;noviembre;2020;7726,00
13 NOV 2020;13;viernes;noviembre;2020;7783,70
16 NOV 2020;16;lunes;noviembre;2020;7986,20
17 NOV 2020;17;martes;noviembre;2020;7934,30
18 NOV 2020;18;miércoles;noviembre;2020;7981,50
19 NOV 2020;19;jueves;noviembre;2020;7930,20
20 NOV 2020;20;viernes;noviembre;2020;7977,90
23 NOV 2020;23;lunes;noviembre;2020;7981,20
24 NOV 2020;24;martes;noviembre;2020;8143,20
25 NOV 2020;25;miércoles;noviembre;2020;8164,70
26 NOV 2020;26;jueves;noviembre;2020;8104,60
27 NOV 2020;27;viernes;noviembre;2020;8190,70
30 NOV 2020;30;lunes;noviembre;2020;8076,90
01 DIC 2020;1;martes;diciembre;2020;8140,80
02 DIC 2020;2;miércoles;diciembre;2020;8220,80
03 DIC 2020;3;jueves;diciembre;2020;8200,70
04 DIC 2020;4;viernes;diciembre;2020;8322,90
07 DIC 2020;7;lunes;diciembre;2020;8275,60
08 DIC 2020;8;martes;diciembre;2020;8227,60
09 DIC 2020;9;miércoles;diciembre;2020;8235,30
10 DIC 2020;10;jueves;diciembre;2020;8182,30
11 DIC 2020;11;viernes;diciembre;2020;8063,10
14 DIC 2020;14;lunes;diciembre;2020;8140,80
15 DIC 2020;15;martes;diciembre;2020;8152,40
16 DIC 2020;16;miércoles;diciembre;2020;8139,50
17 DIC 2020;17;jueves;diciembre;2020;8153,40
18 DIC 2020;18;viernes;diciembre;2020;8037,40
21 DIC 2020;21;lunes;diciembre;2020;7789,80
22 DIC 2020;22;martes;diciembre;2020;7934,20
23 DIC 2020;23;miércoles;diciembre;2020;8073,60
24 DIC 2020;24;jueves;diciembre;2020;8111,50
25 DIC 2020;25;viernes;diciembre;2020;-
28 DIC 2020;28;lunes;diciembre;2020;8155,60
29 DIC 2020;29;martes;diciembre;2020;8174,80
30 DIC 2020;30;miércoles;diciembre;2020;8154,40
31 DIC 2020;31;jueves;diciembre;2020;8073,70
01 ENE 2021;1;viernes;enero;2021;-
04 ENE 2021;4;lunes;enero;2021;8099,20
05 ENE 2021;5;martes;enero;2021;8091,50
06 ENE 2021;6;miércoles;enero;2021;8350,30
07 ENE 2021;7;jueves;enero;2021;8385,80
08 ENE 2021;8;viernes;enero;2021;8407,70
11 ENE 2021;11;lunes;enero;2021;8357,50
12 ENE 2021;12;martes;enero;2021;8345,90
13 ENE 2021;13;miércoles;enero;2021;8361,10
14 ENE 2021;14;jueves;enero;2021;8372,40
15 ENE 2021;15;viernes;enero;2021;8230,70
18 ENE 2021;18;lunes;enero;2021;8254,50
19 ENE 2021;19;martes;enero;2021;8199,00
20 ENE 2021;20;miércoles;enero;2021;8204,10
21 ENE 2021;21;jueves;enero;2021;8122,10
22 ENE 2021;22;viernes;enero;2021;8036,40
25 ENE 2021;25;lunes;enero;2021;7897,30
26 ENE 2021;26;martes;enero;2021;7964,90
27 ENE 2021;27;miércoles;enero;2021;7852,70
28 ENE 2021;28;jueves;enero;2021;7932,50
29 ENE 2021;29;viernes;enero;2021;7757,50
01 FEB 2021;1;lunes;febrero;2021;7798,20
02 FEB 2021;2;martes;febrero;2021;7950,90
03 FEB 2021;3;miércoles;febrero;2021;8012,80
04 FEB 2021;4;jueves;febrero;2021;8122,60
05 FEB 2021;5;viernes;febrero;2021;8214,70
08 FEB 2021;8;lunes;febrero;2021;8219,00
09 FEB 2021;9;martes;febrero;2021;8101,00
10 FEB 2021;10;miércoles;febrero;2021;8065,40
11 FEB 2021;11;jueves;febrero;2021;8037,60
12 FEB 2021;12;viernes;febrero;2021;8055,00
15 FEB 2021;15;lunes;febrero;2021;8203,50
16 FEB 2021;16;martes;febrero;2021;8153,70
17 FEB 2021;17;miércoles;febrero;2021;8122,70
18 FEB 2021;18;jueves;febrero;2021;8058,10
19 FEB 2021;19;viernes;febrero;2021;8151,60
22 FEB 2021;22;lunes;febrero;2021;8112,20
23 FEB 2021;23;martes;febrero;2021;8252,10
24 FEB 2021;24;miércoles;febrero;2021;8269,60
25 FEB 2021;25;jueves;febrero;2021;8317,80
26 FEB 2021;26;viernes;febrero;2021;8225,00
01 MAR 2021;1;lunes;marzo;2021;8378,10
02 MAR 2021;2;martes;marzo;2021;8355,80
03 MAR 2021;3;miércoles;marzo;2021;8329,30
04 MAR 2021;4;jueves;marzo;2021;8354,00
05 MAR 2021;5;viernes;marzo;2021;8286,80
08 MAR 2021;8;lunes;marzo;2021;8444,20
09 MAR 2021;9;martes;marzo;2021;8496,40
10 MAR 2021;10;miércoles;marzo;2021;8525,20
11 MAR 2021;11;jueves;marzo;2021;8593,00
12 MAR 2021;12;viernes;marzo;2021;8644,50
15 MAR 2021;15;lunes;marzo;2021;8635,40
16 MAR 2021;16;martes;marzo;2021;8657,70
17 MAR 2021;17;miércoles;marzo;2021;8599,50
18 MAR 2021;18;jueves;marzo;2021;8624,60
19 MAR 2021;19;viernes;marzo;2021;8493,00
22 MAR 2021;22;lunes;marzo;2021;8343,50
23 MAR 2021;23;martes;marzo;2021;8390,30
24 MAR 2021;24;miércoles;marzo;2021;8443,70
25 MAR 2021;25;jueves;marzo;2021;8409,50
26 MAR 2021;26;viernes;marzo;2021;8498,20
29 MAR 2021;29;lunes;marzo;2021;8492,10
30 MAR 2021;30;martes;marzo;2021;8595,20
31 MAR 2021;31;miércoles;marzo;2021;8580,00
01 ABR 2021;1;jueves;abril;2021;8577,60
02 ABR 2021;2;viernes;abril;2021;-
05 ABR 2021;5;lunes;abril;2021;-
06 ABR 2021;6;martes;abril;2021;8634,60
07 ABR 2021;7;miércoles;abril;2021;8597,40
08 ABR 2021;8;jueves;abril;2021;8637,80
09 ABR 2021;9;viernes;abril;2021;8565,80
12 ABR 2021;12;lunes;abril;2021;8532,60
13 ABR 2021;13;martes;abril;2021;8525,10
14 ABR 2021;14;miércoles;abril;2021;8588,40
15 ABR 2021;15;jueves;abril;2021;8571,60
16 ABR 2021;16;viernes;abril;2021;8613,50
19 ABR 2021;19;lunes;abril;2021;8711,40
20 ABR 2021;20;martes;abril;2021;8459,40
21 ABR 2021;21;miércoles;abril;2021;8519,80
22 ABR 2021;22;jueves;abril;2021;8656,80
23 ABR 2021;23;viernes;abril;2021;8618,60
26 ABR 2021;26;lunes;abril;2021;8701,90
27 ABR 2021;27;martes;abril;2021;8756,70
28 ABR 2021;28;miércoles;abril;2021;8799,60
29 ABR 2021;29;jueves;abril;2021;8823,20
30 ABR 2021;30;viernes;abril;2021;8815,00
03 MAY 2021;3;lunes;mayo;2021;8893,70
04 MAY 2021;4;martes;mayo;2021;8830,40
05 MAY 2021;5;miércoles;mayo;2021;8967,80
06 MAY 2021;6;jueves;mayo;2021;8982,20
07 MAY 2021;7;viernes;mayo;2021;9059,20
10 MAY 2021;10;lunes;mayo;2021;9144,30
11 MAY 2021;11;martes;mayo;2021;8987,20
12 MAY 2021;12;miércoles;mayo;2021;9007,70
13 MAY 2021;13;jueves;mayo;2021;8966,20
14 MAY 2021;14;viernes;mayo;2021;9145,60
17 MAY 2021;17;lunes;mayo;2021;9155,60
18 MAY 2021;18;martes;mayo;2021;9183,90
19 MAY 2021;19;miércoles;mayo;2021;9070,70
20 MAY 2021;20;jueves;mayo;2021;9124,30
21 MAY 2021;21;viernes;mayo;2021;9204,00
24 MAY 2021;24;lunes;mayo;2021;9205,50
25 MAY 2021;25;martes;mayo;2021;9208,70
26 MAY 2021;26;miércoles;mayo;2021;9196,90
27 MAY 2021;27;jueves;mayo;2021;9186,10
28 MAY 2021;28;viernes;mayo;2021;9224,60
31 MAY 2021;31;lunes;mayo;2021;9148,90
01 JUN 2021;1;martes;junio;2021;9189,70
02 JUN 2021;2;miércoles;junio;2021;9180,70
03 JUN 2021;3;jueves;junio;2021;9142,40
04 JUN 2021;4;viernes;junio;2021;9088,30
07 JUN 2021;7;lunes;junio;2021;9163,60
08 JUN 2021;8;martes;junio;2021;9153,60
09 JUN 2021;9;miércoles;junio;2021;9156,10
10 JUN 2021;10;jueves;junio;2021;9133,80
11 JUN 2021;11;viernes;junio;2021;9205,00
14 JUN 2021;14;lunes;junio;2021;9281,10
15 JUN 2021;15;martes;junio;2021;9230,70
16 JUN 2021;16;miércoles;junio;2021;9202,20
17 JUN 2021;17;jueves;junio;2021;9195,90
18 JUN 2021;18;viernes;junio;2021;9030,60
21 JUN 2021;21;lunes;junio;2021;9051,70
22 JUN 2021;22;martes;junio;2021;9053,30
23 JUN 2021;23;miércoles;junio;2021;8954,10
24 JUN 2021;24;jueves;junio;2021;9074,10
25 JUN 2021;25;viernes;junio;2021;9095,00
28 JUN 2021;28;lunes;junio;2021;8913,70
29 JUN 2021;29;martes;junio;2021;8915,10
30 JUN 2021;30;miércoles;junio;2021;8821,20
01 JUL 2021;1;jueves;julio;2021;8932,30
02 JUL 2021;2;viernes;julio;2021;8907,60
05 JUL 2021;5;lunes;julio;2021;8946,40
06 JUL 2021;6;martes;julio;2021;8860,80
07 JUL 2021;7;miércoles;julio;2021;8854,50
08 JUL 2021;8;jueves;julio;2021;8650,10
09 JUL 2021;9;viernes;julio;2021;8776,60
12 JUL 2021;12;lunes;julio;2021;8816,70
13 JUL 2021;13;martes;julio;2021;8694,80
14 JUL 2021;14;miércoles;julio;2021;8658,30
15 JUL 2021;15;jueves;julio;2021;8527,00
16 JUL 2021;16;viernes;julio;2021;8506,20
19 JUL 2021;19;lunes;julio;2021;8301,70
20 JUL 2021;20;martes;julio;2021;8358,00
21 JUL 2021;21;miércoles;julio;2021;8567,00
22 JUL 2021;22;jueves;julio;2021;8621,80
23 JUL 2021;23;viernes;julio;2021;8717,20
26 JUL 2021;26;lunes;julio;2021;8775,20
27 JUL 2021;27;martes;julio;2021;8699,20
28 JUL 2021;28;miércoles;julio;2021;8733,70
29 JUL 2021;29;jueves;julio;2021;8786,30
30 JUL 2021;30;viernes;julio;2021;8675,70
02 AGO 2021;2;lunes;agosto;2021;8758,70
03 AGO 2021;3;martes;agosto;2021;8772,80
04 AGO 2021;4;miércoles;agosto;2021;8792,90
05 AGO 2021;5;jueves;agosto;2021;8836,50
06 AGO 2021;6;viernes;agosto;2021;8879,00
09 AGO 2021;9;lunes;agosto;2021;8865,90
10 AGO 2021;10;martes;agosto;2021;8899,00
11 AGO 2021;11;miércoles;agosto;2021;8975,80
12 AGO 2021;12;jueves;agosto;2021;8979,40
13 AGO 2021;13;viernes;agosto;2021;8999,80
16 AGO 2021;16;lunes;agosto;2021;8926,60
17 AGO 2021;17;martes;agosto;2021;8865,70
18 AGO 2021;18;miércoles;agosto;2021;8970,20
19 AGO 2021;19;jueves;agosto;2021;8902,20
20 AGO 2021;20;viernes;agosto;2021;8915,30
23 AGO 2021;23;lunes;agosto;2021;8968,10
24 AGO 2021;24;martes;agosto;2021;8948,60
25 AGO 2021;25;miércoles;agosto;2021;8977,40
26 AGO 2021;26;jueves;agosto;2021;8892,70
27 AGO 2021;27;viernes;agosto;2021;8922,20
30 AGO 2021;30;lunes;agosto;2021;8867,90
31 AGO 2021;31;martes;agosto;2021;8846,60
01 SEP 2021;1;miércoles;septiembre;2021;8991,50
02 SEP 2021;2;jueves;septiembre;2021;8981,40
03 SEP 2021;3;viernes;septiembre;2021;8864,00
06 SEP 2021;6;lunes;septiembre;2021;8882,30
07 SEP 2021;7;martes;septiembre;2021;8894,50
08 SEP 2021;8;miércoles;septiembre;2021;8838,70
09 SEP 2021;9;jueves;septiembre;2021;8800,60
10 SEP 2021;10;viernes;septiembre;2021;8695,30
13 SEP 2021;13;lunes;septiembre;2021;8816,10
14 SEP 2021;14;martes;septiembre;2021;8780,00
15 SEP 2021;15;miércoles;septiembre;2021;8635,40
16 SEP 2021;16;jueves;septiembre;2021;8733,70
17 SEP 2021;17;viernes;septiembre;2021;8760,90
20 SEP 2021;20;lunes;septiembre;2021;8655,40
21 SEP 2021;21;martes;septiembre;2021;8756,00
22 SEP 2021;22;miércoles;septiembre;2021;8808,40
23 SEP 2021;23;jueves;septiembre;2021;8876,90
24 SEP 2021;24;viernes;septiembre;2021;8873,10
27 SEP 2021;27;lunes;septiembre;2021;9002,90
28 SEP 2021;28;martes;septiembre;2021;8769,40
29 SEP 2021;29;miércoles;septiembre;2021;8879,40
30 SEP 2021;30;jueves;septiembre;2021;8796,30
01 OCT 2021;1;viernes;octubre;2021;8799,50
04 OCT 2021;4;lunes;octubre;2021;8791,70
05 OCT 2021;5;martes;octubre;2021;8927,40
06 OCT 2021;6;miércoles;octubre;2021;8775,00
07 OCT 2021;7;jueves;octubre;2021;8962,80
08 OCT 2021;8;viernes;octubre;2021;8955,00
11 OCT 2021;11;lunes;octubre;2021;8899,00
12 OCT 2021;12;martes;octubre;2021;8935,90
13 OCT 2021;13;miércoles;octubre;2021;8881,40
14 OCT 2021;14;jueves;octubre;2021;8925,00
15 OCT 2021;15;viernes;octubre;2021;8997,00
18 OCT 2021;18;lunes;octubre;2021;8936,00
19 OCT 2021;19;martes;octubre;2021;8996,30
20 OCT 2021;20;miércoles;octubre;2021;9017,90
21 OCT 2021;21;jueves;octubre;2021;8944,30
22 OCT 2021;22;viernes;octubre;2021;8906,40
25 OCT 2021;25;lunes;octubre;2021;8920,90
26 OCT 2021;26;martes;octubre;2021;9001,60
27 OCT 2021;27;miércoles;octubre;2021;8972,30
28 OCT 2021;28;jueves;octubre;2021;9025,80
29 OCT 2021;29;viernes;octubre;2021;9057,70
01 NOV 2021;1;lunes;noviembre;2021;9182,60
02 NOV 2021;2;martes;noviembre;2021;9105,70
03 NOV 2021;3;miércoles;noviembre;2021;9030,80
04 NOV 2021;4;jueves;noviembre;2021;9039,40
05 NOV 2021;5;viernes;noviembre;2021;9130,60
08 NOV 2021;8;lunes;noviembre;2021;9070,80
09 NOV 2021;9;martes;noviembre;2021;9074,90
10 NOV 2021;10;miércoles;noviembre;2021;9141,80
11 NOV 2021;11;jueves;noviembre;2021;9092,20
12 NOV 2021;12;viernes;noviembre;2021;9080,80
15 NOV 2021;15;lunes;noviembre;2021;9095,70
16 NOV 2021;16;martes;noviembre;2021;9040,20
17 NOV 2021;17;miércoles;noviembre;2021;8993,40
18 NOV 2021;18;jueves;noviembre;2021;8903,20
19 NOV 2021;19;viernes;noviembre;2021;8753,20
22 NOV 2021;22;lunes;noviembre;2021;8821,30
23 NOV 2021;23;martes;noviembre;2021;8815,10
24 NOV 2021;24;miércoles;noviembre;2021;8792,00
25 NOV 2021;25;jueves;noviembre;2021;8840,90
26 NOV 2021;26;viernes;noviembre;2021;8402,70
29 NOV 2021;29;lunes;noviembre;2021;8455,20
30 NOV 2021;30;martes;noviembre;2021;8305,10
01 DIC 2021;1;miércoles;diciembre;2021;8452,60
02 DIC 2021;2;jueves;diciembre;2021;8300,80
03 DIC 2021;3;viernes;diciembre;2021;8241,70
06 DIC 2021;6;lunes;diciembre;2021;8439,70
07 DIC 2021;7;martes;diciembre;2021;8559,50
08 DIC 2021;8;miércoles;diciembre;2021;8478,40
09 DIC 2021;9;jueves;diciembre;2021;8399,60
10 DIC 2021;10;viernes;diciembre;2021;8360,20
13 DIC 2021;13;lunes;diciembre;2021;8322,70
14 DIC 2021;14;martes;diciembre;2021;8378,50
15 DIC 2021;15;miércoles;diciembre;2021;8275,00
16 DIC 2021;16;jueves;diciembre;2021;8380,00
17 DIC 2021;17;viernes;diciembre;2021;8311,60
20 DIC 2021;20;lunes;diciembre;2021;8242,40
21 DIC 2021;21;martes;diciembre;2021;8387,50
22 DIC 2021;22;miércoles;diciembre;2021;8459,10
23 DIC 2021;23;jueves;diciembre;2021;8563,70
24 DIC 2021;24;viernes;diciembre;2021;-
27 DIC 2021;27;lunes;diciembre;2021;8622,10
28 DIC 2021;28;martes;diciembre;2021;8688,90
29 DIC 2021;29;miércoles;diciembre;2021;8673,70
30 DIC 2021;30;jueves;diciembre;2021;8713,80
31 DIC 2021;31;viernes;diciembre;2021;-
03 ENE 2022;3;lunes;enero;2022;8761,20
04 ENE 2022;4;martes;enero;2022;8795,80
05 ENE 2022;5;miércoles;enero;2022;8790,80
06 ENE 2022;6;jueves;enero;2022;8789,90
07 ENE 2022;7;viernes;enero;2022;8751,80
10 ENE 2022;10;lunes;enero;2022;8706,90
11 ENE 2022;11;martes;enero;2022;8755,90
12 ENE 2022;12;miércoles;enero;2022;8770,30
13 ENE 2022;13;jueves;enero;2022;8816,90
14 ENE 2022;14;viernes;enero;2022;8806,60
17 ENE 2022;17;lunes;enero;2022;8838,70
18 ENE 2022;18;martes;enero;2022;8781,60
19 ENE 2022;19;miércoles;enero;2022;8774,90
20 ENE 2022;20;jueves;enero;2022;8814,60
21 ENE 2022;21;viernes;enero;2022;8694,70
24 ENE 2022;24;lunes;enero;2022;8417,80
25 ENE 2022;25;martes;enero;2022;8479,50
26 ENE 2022;26;miércoles;enero;2022;8620,20
27 ENE 2022;27;jueves;enero;2022;8706,00
28 ENE 2022;28;viernes;enero;2022;8609,80
31 ENE 2022;31;lunes;enero;2022;8612,80
01 FEB 2022;1;martes;febrero;2022;8726,70
02 FEB 2022;2;miércoles;febrero;2022;8713,20
03 FEB 2022;3;jueves;febrero;2022;8689,40
04 FEB 2022;4;viernes;febrero;2022;8589,30
07 FEB 2022;7;lunes;febrero;2022;8558,40
08 FEB 2022;8;martes;febrero;2022;8674,60
09 FEB 2022;9;miércoles;febrero;2022;8846,40
10 FEB 2022;10;jueves;febrero;2022;8886,20
11 FEB 2022;11;viernes;febrero;2022;8798,10
14 FEB 2022;14;lunes;febrero;2022;8573,80
15 FEB 2022;15;martes;febrero;2022;8718,00
16 FEB 2022;16;miércoles;febrero;2022;8737,20
17 FEB 2022;17;jueves;febrero;2022;8671,10
18 FEB 2022;18;viernes;febrero;2022;8590,00
21 FEB 2022;21;lunes;febrero;2022;8488,90
22 FEB 2022;22;martes;febrero;2022;8493,20
23 FEB 2022;23;miércoles;febrero;2022;8440,10
24 FEB 2022;24;jueves;febrero;2022;8198,50
25 FEB 2022;25;viernes;febrero;2022;8486,60
28 FEB 2022;28;lunes;febrero;2022;8479,20
01 MAR 2022;1;martes;marzo;2022;8188,20
02 MAR 2022;2;miércoles;marzo;2022;8321,00
03 MAR 2022;3;jueves;marzo;2022;8011,40
04 MAR 2022;4;viernes;marzo;2022;7720,90
07 MAR 2022;7;lunes;marzo;2022;7644,60
08 MAR 2022;8;martes;marzo;2022;7783,40
09 MAR 2022;9;miércoles;marzo;2022;8163,10
10 MAR 2022;10;jueves;marzo;2022;8069,30
11 MAR 2022;11;viernes;marzo;2022;8142,10
14 MAR 2022;14;lunes;marzo;2022;8234,40
15 MAR 2022;15;martes;marzo;2022;8236,10
16 MAR 2022;16;miércoles;marzo;2022;8380,40
17 MAR 2022;17;jueves;marzo;2022;8412,00
18 MAR 2022;18;viernes;marzo;2022;8417,60
21 MAR 2022;21;lunes;marzo;2022;8389,20
22 MAR 2022;22;martes;marzo;2022;8487,20
23 MAR 2022;23;miércoles;marzo;2022;8328,40
24 MAR 2022;24;jueves;marzo;2022;8305,10
25 MAR 2022;25;viernes;marzo;2022;8330,60
28 MAR 2022;28;lunes;marzo;2022;8365,60
29 MAR 2022;29;martes;marzo;2022;8614,60
30 MAR 2022;30;miércoles;marzo;2022;8550,60
31 MAR 2022;31;jueves;marzo;2022;8445,10
01 ABR 2022;1;viernes;abril;2022;8503,70
04 ABR 2022;4;lunes;abril;2022;8520,80
05 ABR 2022;5;martes;abril;2022;8623,30
06 ABR 2022;6;miércoles;abril;2022;8482,10
07 ABR 2022;7;jueves;abril;2022;8467,40
08 ABR 2022;8;viernes;abril;2022;8606,40
11 ABR 2022;11;lunes;abril;2022;8585,00
12 ABR 2022;12;martes;abril;2022;8578,00
13 ABR 2022;13;miércoles;abril;2022;8617,80
14 ABR 2022;14;jueves;abril;2022;8699,00
15 ABR 2022;15;viernes;abril;2022;-
18 ABR 2022;18;lunes;abril;2022;-
19 ABR 2022;19;martes;abril;2022;8694,00
20 ABR 2022;20;miércoles;abril;2022;8769,50
21 ABR 2022;21;jueves;abril;2022;8814,60
22 ABR 2022;22;viernes;abril;2022;8652,30
25 ABR 2022;25;lunes;abril;2022;8574,60
26 ABR 2022;26;martes;abril;2022;8439,30
27 ABR 2022;27;miércoles;abril;2022;8477,70
28 ABR 2022;28;jueves;abril;2022;8512,20
29 ABR 2022;29;viernes;abril;2022;8584,20
02 MAY 2022;2;lunes;mayo;2022;8436,00
03 MAY 2022;3;martes;mayo;2022;8590,20
04 MAY 2022;4;miércoles;mayo;2022;8500,50
05 MAY 2022;5;jueves;mayo;2022;8434,70
06 MAY 2022;6;viernes;mayo;2022;8322,00
09 MAY 2022;9;lunes;mayo;2022;8139,20
10 MAY 2022;10;martes;mayo;2022;8139,20
11 MAY 2022;11;miércoles;mayo;2022;8312,60
12 MAY 2022;12;jueves;mayo;2022;8200,40
13 MAY 2022;13;viernes;mayo;2022;8338,10
16 MAY 2022;16;lunes;mayo;2022;8353,70
17 MAY 2022;17;martes;mayo;2022;8475,70
18 MAY 2022;18;miércoles;mayo;2022;8476,40
19 MAY 2022;19;jueves;mayo;2022;8406,00
20 MAY 2022;20;viernes;mayo;2022;8484,50
23 MAY 2022;23;lunes;mayo;2022;8625,80
24 MAY 2022;24;martes;mayo;2022;8631,20
25 MAY 2022;25;miércoles;mayo;2022;8760,20
26 MAY 2022;26;jueves;mayo;2022;8888,80
27 MAY 2022;27;viernes;mayo;2022;8933,60
30 MAY 2022;30;lunes;mayo;2022;8930,80
31 MAY 2022;31;martes;mayo;2022;8851,50
01 JUN 2022;1;miércoles;junio;2022;8747,20
02 JUN 2022;2;jueves;junio;2022;8744,10
03 JUN 2022;3;viernes;junio;2022;8724,80
06 JUN 2022;6;lunes;junio;2022;8836,30
07 JUN 2022;7;martes;junio;2022;8841,60
08 JUN 2022;8;miércoles;junio;2022;8842,70
09 JUN 2022;9;jueves;junio;2022;8711,20
10 JUN 2022;10;viernes;junio;2022;8390,60
13 JUN 2022;13;lunes;junio;2022;8183,30
14 JUN 2022;14;martes;junio;2022;8066,40
15 JUN 2022;15;miércoles;junio;2022;8174,70
16 JUN 2022;16;jueves;junio;2022;8078,10
17 JUN 2022;17;viernes;junio;2022;8145,90
20 JUN 2022;20;lunes;junio;2022;8286,00
21 JUN 2022;21;martes;junio;2022;8235,60
22 JUN 2022;22;miércoles;junio;2022;8145,40
23 JUN 2022;23;jueves;junio;2022;8106,40
24 JUN 2022;24;viernes;junio;2022;8244,10
27 JUN 2022;27;lunes;junio;2022;8242,60
28 JUN 2022;28;martes;junio;2022;8317,50
29 JUN 2022;29;miércoles;junio;2022;8188,00
30 JUN 2022;30;jueves;junio;2022;8098,70
01 JUL 2022;1;viernes;julio;2022;8176,10
04 JUL 2022;4;lunes;julio;2022;8161,80
05 JUL 2022;5;martes;julio;2022;7959,40
06 JUL 2022;6;miércoles;julio;2022;7948,60
07 JUL 2022;7;jueves;julio;2022;8122,50
08 JUL 2022;8;viernes;julio;2022;8100,30
11 JUL 2022;11;lunes;julio;2022;8065,20
12 JUL 2022;12;martes;julio;2022;8014,80
13 JUL 2022;13;miércoles;julio;2022;7944,90
14 JUL 2022;14;jueves;julio;2022;7804,30
15 JUL 2022;15;viernes;julio;2022;7945,90
18 JUL 2022;18;lunes;julio;2022;7963,10
19 JUL 2022;19;martes;julio;2022;8125,10
20 JUL 2022;20;miércoles;julio;2022;8028,90
21 JUL 2022;21;jueves;julio;2022;8012,70
22 JUL 2022;22;viernes;julio;2022;8051,60
25 JUL 2022;25;lunes;julio;2022;8085,60
26 JUL 2022;26;martes;julio;2022;8069,60
27 JUL 2022;27;miércoles;julio;2022;8124,40
28 JUL 2022;28;jueves;julio;2022;8084,90
29 JUL 2022;29;viernes;julio;2022;8156,20
01 AGO 2022;1;lunes;agosto;2022;8085,10
02 AGO 2022;2;martes;agosto;2022;8096,90
03 AGO 2022;3;miércoles;agosto;2022;8142,10
04 AGO 2022;4;jueves;agosto;2022;8161,10
05 AGO 2022;5;viernes;agosto;2022;8168,00
08 AGO 2022;8;lunes;agosto;2022;8272,50
09 AGO 2022;9;martes;agosto;2022;8311,90
10 AGO 2022;10;miércoles;agosto;2022;8352,80
11 AGO 2022;11;jueves;agosto;2022;8380,00
12 AGO 2022;12;viernes;agosto;2022;8400,40
15 AGO 2022;15;lunes;agosto;2022;8427,00
16 AGO 2022;16;martes;agosto;2022;8511,90
17 AGO 2022;17;miércoles;agosto;2022;8434,80
18 AGO 2022;18;jueves;agosto;2022;8430,30
19 AGO 2022;19;viernes;agosto;2022;8338,10
22 AGO 2022;22;lunes;agosto;2022;8284,80
23 AGO 2022;23;martes;agosto;2022;8226,30
24 AGO 2022;24;miércoles;agosto;2022;8199,40
25 AGO 2022;25;jueves;agosto;2022;8187,50
26 AGO 2022;26;viernes;agosto;2022;8063,90
29 AGO 2022;29;lunes;agosto;2022;7989,60
30 AGO 2022;30;martes;agosto;2022;7979,80
31 AGO 2022;31;miércoles;agosto;2022;7886,10
01 SEP 2022;1;jueves;septiembre;2022;7806,00
02 SEP 2022;2;viernes;septiembre;2022;7932,20
05 SEP 2022;5;lunes;septiembre;2022;7862,70
06 SEP 2022;6;martes;septiembre;2022;7842,20
07 SEP 2022;7;miércoles;septiembre;2022;7855,90
08 SEP 2022;8;jueves;septiembre;2022;7916,80
09 SEP 2022;9;viernes;septiembre;2022;8033,10
12 SEP 2022;12;lunes;septiembre;2022;8194,30
13 SEP 2022;13;martes;septiembre;2022;8064,00
14 SEP 2022;14;miércoles;septiembre;2022;8055,60
15 SEP 2022;15;jueves;septiembre;2022;8085,50
16 SEP 2022;16;viernes;septiembre;2022;7984,70
19 SEP 2022;19;lunes;septiembre;2022;7993,20
20 SEP 2022;20;martes;septiembre;2022;7873,10
21 SEP 2022;21;miércoles;septiembre;2022;7872,20
22 SEP 2022;22;jueves;septiembre;2022;7774,70
23 SEP 2022;23;viernes;septiembre;2022;7583,50
26 SEP 2022;26;lunes;septiembre;2022;7508,50
27 SEP 2022;27;martes;septiembre;2022;7445,70
28 SEP 2022;28;miércoles;septiembre;2022;7442,20
29 SEP 2022;29;jueves;septiembre;2022;7300,10
30 SEP 2022;30;viernes;septiembre;2022;7366,80
03 OCT 2022;3;lunes;octubre;2022;7462,00
04 OCT 2022;4;martes;octubre;2022;7696,60
05 OCT 2022;5;miércoles;octubre;2022;7579,90
06 OCT 2022;6;jueves;octubre;2022;7511,10
07 OCT 2022;7;viernes;octubre;2022;7436,90
10 OCT 2022;10;lunes;octubre;2022;7413,50
11 OCT 2022;11;martes;octubre;2022;7355,90
12 OCT 2022;12;miércoles;octubre;2022;7261,10
13 OCT 2022;13;jueves;octubre;2022;7348,80
14 OCT 2022;14;viernes;octubre;2022;7382,50
17 OCT 2022;17;lunes;octubre;2022;7557,10
18 OCT 2022;18;martes;octubre;2022;7611,30
19 OCT 2022;19;miércoles;octubre;2022;7583,60
20 OCT 2022;20;jueves;octubre;2022;7644,40
21 OCT 2022;21;viernes;octubre;2022;7545,60
24 OCT 2022;24;lunes;octubre;2022;7680,50
25 OCT 2022;25;martes;octubre;2022;7794,90
26 OCT 2022;26;miércoles;octubre;2022;7870,60
27 OCT 2022;27;jueves;octubre;2022;7921,10
28 OCT 2022;28;viernes;octubre;2022;7916,50
31 OCT 2022;31;lunes;octubre;2022;7956,50
01 NOV 2022;1;martes;noviembre;2022;7999,00
02 NOV 2022;2;miércoles;noviembre;2022;7968,60
03 NOV 2022;3;jueves;noviembre;2022;7868,90
04 NOV 2022;4;viernes;noviembre;2022;7942,70
07 NOV 2022;7;lunes;noviembre;2022;7962,30
08 NOV 2022;8;martes;noviembre;2022;7998,90
09 NOV 2022;9;miércoles;noviembre;2022;8040,40
10 NOV 2022;10;jueves;noviembre;2022;8133,20
11 NOV 2022;11;viernes;noviembre;2022;8098,10
14 NOV 2022;14;lunes;noviembre;2022;8166,50
15 NOV 2022;15;martes;noviembre;2022;8188,40
16 NOV 2022;16;miércoles;noviembre;2022;8101,40
17 NOV 2022;17;jueves;noviembre;2022;8040,70
18 NOV 2022;18;viernes;noviembre;2022;8127,80
21 NOV 2022;21;lunes;noviembre;2022;8188,40
22 NOV 2022;22;martes;noviembre;2022;8325,00
23 NOV 2022;23;miércoles;noviembre;2022;8331,20
24 NOV 2022;24;jueves;noviembre;2022;8388,10
25 NOV 2022;25;viernes;noviembre;2022;8416,60
28 NOV 2022;28;lunes;noviembre;2022;8323,20
29 NOV 2022;29;martes;noviembre;2022;8322,10
30 NOV 2022;30;miércoles;noviembre;2022;8363,20
01 DIC 2022;1;jueves;diciembre;2022;8407,90
02 DIC 2022;2;viernes;diciembre;2022;8382,60
05 DIC 2022;5;lunes;diciembre;2022;8370,10
06 DIC 2022;6;martes;diciembre;2022;8331,90
07 DIC 2022;7;miércoles;diciembre;2022;8290,50
08 DIC 2022;8;jueves;diciembre;2022;8225,20
09 DIC 2022;9;viernes;diciembre;2022;8289,20
12 DIC 2022;12;lunes;diciembre;2022;8258,90
13 DIC 2022;13;martes;diciembre;2022;8327,70
14 DIC 2022;14;miércoles;diciembre;2022;8360,60
15 DIC 2022;15;jueves;diciembre;2022;8218,80
16 DIC 2022;16;viernes;diciembre;2022;8112,50
19 DIC 2022;19;lunes;diciembre;2022;8136,80
20 DIC 2022;20;martes;diciembre;2022;8185,20
21 DIC 2022;21;miércoles;diciembre;2022;8302,30
22 DIC 2022;22;jueves;diciembre;2022;8272,10
23 DIC 2022;23;viernes;diciembre;2022;8269,10
26 DIC 2022;26;lunes;diciembre;2022;-
27 DIC 2022;27;martes;diciembre;2022;8270,10
28 DIC 2022;28;miércoles;diciembre;2022;8258,50
29 DIC 2022;29;jueves;diciembre;2022;8318,30
30 DIC 2022;30;viernes;diciembre;2022;8229,10
02 ENE 2023;2;lunes;enero;2023;8369,70
03 ENE 2023;3;martes;enero;2023;8397,40
04 ENE 2023;4;miércoles;enero;2023;8559,80
05 ENE 2023;5;jueves;enero;2023;8607,60
06 ENE 2023;6;viernes;enero;2023;8701,10
09 ENE 2023;9;lunes;enero;2023;8694,90
10 ENE 2023;10;martes;enero;2023;8712,70
11 ENE 2023;11;miércoles;enero;2023;8726,30
12 ENE 2023;12;jueves;enero;2023;8828,10
13 ENE 2023;13;viernes;enero;2023;8881,70
16 ENE 2023;16;lunes;enero;2023;8871,10
17 ENE 2023;17;martes;enero;2023;8890,40
18 ENE 2023;18;miércoles;enero;2023;8933,30
19 ENE 2023;19;jueves;enero;2023;8793,10
20 ENE 2023;20;viernes;enero;2023;8918,20
23 ENE 2023;23;lunes;enero;2023;8944,10
24 ENE 2023;24;martes;enero;2023;8967,10
25 ENE 2023;25;miércoles;enero;2023;8957,50
26 ENE 2023;26;jueves;enero;2023;9035,60
27 ENE 2023;27;viernes;enero;2023;9060,20
30 ENE 2023;30;lunes;enero;2023;9049,30
31 ENE 2023;31;martes;enero;2023;9034,00
01 FEB 2023;1;miércoles;febrero;2023;9098,10
02 FEB 2023;2;jueves;febrero;2023;9229,70
03 FEB 2023;3;viernes;febrero;2023;9225,60
06 FEB 2023;6;lunes;febrero;2023;9159,20
07 FEB 2023;7;martes;febrero;2023;9172,40
08 FEB 2023;8;miércoles;febrero;2023;9227,30
09 FEB 2023;9;jueves;febrero;2023;9243,50
10 FEB 2023;10;viernes;febrero;2023;9117,40
13 FEB 2023;13;lunes;febrero;2023;9210,30
14 FEB 2023;14;martes;febrero;2023;9263,20
15 FEB 2023;15;miércoles;febrero;2023;9294,80
16 FEB 2023;16;jueves;febrero;2023;9327,30
17 FEB 2023;17;viernes;febrero;2023;9333,00
20 FEB 2023;20;lunes;febrero;2023;9281,30
21 FEB 2023;21;martes;febrero;2023;9252,10
22 FEB 2023;22;miércoles;febrero;2023;9172,70
23 FEB 2023;23;jueves;febrero;2023;9231,60
24 FEB 2023;24;viernes;febrero;2023;9201,50
27 FEB 2023;27;lunes;febrero;2023;9314,30
28 FEB 2023;28;martes;febrero;2023;9394,60
01 MAR 2023;1;miércoles;marzo;2023;9322,90
02 MAR 2023;2;jueves;marzo;2023;9327,30
03 MAR 2023;3;viernes;marzo;2023;9464,20
06 MAR 2023;6;lunes;marzo;2023;9511,00
07 MAR 2023;7;martes;marzo;2023;9411,10
08 MAR 2023;8;miércoles;marzo;2023;9466,10
09 MAR 2023;9;jueves;marzo;2023;9423,20
10 MAR 2023;10;viernes;marzo;2023;9285,00
13 MAR 2023;13;lunes;marzo;2023;8958,90
14 MAR 2023;14;martes;marzo;2023;9159,00
15 MAR 2023;15;miércoles;marzo;2023;8759,10
16 MAR 2023;16;jueves;marzo;2023;8890,20
17 MAR 2023;17;viernes;marzo;2023;8719,30
20 MAR 2023;20;lunes;marzo;2023;8833,10
21 MAR 2023;21;martes;marzo;2023;9049,40
22 MAR 2023;22;miércoles;marzo;2023;9009,30
23 MAR 2023;23;jueves;marzo;2023;8970,00
24 MAR 2023;24;viernes;marzo;2023;8792,50
27 MAR 2023;27;lunes;marzo;2023;8906,10
28 MAR 2023;28;martes;marzo;2023;8944,30
29 MAR 2023;29;miércoles;marzo;2023;9070,70
30 MAR 2023;30;jueves;marzo;2023;9207,10
31 MAR 2023;31;viernes;marzo;2023;9232,50
03 ABR 2023;3;lunes;abril;2023;9157,40
04 ABR 2023;4;martes;abril;2023;9183,20
05 ABR 2023;5;miércoles;abril;2023;9254,60
06 ABR 2023;6;jueves;abril;2023;9312,30
07 ABR 2023;7;viernes;abril;2023;-
10 ABR 2023;10;lunes;abril;2023;-
11 ABR 2023;11;martes;abril;2023;9237,70
12 ABR 2023;12;miércoles;abril;2023;9278,70
13 ABR 2023;13;jueves;abril;2023;9310,00
14 ABR 2023;14;viernes;abril;2023;9362,90
17 ABR 2023;17;lunes;abril;2023;9378,50
18 ABR 2023;18;martes;abril;2023;9421,90
19 ABR 2023;19;miércoles;abril;2023;9494,80
20 ABR 2023;20;jueves;abril;2023;9450,90
21 ABR 2023;21;viernes;abril;2023;9415,60
24 ABR 2023;24;lunes;abril;2023;9406,40
25 ABR 2023;25;martes;abril;2023;9290,30
26 ABR 2023;26;miércoles;abril;2023;9293,70
27 ABR 2023;27;jueves;abril;2023;9314,60
28 ABR 2023;28;viernes;abril;2023;9241,00
01 MAY 2023;1;lunes;mayo;2023;-
02 MAY 2023;2;martes;mayo;2023;9082,00
03 MAY 2023;3;miércoles;mayo;2023;9076,70
04 MAY 2023;4;jueves;mayo;2023;9043,60
05 MAY 2023;5;viernes;mayo;2023;9147,30
08 MAY 2023;8;lunes;mayo;2023;9211,30
09 MAY 2023;9;martes;mayo;2023;9183,20
10 MAY 2023;10;miércoles;mayo;2023;9167,70
11 MAY 2023;11;jueves;mayo;2023;9182,80
12 MAY 2023;12;viernes;mayo;2023;9234,10
15 MAY 2023;15;lunes;mayo;2023;9201,50
16 MAY 2023;16;martes;mayo;2023;9191,40
17 MAY 2023;17;miércoles;mayo;2023;9211,60
18 MAY 2023;18;jueves;mayo;2023;9213,10
19 MAY 2023;19;viernes;mayo;2023;9251,50
22 MAY 2023;22;lunes;mayo;2023;9305,00
23 MAY 2023;23;martes;mayo;2023;9267,00
24 MAY 2023;24;miércoles;mayo;2023;9163,50
25 MAY 2023;25;jueves;mayo;2023;9116,10
26 MAY 2023;26;viernes;mayo;2023;9191,10
29 MAY 2023;29;lunes;mayo;2023;9180,10
30 MAY 2023;30;martes;mayo;2023;9167,50
31 MAY 2023;31;miércoles;mayo;2023;9050,20
01 JUN 2023;1;jueves;junio;2023;9167,50
02 JUN 2023;2;viernes;junio;2023;9317,30
05 JUN 2023;5;lunes;junio;2023;9289,10
06 JUN 2023;6;martes;junio;2023;9310,80
07 JUN 2023;7;miércoles;junio;2023;9359,80
08 JUN 2023;8;jueves;junio;2023;9338,30
09 JUN 2023;9;viernes;junio;2023;9309,70
12 JUN 2023;12;lunes;junio;2023;9344,40
13 JUN 2023;13;martes;junio;2023;9333,70
14 JUN 2023;14;miércoles;junio;2023;9432,80
15 JUN 2023;15;jueves;junio;2023;9430,80
16 JUN 2023;16;viernes;junio;2023;9495,00
19 JUN 2023;19;lunes;junio;2023;9431,90
20 JUN 2023;20;martes;junio;2023;9439,80
21 JUN 2023;21;miércoles;junio;2023;9436,40
22 JUN 2023;22;jueves;junio;2023;9364,70
23 JUN 2023;23;viernes;junio;2023;9265,80
26 JUN 2023;26;lunes;junio;2023;9274,00
27 JUN 2023;27;martes;junio;2023;9393,00
28 JUN 2023;28;miércoles;junio;2023;9481,30
29 JUN 2023;29;jueves;junio;2023;9510,60
30 JUN 2023;30;viernes;junio;2023;9593,00
03 JUL 2023;3;lunes;julio;2023;9644,80
04 JUL 2023;4;martes;julio;2023;9588,40
05 JUL 2023;5;miércoles;julio;2023;9486,30
06 JUL 2023;6;jueves;julio;2023;9285,00
07 JUL 2023;7;viernes;julio;2023;9248,80
10 JUL 2023;10;lunes;julio;2023;9252,90
11 JUL 2023;11;martes;julio;2023;9331,10
12 JUL 2023;12;miércoles;julio;2023;9453,70
13 JUL 2023;13;jueves;julio;2023;9478,70
14 JUL 2023;14;viernes;julio;2023;9438,30
17 JUL 2023;17;lunes;julio;2023;9438,00
18 JUL 2023;18;martes;julio;2023;9455,70
19 JUL 2023;19;miércoles;julio;2023;9451,80
20 JUL 2023;20;jueves;julio;2023;9519,60
21 JUL 2023;21;viernes;julio;2023;9571,50
24 JUL 2023;24;lunes;julio;2023;9543,50
25 JUL 2023;25;martes;julio;2023;9519,20
26 JUL 2023;26;miércoles;julio;2023;9600,50
27 JUL 2023;27;jueves;julio;2023;9694,70
28 JUL 2023;28;viernes;julio;2023;9685,10
31 JUL 2023;31;lunes;julio;2023;9641,50
01 AGO 2023;1;martes;agosto;2023;9502,90
02 AGO 2023;2;miércoles;agosto;2023;9328,70
03 AGO 2023;3;jueves;agosto;2023;9307,10
04 AGO 2023;4;viernes;agosto;2023;9368,40
07 AGO 2023;7;lunes;agosto;2023;9358,60
08 AGO 2023;8;martes;agosto;2023;9301,80
09 AGO 2023;9;miércoles;agosto;2023;9354,40
10 AGO 2023;10;jueves;agosto;2023;9502,20
11 AGO 2023;11;viernes;agosto;2023;9434,30
14 AGO 2023;14;lunes;agosto;2023;9429,60
15 AGO 2023;15;martes;agosto;2023;9347,50
16 AGO 2023;16;miércoles;agosto;2023;9350,50
17 AGO 2023;17;jueves;agosto;2023;9278,00
18 AGO 2023;18;viernes;agosto;2023;9267,70
21 AGO 2023;21;lunes;agosto;2023;9262,80
22 AGO 2023;22;martes;agosto;2023;9314,00
23 AGO 2023;23;miércoles;agosto;2023;9315,60
24 AGO 2023;24;jueves;agosto;2023;9324,70
25 AGO 2023;25;viernes;agosto;2023;9338,90
28 AGO 2023;28;lunes;agosto;2023;9490,10
29 AGO 2023;29;martes;agosto;2023;9581,20
30 AGO 2023;30;miércoles;agosto;2023;9551,10
31 AGO 2023;31;jueves;agosto;2023;9505,90
01 SEP 2023;1;viernes;septiembre;2023;9449,60
04 SEP 2023;4;lunes;septiembre;2023;9416,30
05 SEP 2023;5;martes;septiembre;2023;9392,00
06 SEP 2023;6;miércoles;septiembre;2023;9314,40
07 SEP 2023;7;jueves;septiembre;2023;9310,00
08 SEP 2023;8;viernes;septiembre;2023;9364,60
11 SEP 2023;11;lunes;septiembre;2023;9435,20
12 SEP 2023;12;martes;septiembre;2023;9455,40
13 SEP 2023;13;miércoles;septiembre;2023;9424,10
14 SEP 2023;14;jueves;septiembre;2023;9549,00
15 SEP 2023;15;viernes;septiembre;2023;9549,70
18 SEP 2023;18;lunes;septiembre;2023;9482,10
19 SEP 2023;19;martes;septiembre;2023;9527,20
20 SEP 2023;20;miércoles;septiembre;2023;9645,80
21 SEP 2023;21;jueves;septiembre;2023;9548,90
22 SEP 2023;22;viernes;septiembre;2023;9502,00
25 SEP 2023;25;lunes;septiembre;2023;9386,00
26 SEP 2023;26;martes;septiembre;2023;9366,90
27 SEP 2023;27;miércoles;septiembre;2023;9331,90
28 SEP 2023;28;jueves;septiembre;2023;9426,80
29 SEP 2023;29;viernes;septiembre;2023;9428,00
02 OCT 2023;2;lunes;octubre;2023;9319,00
03 OCT 2023;3;martes;octubre;2023;9165,50
04 OCT 2023;4;miércoles;octubre;2023;9102,90
05 OCT 2023;5;jueves;octubre;2023;9157,70
06 OCT 2023;6;viernes;octubre;2023;9235,80
09 OCT 2023;9;lunes;octubre;2023;9151,30
10 OCT 2023;10;martes;octubre;2023;9352,10
11 OCT 2023;11;miércoles;octubre;2023;9360,40
12 OCT 2023;12;jueves;octubre;2023;9336,00
13 OCT 2023;13;viernes;octubre;2023;9232,90
16 OCT 2023;16;lunes;octubre;2023;9287,10
17 OCT 2023;17;martes;octubre;2023;9298,50
18 OCT 2023;18;miércoles;octubre;2023;9212,70
19 OCT 2023;19;jueves;octubre;2023;9146,80
20 OCT 2023;20;viernes;octubre;2023;9029,10
23 OCT 2023;23;lunes;octubre;2023;8995,50
24 OCT 2023;24;martes;octubre;2023;8975,80
25 OCT 2023;25;miércoles;octubre;2023;8984,80
26 OCT 2023;26;jueves;octubre;2023;8962,80
27 OCT 2023;27;viernes;octubre;2023;8918,30
30 OCT 2023;30;lunes;octubre;2023;9013,90
31 OCT 2023;31;martes;octubre;2023;9017,30
01 NOV 2023;1;miércoles;noviembre;2023;9075,00
02 NOV 2023;2;jueves;noviembre;2023;9260,40
03 NOV 2023;3;viernes;noviembre;2023;9293,90
06 NOV 2023;6;lunes;noviembre;2023;9241,50
07 NOV 2023;7;martes;noviembre;2023;9235,90
08 NOV 2023;8;miércoles;noviembre;2023;9283,80
09 NOV 2023;9;jueves;noviembre;2023;9405,20
10 NOV 2023;10;viernes;noviembre;2023;9371,70
13 NOV 2023;13;lunes;noviembre;2023;9461,70
14 NOV 2023;14;martes;noviembre;2023;9623,30
15 NOV 2023;15;miércoles;noviembre;2023;9640,70
16 NOV 2023;16;jueves;noviembre;2023;9667,40
17 NOV 2023;17;viernes;noviembre;2023;9761,40
20 NOV 2023;20;lunes;noviembre;2023;9839,00
21 NOV 2023;21;martes;noviembre;2023;9827,50
22 NOV 2023;22;miércoles;noviembre;2023;9887,40
23 NOV 2023;23;jueves;noviembre;2023;9905,50
24 NOV 2023;24;viernes;noviembre;2023;9939,00
27 NOV 2023;27;lunes;noviembre;2023;9936,10
28 NOV 2023;28;martes;noviembre;2023;10003,40
29 NOV 2023;29;miércoles;noviembre;2023;10062,60
30 NOV 2023;30;jueves;noviembre;2023;10058,20
01 DIC 2023;1;viernes;diciembre;2023;10140,80
04 DIC 2023;4;lunes;diciembre;2023;10178,30
05 DIC 2023;5;martes;diciembre;2023;10238,40
06 DIC 2023;6;miércoles;diciembre;2023;10258,10
07 DIC 2023;7;jueves;diciembre;2023;10146,00
08 DIC 2023;8;viernes;diciembre;2023;10223,40
11 DIC 2023;11;lunes;diciembre;2023;10198,00
12 DIC 2023;12;martes;diciembre;2023;10118,70
13 DIC 2023;13;miércoles;diciembre;2023;10096,10
14 DIC 2023;14;jueves;diciembre;2023;10171,70
15 DIC 2023;15;viernes;diciembre;2023;10095,60
18 DIC 2023;18;lunes;diciembre;2023;10054,90
19 DIC 2023;19;martes;diciembre;2023;10106,70
20 DIC 2023;20;miércoles;diciembre;2023;10101,00
21 DIC 2023;21;jueves;diciembre;2023;10104,30
22 DIC 2023;22;viernes;diciembre;2023;10111,90
25 DIC 2023;25;lunes;diciembre;2023;-
26 DIC 2023;26;martes;diciembre;2023;-
27 DIC 2023;27;miércoles;diciembre;2023;10121,80
28 DIC 2023;28;jueves;diciembre;2023;10086,20
29 DIC 2023;29;viernes;diciembre;2023;10102,10
01 ENE 2024;1;lunes;enero;2024;-
02 ENE 2024;2;martes;enero;2024;10182,10
03 ENE 2024;3;miércoles;enero;2024;10053,40
04 ENE 2024;4;jueves;enero;2024;10182,40
05 ENE 2024;5;viernes;enero;2024;10164,50
08 ENE 2024;8;lunes;enero;2024;10209,00
09 ENE 2024;9;martes;enero;2024;10060,30
10 ENE 2024;10;miércoles;enero;2024;10067,10
11 ENE 2024;11;jueves;enero;2024;10004,90
12 ENE 2024;12;viernes;enero;2024;10094,80
15 ENE 2024;15;lunes;enero;2024;10076,90
16 ENE 2024;16;martes;enero;2024;9994,10
17 ENE 2024;17;miércoles;enero;2024;9867,80
18 ENE 2024;18;jueves;enero;2024;9880,30
19 ENE 2024;19;viernes;enero;2024;9858,30
22 ENE 2024;22;lunes;enero;2024;9968,10
23 ENE 2024;23;martes;enero;2024;9859,20
24 ENE 2024;24;miércoles;enero;2024;9974,00
25 ENE 2024;25;jueves;enero;2024;9916,60
26 ENE 2024;26;viernes;enero;2024;9936,60
29 ENE 2024;29;lunes;enero;2024;9890,30
30 ENE 2024;30;martes;enero;2024;10039,30
31 ENE 2024;31;miércoles;enero;2024;10077,70
01 FEB 2024;1;jueves;febrero;2024;10014,00
02 FEB 2024;2;viernes;febrero;2024;10062,50
05 FEB 2024;5;lunes;febrero;2024;9941,30
06 FEB 2024;6;martes;febrero;2024;10003,00
07 FEB 2024;7;miércoles;febrero;2024;9888,20
08 FEB 2024;8;jueves;febrero;2024;9905,40
09 FEB 2024;9;viernes;febrero;2024;9896,60
12 FEB 2024;12;lunes;febrero;2024;9984,70
13 FEB 2024;13;martes;febrero;2024;9925,40
14 FEB 2024;14;miércoles;febrero;2024;9916,60
15 FEB 2024;15;jueves;febrero;2024;9927,30
16 FEB 2024;16;viernes;febrero;2024;9886,40
19 FEB 2024;19;lunes;febrero;2024;9944,80
20 FEB 2024;20;martes;febrero;2024;10038,20
21 FEB 2024;21;miércoles;febrero;2024;10107,20
22 FEB 2024;22;jueves;febrero;2024;10138,90
23 FEB 2024;23;viernes;febrero;2024;10130,60
26 FEB 2024;26;lunes;febrero;2024;10138,40
27 FEB 2024;27;martes;febrero;2024;10113,80
28 FEB 2024;28;miércoles;febrero;2024;10068,60
29 FEB 2024;29;jueves;febrero;2024;10001,30
01 MAR 2024;1;viernes;marzo;2024;10064,70
04 MAR 2024;4;lunes;marzo;2024;10069,80
05 MAR 2024;5;martes;marzo;2024;10117,10
06 MAR 2024;6;miércoles;marzo;2024;10197,20
07 MAR 2024;7;jueves;marzo;2024;10319,60
08 MAR 2024;8;viernes;marzo;2024;10305,70
11 MAR 2024;11;lunes;marzo;2024;10325,70
12 MAR 2024;12;martes;marzo;2024;10388,90
13 MAR 2024;13;miércoles;marzo;2024;10560,50
14 MAR 2024;14;jueves;marzo;2024;10490,50
15 MAR 2024;15;viernes;marzo;2024;10597,90
18 MAR 2024;18;lunes;marzo;2024;10596,70
19 MAR 2024;19;martes;marzo;2024;10701,40
20 MAR 2024;20;miércoles;marzo;2024;10752,50
21 MAR 2024;21;jueves;marzo;2024;10867,50
22 MAR 2024;22;viernes;marzo;2024;10943,20
25 MAR 2024;25;lunes;marzo;2024;10952,20
26 MAR 2024;26;martes;marzo;2024;10991,50
27 MAR 2024;27;miércoles;marzo;2024;11111,30
28 MAR 2024;28;jueves;marzo;2024;11074,60
29 MAR 2024;29;viernes;marzo;2024;-
01 ABR 2024;1;lunes;abril;2024;-
02 ABR 2024;2;martes;abril;2024;10975,60
03 ABR 2024;3;miércoles;abril;2024;11032,30
04 ABR 2024;4;jueves;abril;2024;11090,90
05 ABR 2024;5;viernes;abril;2024;10916,00
08 ABR 2024;8;lunes;abril;2024;10911,80
09 ABR 2024;9;martes;abril;2024;10816,00
10 ABR 2024;10;miércoles;abril;2024;10775,00
11 ABR 2024;11;jueves;abril;2024;10649,80
12 ABR 2024;12;viernes;abril;2024;10686,00
15 ABR 2024;15;lunes;abril;2024;10687,20
16 ABR 2024;16;martes;abril;2024;10526,90
17 ABR 2024;17;miércoles;abril;2024;10633,90
18 ABR 2024;18;jueves;abril;2024;10765,00
19 ABR 2024;19;viernes;abril;2024;10729,50
22 ABR 2024;22;lunes;abril;2024;10890,20
23 ABR 2024;23;martes;abril;2024;11075,40
24 ABR 2024;24;miércoles;abril;2024;11027,80
25 ABR 2024;25;jueves;abril;2024;10983,70
26 ABR 2024;26;viernes;abril;2024;11154,60
29 ABR 2024;29;lunes;abril;2024;11100,80
30 ABR 2024;30;martes;abril;2024;10854,40
01 MAY 2024;1;miércoles;mayo;2024;-
02 MAY 2024;2;jueves;mayo;2024;10872,00
03 MAY 2024;3;viernes;mayo;2024;10854,70
06 MAY 2024;6;lunes;mayo;2024;10917,50
07 MAY 2024;7;martes;mayo;2024;11080,90
08 MAY 2024;8;miércoles;mayo;2024;11153,00
09 MAY 2024;9;jueves;mayo;2024;11050,10
10 MAY 2024;10;viernes;mayo;2024;11105,50
13 MAY 2024;13;lunes;mayo;2024;11152,00
14 MAY 2024;14;martes;mayo;2024;11239,30
15 MAY 2024;15;miércoles;mayo;2024;11362,80
16 MAY 2024;16;jueves;mayo;2024;11299,30
17 MAY 2024;17;viernes;mayo;2024;11327,70
20 MAY 2024;20;lunes;mayo;2024;11339,50
21 MAY 2024;21;martes;mayo;2024;11334,90
22 MAY 2024;22;miércoles;mayo;2024;11329,00
23 MAY 2024;23;jueves;mayo;2024;11311,10
24 MAY 2024;24;viernes;mayo;2024;11246,00
27 MAY 2024;27;lunes;mayo;2024;11325,50
28 MAY 2024;28;martes;mayo;2024;11276,00
29 MAY 2024;29;miércoles;mayo;2024;11145,10
30 MAY 2024;30;jueves;mayo;2024;11338,20
31 MAY 2024;31;viernes;mayo;2024;11322,00
03 JUN 2024;3;lunes;junio;2024;11397,20
04 JUN 2024;4;martes;junio;2024;11286,40
05 JUN 2024;5;miércoles;junio;2024;11353,10
06 JUN 2024;6;jueves;junio;2024;11444,00
07 JUN 2024;7;viernes;junio;2024;11404,90
10 JUN 2024;10;lunes;junio;2024;11357,20
11 JUN 2024;11;martes;junio;2024;11175,50
12 JUN 2024;12;miércoles;junio;2024;11245,40
13 JUN 2024;13;jueves;junio;2024;11066,10
14 JUN 2024;14;viernes;junio;2024;10992,30
17 JUN 2024;17;lunes;junio;2024;10959,50
18 JUN 2024;18;martes;junio;2024;11067,70
19 JUN 2024;19;miércoles;junio;2024;11056,40
20 JUN 2024;20;jueves;junio;2024;11160,50
21 JUN 2024;21;viernes;junio;2024;11032,30
24 JUN 2024;24;lunes;junio;2024;11172,10
25 JUN 2024;25;martes;junio;2024;11118,90
26 JUN 2024;26;miércoles;junio;2024;11030,50
27 JUN 2024;27;jueves;junio;2024;10951,50
28 JUN 2024;28;viernes;junio;2024;10943,70
01 JUL 2024;1;lunes;julio;2024;11057,00
02 JUL 2024;2;martes;julio;2024;10912,80
03 JUL 2024;3;miércoles;julio;2024;11056,80
04 JUL 2024;4;jueves;julio;2024;11066,30
05 JUL 2024;5;viernes;julio;2024;11023,50
08 JUL 2024;8;lunes;julio;2024;11022,10
09 JUL 2024;9;martes;julio;2024;10898,80
10 JUL 2024;10;miércoles;julio;2024;11071,60
11 JUL 2024;11;jueves;julio;2024;11170,00
12 JUL 2024;12;viernes;julio;2024;11250,60
15 JUL 2024;15;lunes;julio;2024;11143,00
16 JUL 2024;16;martes;julio;2024;11090,50
17 JUL 2024;17;miércoles;julio;2024;11105,20
18 JUL 2024;18;jueves;julio;2024;11147,50
19 JUL 2024;19;viernes;julio;2024;11087,50
22 JUL 2024;22;lunes;julio;2024;11143,80
23 JUL 2024;23;martes;julio;2024;11212,70
24 JUL 2024;24;miércoles;julio;2024;11210,10
25 JUL 2024;25;jueves;julio;2024;11145,60
26 JUL 2024;26;viernes;julio;2024;11165,90
29 JUL 2024;29;lunes;julio;2024;11117,80
30 JUL 2024;30;martes;julio;2024;11202,60
31 JUL 2024;31;miércoles;julio;2024;11065,00
01 AGO 2024;1;jueves;agosto;2024;10854,30
02 AGO 2024;2;viernes;agosto;2024;10672,90
05 AGO 2024;5;lunes;agosto;2024;10423,40
06 AGO 2024;6;martes;agosto;2024;10390,50
07 AGO 2024;7;miércoles;agosto;2024;10599,00
08 AGO 2024;8;jueves;agosto;2024;10558,00
09 AGO 2024;9;viernes;agosto;2024;10638,50
12 AGO 2024;12;lunes;agosto;2024;10646,20
13 AGO 2024;13;martes;agosto;2024;10723,80
14 AGO 2024;14;miércoles;agosto;2024;10753,00
15 AGO 2024;15;jueves;agosto;2024;10885,60
16 AGO 2024;16;viernes;agosto;2024;10949,70
19 AGO 2024;19;lunes;agosto;2024;11102,50
20 AGO 2024;20;martes;agosto;2024;11087,80
21 AGO 2024;21;miércoles;agosto;2024;11114,90
22 AGO 2024;22;jueves;agosto;2024;11156,30
23 AGO 2024;23;viernes;agosto;2024;11278,10
26 AGO 2024;26;lunes;agosto;2024;11265,50
27 AGO 2024;27;martes;agosto;2024;11326,90
28 AGO 2024;28;miércoles;agosto;2024;11332,00
29 AGO 2024;29;jueves;agosto;2024;11358,60
30 AGO 2024;30;viernes;agosto;2024;11401,90
02 SEP 2024;2;lunes;septiembre;2024;11395,30
03 SEP 2024;3;martes;septiembre;2024;11279,20
04 SEP 2024;4;miércoles;septiembre;2024;11213,90
05 SEP 2024;5;jueves;septiembre;2024;11273,50
06 SEP 2024;6;viernes;septiembre;2024;11173,00
09 SEP 2024;9;lunes;septiembre;2024;11272,80
10 SEP 2024;10;martes;septiembre;2024;11203,50
11 SEP 2024;11;miércoles;septiembre;2024;11278,90
12 SEP 2024;12;jueves;septiembre;2024;11400,20
13 SEP 2024;13;viernes;septiembre;2024;11540,20
16 SEP 2024;16;lunes;septiembre;2024;11581,00
17 SEP 2024;17;martes;septiembre;2024;11703,40
18 SEP 2024;18;miércoles;septiembre;2024;11684,70
19 SEP 2024;19;jueves;septiembre;2024;11778,10
20 SEP 2024;20;viernes;septiembre;2024;11753,30
23 SEP 2024;23;lunes;septiembre;2024;11797,90
24 SEP 2024;24;martes;septiembre;2024;11837,00
25 SEP 2024;25;miércoles;septiembre;2024;11792,60
26 SEP 2024;26;jueves;septiembre;2024;11953,20
27 SEP 2024;27;viernes;septiembre;2024;11967,90
30 SEP 2024;30;lunes;septiembre;2024;11877,30
01 OCT 2024;1;martes;octubre;2024;11673,50
02 OCT 2024;2;miércoles;octubre;2024;11609,80
03 OCT 2024;3;jueves;octubre;2024;11618,00
04 OCT 2024;4;viernes;octubre;2024;11659,20
07 OCT 2024;7;lunes;octubre;2024;11717,50
08 OCT 2024;8;martes;octubre;2024;11734,70
09 OCT 2024;9;miércoles;octubre;2024;11741,50
10 OCT 2024;10;jueves;octubre;2024;11656,70
11 OCT 2024;11;viernes;octubre;2024;11720,00
14 OCT 2024;14;lunes;octubre;2024;11850,90
15 OCT 2024;15;martes;octubre;2024;11930,20
16 OCT 2024;16;miércoles;octubre;2024;11996,70
17 OCT 2024;17;jueves;octubre;2024;11904,50
18 OCT 2024;18;viernes;octubre;2024;11925,20
21 OCT 2024;21;lunes;octubre;2024;11841,10
22 OCT 2024;22;martes;octubre;2024;11832,70
23 OCT 2024;23;miércoles;octubre;2024;11865,20
24 OCT 2024;24;jueves;octubre;2024;11839,80
25 OCT 2024;25;viernes;octubre;2024;11812,50
28 OCT 2024;28;lunes;octubre;2024;11904,00
29 OCT 2024;29;martes;octubre;2024;11795,30
30 OCT 2024;30;miércoles;octubre;2024;11715,00
31 OCT 2024;31;jueves;octubre;2024;11672,60
01 NOV 2024;1;viernes;noviembre;2024;11843,00
04 NOV 2024;4;lunes;noviembre;2024;11805,10
05 NOV 2024;5;martes;noviembre;2024;11839,20
06 NOV 2024;6;miércoles;noviembre;2024;11495,30
07 NOV 2024;7;jueves;noviembre;2024;11570,10
08 NOV 2024;8;viernes;noviembre;2024;11551,60
11 NOV 2024;11;lunes;noviembre;2024;11597,30
12 NOV 2024;12;martes;noviembre;2024;11382,60
13 NOV 2024;13;miércoles;noviembre;2024;11377,10
14 NOV 2024;14;jueves;noviembre;2024;11524,30
15 NOV 2024;15;viernes;noviembre;2024;11635,90
18 NOV 2024;18;lunes;noviembre;2024;11674,80
19 NOV 2024;19;martes;noviembre;2024;11588,40
20 NOV 2024;20;miércoles;noviembre;2024;11589,50
21 NOV 2024;21;jueves;noviembre;2024;11611,70
22 NOV 2024;22;viernes;noviembre;2024;11656,60
25 NOV 2024;25;lunes;noviembre;2024;11711,80
26 NOV 2024;26;martes;noviembre;2024;11617,90
27 NOV 2024;27;miércoles;noviembre;2024;11579,50
28 NOV 2024;28;jueves;noviembre;2024;11610,80
29 NOV 2024;29;viernes;noviembre;2024;11641,30
02 DIC 2024;2;lunes;diciembre;2024;11735,30
03 DIC 2024;3;martes;diciembre;2024;11873,60
04 DIC 2024;4;miércoles;diciembre;2024;11931,60
05 DIC 2024;5;jueves;diciembre;2024;12118,70
06 DIC 2024;6;viernes;diciembre;2024;12072,00
09 DIC 2024;9;lunes;diciembre;2024;12011,50
10 DIC 2024;10;martes;diciembre;2024;11965,50
11 DIC 2024;11;miércoles;diciembre;2024;11789,30
12 DIC 2024;12;jueves;diciembre;2024;11764,80
13 DIC 2024;13;viernes;diciembre;2024;11752,10
16 DIC 2024;16;lunes;diciembre;2024;11778,60
17 DIC 2024;17;martes;diciembre;2024;11588,10
18 DIC 2024;18;miércoles;diciembre;2024;11617,90
19 DIC 2024;19;jueves;diciembre;2024;11439,90
20 DIC 2024;20;viernes;diciembre;2024;11467,30
23 DIC 2024;23;lunes;diciembre;2024;11435,70
24 DIC 2024;24;martes;diciembre;2024;11473,90
25 DIC 2024;25;miércoles;diciembre;2024;-
26 DIC 2024;26;jueves;diciembre;2024;-
27 DIC 2024;27;viernes;diciembre;2024;11531,60
30 DIC 2024;30;lunes;diciembre;2024;11536,80
31 DIC 2024;31;martes;diciembre;2024;11595,00
01 ENE 2025;1;miércoles;enero;2025;-
02 ENE 2025;2;jueves;enero;2025;11676,90
03 ENE 2025;3;viernes;enero;2025;11651,60
06 ENE 2025;6;lunes;enero;2025;11808,20
07 ENE 2025;7;martes;enero;2025;11811,90
08 ENE 2025;8;miércoles;enero;2025;11798,10
09 ENE 2025;9;jueves;enero;2025;11899,30
10 ENE 2025;10;viernes;enero;2025;11720,90
13 ENE 2025;13;lunes;enero;2025;11688,20
14 ENE 2025;14;martes;enero;2025;11752,10
15 ENE 2025;15;miércoles;enero;2025;11898,50
16 ENE 2025;16;jueves;enero;2025;11840,60
17 ENE 2025;17;viernes;enero;2025;11916,30
20 ENE 2025;20;lunes;enero;2025;11943,60
21 ENE 2025;21;martes;enero;2025;11927,40
22 ENE 2025;22;miércoles;enero;2025;11882,70
23 ENE 2025;23;jueves;enero;2025;11991,50
24 ENE 2025;24;viernes;enero;2025;11982,60
27 ENE 2025;27;lunes;enero;2025;11997,10
28 ENE 2025;28;martes;enero;2025;12154,20
29 ENE 2025;29;miércoles;enero;2025;12286,50
30 ENE 2025;30;jueves;enero;2025;12419,60
31 ENE 2025;31;viernes;enero;2025;12368,90
03 FEB 2025;3;lunes;febrero;2025;12205,80
04 FEB 2025;4;martes;febrero;2025;12372,80
05 FEB 2025;5;miércoles;febrero;2025;12536,70
06 FEB 2025;6;jueves;febrero;2025;12731,00
07 FEB 2025;7;viernes;febrero;2025;12688,90
10 FEB 2025;10;lunes;febrero;2025;12708,80
11 FEB 2025;11;martes;febrero;2025;12774,80
12 FEB 2025;12;miércoles;febrero;2025;12911,50
13 FEB 2025;13;jueves;febrero;2025;12936,30
14 FEB 2025;14;viernes;febrero;2025;12956,00
17 FEB 2025;17;lunes;febrero;2025;13016,90
18 FEB 2025;18;martes;febrero;2025;13143,90
19 FEB 2025;19;miércoles;febrero;2025;12929,40
20 FEB 2025;20;jueves;febrero;2025;12967,10
21 FEB 2025;21;viernes;febrero;2025;12952,00
24 FEB 2025;24;lunes;febrero;2025;13012,90
25 FEB 2025;25;martes;febrero;2025;13116,80
26 FEB 2025;26;miércoles;febrero;2025;13332,00
27 FEB 2025;27;jueves;febrero;2025;13270,60
28 FEB 2025;28;viernes;febrero;2025;13347,30
03 MAR 2025;3;lunes;marzo;2025;13373,10
04 MAR 2025;4;martes;marzo;2025;13031,70
05 MAR 2025;5;miércoles;marzo;2025;13214,00
06 MAR 2025;6;jueves;marzo;2025;13234,20
07 MAR 2025;7;viernes;marzo;2025;13257,10
10 MAR 2025;10;lunes;marzo;2025;13082,70
11 MAR 2025;11;martes;marzo;2025;12877,30
12 MAR 2025;12;miércoles;marzo;2025;12804,00
13 MAR 2025;13;jueves;marzo;2025;12821,30
14 MAR 2025;14;viernes;marzo;2025;13005,20
17 MAR 2025;17;lunes;marzo;2025;13147,20
18 MAR 2025;18;martes;marzo;2025;13354,70
19 MAR 2025;19;miércoles;marzo;2025;13408,10
20 MAR 2025;20;jueves;marzo;2025;13306,30
21 MAR 2025;21;viernes;marzo;2025;13350,20
24 MAR 2025;24;lunes;marzo;2025;13323,30
25 MAR 2025;25;martes;marzo;2025;13484,30
26 MAR 2025;26;miércoles;marzo;2025;13432,20
27 MAR 2025;27;jueves;marzo;2025;13422,60
28 MAR 2025;28;viernes;marzo;2025;13309,30
31 MAR 2025;31;lunes;marzo;2025;13135,40
01 ABR 2025;1;martes;abril;2025;13297,00
02 ABR 2025;2;miércoles;abril;2025;13350,20
03 ABR 2025;3;jueves;abril;2025;13191,20
04 ABR 2025;4;viernes;abril;2025;12422,00
07 ABR 2025;7;lunes;abril;2025;11785,80
08 ABR 2025;8;martes;abril;2025;12065,60
09 ABR 2025;9;miércoles;abril;2025;11797,60
10 ABR 2025;10;jueves;abril;2025;12307,60
11 ABR 2025;11;viernes;abril;2025;12286,00
14 ABR 2025;14;lunes;abril;2025;12609,80
15 ABR 2025;15;martes;abril;2025;12879,30
16 ABR 2025;16;miércoles;abril;2025;12942,10
17 ABR 2025;17;jueves;abril;2025;12918,00
18 ABR 2025;18;viernes;abril;2025;-
21 ABR 2025;21;lunes;abril;2025;-
22 ABR 2025;22;martes;abril;2025;13010,60
23 ABR 2025;23;miércoles;abril;2025;13208,30
24 ABR 2025;24;jueves;abril;2025;13179,70
25 ABR 2025;25;viernes;abril;2025;13355,30
28 ABR 2025;28;lunes;abril;2025;13456,10
29 ABR 2025;29;martes;abril;2025;13366,90
30 ABR 2025;30;miércoles;abril;2025;13287,80
01 MAY 2025;1;jueves;mayo;2025;-
02 MAY 2025;2;viernes;mayo;2025;13446,70
05 MAY 2025;5;lunes;mayo;2025;13518,00
06 MAY 2025;6;martes;mayo;2025;13530,20
07 MAY 2025;7;miércoles;mayo;2025;13480,40
08 MAY 2025;8;jueves;mayo;2025;13488,90
09 MAY 2025;9;viernes;mayo;2025;13554,10
12 MAY 2025;12;lunes;mayo;2025;13655,30
13 MAY 2025;13;martes;mayo;2025;13769,10
14 MAY 2025;14;miércoles;mayo;2025;13840,20
15 MAY 2025;15;jueves;mayo;2025;13930,20
16 MAY 2025;16;viernes;mayo;2025;14064,50
19 MAY 2025;19;lunes;mayo;2025;14099,00
20 MAY 2025;20;martes;mayo;2025;14323,40
21 MAY 2025;21;miércoles;mayo;2025;14307,60
22 MAY 2025;22;jueves;mayo;2025;14272,50
23 MAY 2025;23;viernes;mayo;2025;14104,10
26 MAY 2025;26;lunes;mayo;2025;14221,60
27 MAY 2025;27;martes;mayo;2025;14239,90
28 MAY 2025;28;miércoles;mayo;2025;14100,60
29 MAY 2025;29;jueves;mayo;2025;14116,60
30 MAY 2025;30;viernes;mayo;2025;14152,20
02 JUN 2025;2;lunes;junio;2025;14202,80
03 JUN 2025;3;martes;junio;2025;14128,40
04 JUN 2025;4;miércoles;junio;2025;14101,30
05 JUN 2025;5;jueves;junio;2025;14203,70
06 JUN 2025;6;viernes;junio;2025;14247,60
09 JUN 2025;9;lunes;junio;2025;14251,30
10 JUN 2025;10;martes;junio;2025;14221,10
11 JUN 2025;11;miércoles;junio;2025;14134,10
12 JUN 2025;12;jueves;junio;2025;14088,90
13 JUN 2025;13;viernes;junio;2025;13910,60
16 JUN 2025;16;lunes;junio;2025;14110,80
17 JUN 2025;17;martes;junio;2025;13911,70
18 JUN 2025;18;miércoles;junio;2025;13923,20
19 JUN 2025;19;jueves;junio;2025;13744,90
20 JUN 2025;20;viernes;junio;2025;13850,30
23 JUN 2025;23;lunes;junio;2025;13839,40
24 JUN 2025;24;martes;junio;2025;14035,10
25 JUN 2025;25;miércoles;junio;2025;13811,80
26 JUN 2025;26;jueves;junio;2025;13815,50
27 JUN 2025;27;viernes;junio;2025;13969,00
30 JUN 2025;30;lunes;junio;2025;13991,90
01 JUL 2025;1;martes;julio;2025;13987,40
02 JUL 2025;2;miércoles;julio;2025;14044,60
03 JUL 2025;3;jueves;julio;2025;14182,90
04 JUL 2025;4;viernes;julio;2025;13973,00
07 JUL 2025;7;lunes;julio;2025;14074,80
08 JUL 2025;8;martes;julio;2025;14079,50
09 JUL 2025;9;miércoles;julio;2025;14254,40
10 JUL 2025;10;jueves;julio;2025;14141,60
11 JUL 2025;11;viernes;julio;2025;14009,20
14 JUL 2025;14;lunes;julio;2025;14036,00
15 JUL 2025;15;martes;julio;2025;13874,70
16 JUL 2025;16;miércoles;julio;2025;13885,70
17 JUL 2025;17;jueves;julio;2025;13994,50
18 JUL 2025;18;viernes;julio;2025;13989,00
21 JUL 2025;21;lunes;julio;2025;14031,50
22 JUL 2025;22;martes;julio;2025;14041,50
23 JUL 2025;23;miércoles;julio;2025;14067,90
24 JUL 2025;24;jueves;julio;2025;14256,50
25 JUL 2025;25;viernes;julio;2025;14237,30
28 JUL 2025;28;lunes;julio;2025;14220,20
29 JUL 2025;29;martes;julio;2025;14347,70
30 JUL 2025;30;miércoles;julio;2025;14380,60
31 JUL 2025;31;jueves;julio;2025;14397,00
01 AGO 2025;1;viernes;agosto;2025;14126,70
04 AGO 2025;4;lunes;agosto;2025;14386,10
05 AGO 2025;5;martes;agosto;2025;14407,50
06 AGO 2025;6;miércoles;agosto;2025;14536,60
07 AGO 2025;7;jueves;agosto;2025;14690,90
08 AGO 2025;8;viernes;agosto;2025;14824,90
11 AGO 2025;11;lunes;agosto;2025;14855,90
12 AGO 2025;12;martes;agosto;2025;14859,00
13 AGO 2025;13;miércoles;agosto;2025;15019,90
14 AGO 2025;14;jueves;agosto;2025;15206,40
15 AGO 2025;15;viernes;agosto;2025;15277,20
18 AGO 2025;18;lunes;agosto;2025;15251,70
19 AGO 2025;19;martes;agosto;2025;15303,80
20 AGO 2025;20;miércoles;agosto;2025;15292,10
21 AGO 2025;21;jueves;agosto;2025;15303,80
22 AGO 2025;22;viernes;agosto;2025;15396,80
25 AGO 2025;25;lunes;agosto;2025;15265,50
26 AGO 2025;26;martes;agosto;2025;15119,30
27 AGO 2025;27;miércoles;agosto;2025;15020,90
28 AGO 2025;28;jueves;agosto;2025;15071,40
29 AGO 2025;29;viernes;agosto;2025;14935,80
01 SEP 2025;1;lunes;septiembre;2025;14939,40
02 SEP 2025;2;martes;septiembre;2025;14704,20
03 SEP 2025;3;miércoles;septiembre;2025;14789,40
04 SEP 2025;4;jueves;septiembre;2025;14918,30
05 SEP 2025;5;viernes;septiembre;2025;14850,90
08 SEP 2025;8;lunes;septiembre;2025;15002,20
09 SEP 2025;9;martes;septiembre;2025;15023,90
10 SEP 2025;10;miércoles;septiembre;2025;15217,50
11 SEP 2025;11;jueves;septiembre;2025;15321,30
12 SEP 2025;12;viernes;septiembre;2025;15308,20
15 SEP 2025;15;lunes;septiembre;2025;15395,10
16 SEP 2025;16;martes;septiembre;2025;15163,30
17 SEP 2025;17;miércoles;septiembre;2025;15127,20
18 SEP 2025;18;jueves;septiembre;2025;15175,40
19 SEP 2025;19;viernes;septiembre;2025;15260,70
22 SEP 2025;22;lunes;septiembre;2025;15082,50
23 SEP 2025;23;martes;septiembre;2025;15158,20
24 SEP 2025;24;miércoles;septiembre;2025;15194,60
25 SEP 2025;25;jueves;septiembre;2025;15153,70
26 SEP 2025;26;viernes;septiembre;2025;15350,40
29 SEP 2025;29;lunes;septiembre;2025;15316,30
30 SEP 2025;30;martes;septiembre;2025;15475,00
01 OCT 2025;1;miércoles;octubre;2025;15538,80
02 OCT 2025;2;jueves;octubre;2025;15496,20
03 OCT 2025;3;viernes;octubre;2025;15585,10
06 OCT 2025;6;lunes;octubre;2025;15556,70
07 OCT 2025;7;martes;octubre;2025;15527,00
08 OCT 2025;8;miércoles;octubre;2025;15678,30
09 OCT 2025;9;jueves;octubre;2025;15584,80
10 OCT 2025;10;viernes;octubre;2025;15476,50
13 OCT 2025;13;lunes;octubre;2025;15541,60
14 OCT 2025;14;martes;octubre;2025;15586,40
15 OCT 2025;15;miércoles;octubre;2025;15570,30
16 OCT 2025;16;jueves;octubre;2025;15645,80
17 OCT 2025;17;viernes;octubre;2025;15601,10
20 OCT 2025;20;lunes;octubre;2025;15828,30
21 OCT 2025;21;martes;octubre;2025;15767,10
22 OCT 2025;22;miércoles;octubre;2025;15781,60
23 OCT 2025;23;jueves;octubre;2025;15792,20
24 OCT 2025;24;viernes;octubre;2025;15861,50
27 OCT 2025;27;lunes;octubre;2025;16000,20
28 OCT 2025;28;martes;octubre;2025;16087,00
29 OCT 2025;29;miércoles;octubre;2025;16150,10
30 OCT 2025;30;jueves;octubre;2025;16040,30
31 OCT 2025;31;viernes;octubre;2025;16032,60
03 NOV 2025;3;lunes;noviembre;2025;16037,00
04 NOV 2025;4;martes;noviembre;2025;16036,40
05 NOV 2025;5;miércoles;noviembre;2025;16098,40
06 NOV 2025;6;jueves;noviembre;2025;16118,00
07 NOV 2025;7;viernes;noviembre;2025;15901,40
10 NOV 2025;10;lunes;noviembre;2025;16182,50
11 NOV 2025;11;martes;noviembre;2025;16388,80
12 NOV 2025;12;miércoles;noviembre;2025;16615,80
13 NOV 2025;13;jueves;noviembre;2025;16577,40
14 NOV 2025;14;viernes;noviembre;2025;16345,90
17 NOV 2025;17;lunes;noviembre;2025;16172,60
18 NOV 2025;18;martes;noviembre;2025;15827,00
19 NOV 2025;19;miércoles;noviembre;2025;15889,30
20 NOV 2025;20;jueves;noviembre;2025;15988,90
21 NOV 2025;21;viernes;noviembre;2025;15821,90
